# Matrix 1
[1.5323214078444858 -0.7392630428626439 0.7431540731536468; -0.7392630428626439 1.1650172169772754 -0.31303582627209725; 0.7431540731536468 -0.31303582627209725 1.1702966556866286]
[1.5545335701317151 -0.7697181130314118 0.7611642542970091; -0.7697181130314118 1.1884002245683754 -0.34942290963252626; 0.7611642542970091 -0.34942290963252626 1.1704814645876584]
[1.5463442990392064 -0.7511302944551287 -0.7604813166587682; -0.7511302944551287 1.1676438808895608 0.3333550850785951; -0.7604813166587682 0.3333550850785951 1.1811711921267118]
[1.2160757103881046 -0.4327343676487066 -0.4270247053184604; -0.4327343676487066 1.1765428371333173 -0.31465513547443663; -0.4270247053184604 -0.31465513547443663 1.1670492521198514]
[1.5435271892497073 -0.7592867618189463 -0.7551161998310332; -0.7592867618189463 1.1810881940660667 0.3370725153308652; -0.7551161998310332 0.3370725153308652 1.1731076779960705]
[1.2289311403301477 -0.4349876835307403 0.4361568368006867; -0.4349876835307403 1.1568300119648562 0.293927800140484; 0.4361568368006867 0.293927800140484 1.1665935324889303]
[1.1617593903658363 -0.42757399956772196 -0.4326287136298111; -0.42757399956772196 1.2141697099494477 -0.35828473059411836; -0.4326287136298111 -0.35828473059411836 1.2290231253443842]
[1.1597855533779862 -0.30995039592747775 -0.4241235719872249; -0.30995039592747775 1.1736758036003314 -0.42890492269743835; -0.4241235719872249 -0.42890492269743835 1.2150725946855025]
[1.1716061054069373 -0.32596283752272365 0.42146310284100924; -0.32596283752272365 1.1753348700071118 0.4204979746118338; 0.42146310284100924 0.4204979746118338 1.2051477203748708]
[1.2008654650783124 -0.39635159519021745 0.4073494933116607; -0.39635159519021745 1.1713054372968525 0.37973200888379166; 0.4073494933116607 0.37973200888379166 1.192600824669024]
[1.5481932249548263 -0.7646736767636622 0.7624814627118649; -0.7646736767636622 1.1744260049226607 -0.3513481809755605; 0.7624814627118649 -0.3513481809755605 1.187013628173853]
[1.2124795581801202 -0.4217902126296901 0.414469192068268; -0.4217902126296901 1.18110724019483 0.34837191978601983; 0.414469192068268 0.34837191978601983 1.1735733612492787]
[1.1944065081158997 -0.4252304378133257 0.40596016403026824; -0.4252304378133257 1.2134933814027664 0.3777078216000355; 0.40596016403026824 0.3777078216000355 1.1830446193846746]
[1.1805390994809313 -0.32827475443852155 0.42828457480234766; -0.32827475443852155 1.1642096506471011 0.41493783489138786; 0.42828457480234766 0.41493783489138786 1.2106781350899565]
[1.1592965887657742 0.2863253375604512 -0.4375586275597; 0.2863253375604512 1.1582492060450384 0.43010670569751663; -0.4375586275597 0.43010670569751663 1.224636007304927]
[1.16519949804639 -0.3533168558086262 -0.39276504024014375; -0.3533168558086262 1.1776539068833038 -0.4151170480107276; -0.39276504024014375 -0.4151170480107276 1.200664618136762]
[1.534828475237277 -0.7474017952216231 -0.7492253350720394; -0.7474017952216231 1.1642989325196964 0.3280326232900554; -0.7492253350720394 0.3280326232900554 1.1815007502962178]
[1.1804599745650506 0.3367765269000413 -0.4197656278875947; 0.3367765269000413 1.1699103868409706 0.4107858160309841; -0.4197656278875947 0.4107858160309841 1.2002723051747104]
[1.1653496280559992 0.31290657480880346 -0.4256408827719828; 0.31290657480880346 1.1695587963361984 0.42355403345818154; -0.4256408827719828 0.42355403345818154 1.2124361059825963]
[1.177358444518532 0.4017258052058579 -0.43021409441167835; 0.4017258052058579 1.2039343587491094 0.37817525125190804; -0.43021409441167835 0.37817525125190804 1.2116514403133327]
[1.2103067152107823 0.3660585691166591 -0.41691207616973747; 0.3660585691166591 1.216084662840754 0.4221731623917056; -0.41691207616973747 0.4221731623917056 1.1630322301576872]
[1.1679310321414171 -0.3432667956725149 0.41735828069493475; -0.3432667956725149 1.1861590905487087 0.41932547254847685; 0.41735828069493475 0.41932547254847685 1.208758869273051]
[1.1595723366700053 -0.4229908956007483 0.42405987336316653; -0.4229908956007483 1.2192476244334942 0.36338685926220116; 0.42405987336316653 0.36338685926220116 1.216906362607843]
[1.2063684768543996 0.4212705857580583 -0.4156100659151379; 0.4212705857580583 1.1803575266278492 0.33655135529158675; -0.4156100659151379 0.33655135529158675 1.1699984699943353]
[1.1671448817214924 -0.2902541483677391 0.437164909113788; -0.2902541483677391 1.1561275836515381 0.43106888015685835; 0.437164909113788 0.43106888015685835 1.2229868375697215]
[1.5435371050164008 -0.7572694116375316 -0.7508295408749088; -0.7572694116375316 1.1795990560646148 0.33277315441884364; -0.7508295408749088 0.33277315441884364 1.168529744606644]
[1.1912953687605743 0.3976171535597168 0.41487235622847984; 0.3976171535597168 1.1712804953390166 -0.37141027153989886; 0.41487235622847984 -0.37141027153989886 1.2030548986334582]
[1.2057093321755528 -0.41277500981518417 -0.42330981341341106; -0.41277500981518417 1.1693187772383613 -0.3359493090924633; -0.42330981341341106 -0.3359493090924633 1.18034805384489]
[1.5332000271396709 -0.7425077655974307 -0.7552103353730977; -0.7425077655974307 1.170340226708 0.3341706063193573; -0.7552103353730977 0.3341706063193573 1.1776982814989503]
[1.5457811861005306 0.7586419557177583 -0.7511576866982514; 0.7586419557177583 1.1774219240423798 -0.3316941798342231; -0.7511576866982514 -0.3316941798342231 1.170250929312394]
[1.216906037508083 -0.43353492343213745 -0.42754082541366895; -0.43353492343213745 1.1765151102182438 -0.3136546867973452; -0.42754082541366895 -0.3136546867973452 1.1666671947532061]
[1.543454730411446 -0.7589440143425603 -0.7553543083409046; -0.7589440143425603 1.1805591998024358 0.3368819350092769; -0.7553543083409046 0.3368819350092769 1.1736175778851132]
[1.2289146048341628 -0.43497389609767195 0.4361536611829761; -0.43497389609767195 1.1568392461507029 0.2939452707237926; 0.4361536611829761 0.2939452707237926 1.1665993023221972]
[1.2196832763741035 0.4346235810223308 -0.4209458631281402; 0.4346235810223308 1.1738872589359315 0.320840798462331; -0.4209458631281402 0.320840798462331 1.1674223926566183]
[1.2019697088758066 -0.4148444228209678 -0.41861451609613176; -0.4148444228209678 1.1752791185042184 -0.33312601551818455; -0.41861451609613176 -0.33312601551818455 1.1728961930102035]
[1.1598161278213979 -0.3094333001002359 -0.42415990467296494; -0.3094333001002359 1.1733821293984448 -0.42904760414427145; -0.42415990467296494 -0.42904760414427145 1.2150496773828017]
[1.1715923343202674 -0.325978444608397 0.42146396508663364; -0.325978444608397 1.175349043527351 0.4204950221397288; 0.42146396508663364 0.4204950221397288 1.2051593204801199]
[1.200711953449218 -0.3967139839071218 0.4074453434334031; -0.3967139839071218 1.1714962755152436 0.3795436323616554; 0.4074453434334031 0.3795436323616554 1.1928356008516616]
[1.5483348098604486 -0.7652480965266207 0.7622133505243779; -0.7652480965266207 1.1749036694750907 -0.35155099756255787; 0.7622133505243779 -0.35155099756255787 1.1866920512022168]
[1.2131445768172255 -0.42243069070954115 0.41449853561897126; -0.42243069070954115 1.1811089222513187 0.3475374167037792; 0.41449853561897126 0.3475374167037792 1.1727896711199108]
[1.1943888083901146 -0.42502681496034517 0.40597194726999947; -0.42502681496034517 1.21327718122888 0.3777239381411905; 0.40597194726999947 0.3777239381411905 1.1830926891727251]
[1.1804768989003596 -0.3283327265553741 0.42825640976554347; -0.3283327265553741 1.1643128462938868 0.4149904938613473; 0.42825640976554347 0.4149904938613473 1.2107142392621275]
[1.159241637613301 0.2857985962568988 -0.4377461895424671; 0.2857985962568988 1.1579623852420455 0.43009791730886765; -0.4377461895424671 0.43009791730886765 1.2246978678053013]
[1.1647545309406016 -0.3525025413939673 -0.39275325077824; -0.3525025413939673 1.1770542127021488 -0.41474796587467305; -0.39275325077824 -0.41474796587467305 1.2005601136799402]
[1.5351977219496207 -0.7478014907513718 -0.7496105822359884; -0.7478014907513718 1.1644983357640373 0.3285826439436552; -0.7496105822359884 0.3285826439436552 1.1816740223538507]
[1.165735885876884 0.3129161912702542 -0.4261032412506958; 0.3129161912702542 1.1692756560845892 0.4232836179247558; -0.4261032412506958 0.4232836179247558 1.2125350640757362]
[1.1799070847802053 0.4135499928051813 0.4239162643825354; 0.4135499928051813 1.1964421439684536 -0.37119612795411916; 0.4239162643825354 -0.37119612795411916 1.215258590030952]
[1.177229221776207 0.4018037042194532 -0.4299057291547383; 0.4018037042194532 1.2040519915426477 0.37825187701284035; -0.4299057291547383 0.37825187701284035 1.2114976465823535]
[1.2103894160136293 0.3660127431472173 -0.4169762216862512; 0.3660127431472173 1.2161189152260499 0.42219325591376616; -0.4169762216862512 0.42219325591376616 1.1629663879822187]
[1.1688934488805043 -0.33939250699997386 -0.409674496224161; -0.33939250699997386 1.1828021885169113 -0.4229069793999831; -0.409674496224161 -0.4229069793999831 1.2034037378053954]
[1.1595821335050418 -0.42307261318095707 0.42401358731656924; -0.42307261318095707 1.2192909990817933 0.3633717711475857; 0.42401358731656924 0.3633717711475857 1.2168759540103067]
[1.2064130882001798 0.42131705249037693 -0.4156170582882978; 0.42131705249037693 1.1802244255945742 0.3363161540070685; -0.4156170582882978 0.3363161540070685 1.169920383687375]
[1.1704628378747772 0.42445810578038323 -0.42328475883297195; 0.42445810578038323 1.213189988031771 0.3650317068705022; -0.42328475883297195 0.3650317068705022 1.2134714929159771]
[1.1670795981281765 -0.2902593728396805 0.4372981846482971; -0.2902593728396805 1.1562345066559083 0.43115398979814396; 0.4372981846482971 0.43115398979814396 1.2231678640397758]
[1.1977892696493662 -0.3813876805294947 0.4260043427192237; -0.3813876805294947 1.1705704345518606 0.37135799628883503; 0.4260043427192237 0.37135799628883503 1.1922977088125843]
[1.5409957403498284 -0.7547962796587016 -0.7495539170632795; -0.7547962796587016 1.1777601744750814 0.330533352123323; -0.7495539170632795 0.330533352123323 1.1693279408092054]
[1.1913920724064537 0.3975078818972698 0.4150475051023773; 0.3975078818972698 1.170841023496715 -0.371474121241767; 0.4150475051023773 -0.371474121241767 1.2035340082467891]
[1.1945941732999223 0.3546608949035319 -0.4263165301896142; 0.3546608949035319 1.1665585529533384 0.3993124829292002; -0.4263165301896142 0.3993124829292002 1.2015068767519044]
[1.2047792529919379 -0.4134547258443957 -0.4244234631972079; -0.4134547258443957 1.1694595725677313 -0.33441804413432447; -0.4244234631972079 -0.33441804413432447 1.1815590845319976]
[1.5328596472037677 -0.7420852181603521 -0.7550934616653119; -0.7420852181603521 1.1702141957372785 0.3339505744088997; -0.7550934616653119 0.3339505744088997 1.177645120627332]
[1.5451654044956316 0.756709312425185 -0.7519698957648003; 0.756709312425185 1.1753686240441394 -0.33089031164221444; -0.7519698957648003 -0.33089031164221444 1.1718511320615599]
[1.2177696049822107 -0.4343446448279509 -0.428083748048341; -0.4343446448279509 1.1764455621637844 -0.3126543216272992; -0.428083748048341 -0.3126543216272992 1.1663313370089283]
[1.543354907638782 -0.7585769395771524 -0.7555558245174366; -0.7585769395771524 1.1800428714222377 0.3366340009185033; -0.7555558245174366 0.3366340009185033 1.1740859176566978]
[1.2289033149557644 -0.43497328715037137 0.43614928436674866; -0.43497328715037137 1.1568468652590447 0.29394015800880446; 0.43614928436674866 0.29394015800880446 1.1665934956795359]
[1.2021462728749703 -0.41374314560106173 -0.4195028636793451; -0.41374314560106173 1.1732178341418211 -0.33390427294041614; -0.4195028636793451 -0.33390427294041614 1.1752820679266425]
[1.1598405274563177 -0.3089179325681901 -0.4242006385387841; -0.3089179325681901 1.1730956836773718 -0.4291963820208451; -0.4242006385387841 -0.4291963820208451 1.2150382053066047]
[1.1715783473485615 -0.3259942826654324 0.4214645968139001; -0.3259942826654324 1.175363455421601 0.42049146626944844; 0.4214645968139001 0.42049146626944844 1.2051702801702218]
[1.2005928624048283 -0.3967969752649017 0.4075542872828006; -0.3967969752649017 1.1716301951336694 0.3794975594346388; 0.4075542872828006 0.3794975594346388 1.1929667914479565]
[1.2138049215996847 -0.4230716687883468 0.41451641656403937; -0.4230716687883468 1.1811249924780622 0.3467161170343051; 0.41451641656403937 0.3467161170343051 1.1719988661303604]
[1.1943751534516787 -0.4248352150430077 0.4059872566125353; -0.4248352150430077 1.213067465877902 0.3777378654779669; 0.4059872566125353 0.3777378654779669 1.1831442375991192]
[1.1804171534372228 -0.3283691969983926 0.42823769939418416; -0.3283691969983926 1.1643986498670575 0.4150426206041784; 0.42823769939418416 0.4150426206041784 1.2107544838029727]
[1.1592486434620737 0.28522818041893877 -0.4379708770101289; 0.28522818041893877 1.1575786066992342 0.4300373857620754; -0.4379708770101289 0.4300373857620754 1.2247426073211733]
[1.164201903994748 -0.3515617743530488 -0.39266706029093684; -0.3515617743530488 1.176369356487679 -0.41432562764519903; -0.39266706029093684 -0.41432562764519903 1.2004049966027548]
[1.535541829938323 -0.748179699469989 -0.7499716457176209; -0.748179699469989 1.1646927873328794 0.32910338374272524; -0.7499716457176209 0.32910338374272524 1.1818343106993123]
[1.1678841039381218 0.3169316362452179 0.4276281396074208; 0.3169316362452179 1.1704315658054143 -0.42501333226076804; 0.4276281396074208 -0.42501333226076804 1.2161218879075715]
[1.1661112984775044 0.3128992488519208 -0.4265745390937628; 0.3128992488519208 1.168989910057409 0.42301834391680454; -0.4265745390937628 0.42301834391680454 1.212637965927795]
[1.1809859845742787 0.4127947758404134 0.4230334695068359; 0.4127947758404134 1.1954809308636642 -0.37201283441942334; 0.4230334695068359 -0.37201283441942334 1.214153725045057]
[1.1770911917606677 0.4018785454786002 -0.4295979039981041; 0.4018785454786002 1.2041745918098334 0.3783288256458265; -0.4295979039981041 0.3783288256458265 1.2113460022809457]
[1.210517560533121 0.365969190854171 -0.41706100437739985; 0.365969190854171 1.2160972042296145 0.42215696111517537; -0.41706100437739985 0.42215696111517537 1.1628767151525452]
[1.1595928259278112 -0.42315420610144966 0.4239700465046177; -0.42315420610144966 1.2193328728844486 0.3633561796185697; 0.4239700465046177 0.3633561796185697 1.216848427361939]
[1.2064670520506842 0.4213766249324185 -0.4156163986953018; 0.4213766249324185 1.180101348668395 0.3360685792062865; -0.4156163986953018 0.3360685792062865 1.169816910236992]
[1.1700693057623535 0.4240435557405961 -0.42331374548706424; 0.4240435557405961 1.2129614858273194 0.3650716803987515; -0.42331374548706424 0.3650716803987515 1.2137479935446012]
[1.1870342928241258 0.4221031149092107 0.4176710081207393; 0.4221031149092107 1.2061872614054345 -0.37181512965999536; 0.4176710081207393 -0.37181512965999536 1.201026022656186]
[1.167000120305246 -0.29023210128959404 0.4374439777622394; -0.29023210128959404 1.1563375809846603 0.43124595957622724; 0.4374439777622394 0.43124595957622724 1.2233578955136042]
[1.1656894303910355 0.4216644332871398 -0.42219788604571806; 0.4216644332871398 1.2134298030043014 0.36404381692038523; -0.42219788604571806 0.36404381692038523 1.213246937049855]
[1.5429057002705664 -0.7566113196754597 -0.7507211655368531; -0.7566113196754597 1.1799516102059455 0.3328752432081909; -0.7507211655368531 0.3328752432081909 1.168032699222277]
[1.191510332526074 0.3974324325585833 0.4152102479709614; 0.3974324325585833 1.170428054632867 -0.3715409383006901; 0.4152102479709614 -0.3715409383006901 1.2039890334178331]
[1.204755908494409 -0.4135748912426751 -0.4241995812145369; -0.4135748912426751 1.1697708471240829 -0.3345179183327737; -0.4241995812145369 -0.3345179183327737 1.1812566514158325]
[1.2019859698279154 -0.42062715379161675 0.4055967598714891; -0.42062715379161675 1.1982676839999615 0.3593245877916216; 0.4055967598714891 0.3593245877916216 1.1674487180325495]
[1.532502636084716 -0.7416472434307114 -0.7549654813486855; -0.7416472434307114 1.1700865939834475 0.33371999541765374; -0.7549654813486855 0.33371999541765374 1.1775846818855886]
[1.208240330229112 -0.41332142028111396 -0.4224832537276464; -0.41332142028111396 1.1747895070684213 -0.35103614807603173; -0.4224832537276464 -0.35103614807603173 1.1862744741261584]
[1.1950787069063475 -0.3484579460876478 0.42275885960665943; -0.3484579460876478 1.168971984885639 0.41003300147250465; 0.42275885960665943 0.41003300147250465 1.1999591491521195]
[1.54385175731709 -0.7514949621715975 -0.7553935504776269; -0.7514949621715975 1.1714376690269912 0.3301044484062589; -0.7553935504776269 0.3301044484062589 1.1753618664137504]
[1.218653889651913 -0.43515205218364067 -0.4286456233496403; -0.43515205218364067 1.1763354541597542 -0.31165990004353783; -0.4286456233496403 -0.31165990004353783 1.1660387392678184]
[1.5432335424953978 -0.7581851456773046 -0.75572673508434; -0.7581851456773046 1.1795307046328987 0.33632844068187545; -0.75572673508434 0.33632844068187545 1.174520978424704]
[1.228898665327488 -0.43498720337287206 0.436142833728307; -0.43498720337287206 1.1568537510547547 0.2939131478356933; 0.436142833728307 0.2939131478356933 1.1665749009413664]
[1.2041424997770067 -0.41538081582412445 -0.4201496880493831; -0.41538081582412445 1.1723689115938172 -0.33311152250637754; -0.4201496880493831 -0.33311152250637754 1.1756689377531029]
[1.159859068500885 -0.30840566104251455 -0.4242435956572346; -0.30840566104251455 1.1728156575806958 -0.429350968012171; -0.4242435956572346 -0.429350968012171 1.2150373850975271]
[1.1715644564811225 -0.3260095948782395 0.42146510751237987; -0.3260095948782395 1.1753779254116468 0.42048870574997876; 0.42146510751237987 0.42048870574997876 1.2051812870853216]
[1.2004816672346723 -0.39684994611514707 0.4076609914597579; -0.39684994611514707 1.17175998552833 0.37946815327508826; 0.4076609914597579 0.37946815327508826 1.1930783717066287]
[1.2144571639123025 -0.4237119965262408 0.4145229707673914; -0.4237119965262408 1.1811550591286855 0.34591147863559935; 0.4145229707673914 0.34591147863559935 1.1712070196048714]
[1.1943613256071446 -0.4246534905763427 0.4060031018605364; -0.4246534905763427 1.2128664630913126 0.3777496012678281; 0.4060031018605364 0.3777496012678281 1.1831960577848113]
[1.180360276698219 -0.3284287155455621 0.4282100276680851; -0.3284287155455621 1.1644989180953629 0.4150928862286336; 0.4282100276680851 0.4150928862286336 1.2107878128088432]
[1.1593415587446712 0.2846021537918657 -0.43824882971950396; 0.2846021537918657 1.1570611343424941 0.42990819421022736; -0.43824882971950396 0.42990819421022736 1.2247719947102083]
[1.1641890193150415 -0.35119692877935077 -0.3930103061380327; -0.35119692877935077 1.1760655745260942 -0.4141249084304144; -0.3930103061380327 -0.4141249084304144 1.200513549941814]
[1.5358778405078612 -0.7485434066944522 -0.7503336737437738; -0.7485434066944522 1.1648854609905925 0.32961765437992085; -0.7503336737437738 0.32961765437992085 1.18199160572715]
[1.1853477679613345 0.3416519593438498 -0.4212356054822354; 0.3416519593438498 1.1684330332232395 0.4106166113603209; -0.4212356054822354 0.4106166113603209 1.20271495798746]
[1.1664780356649818 0.31285399009159887 -0.4270553838198286; 0.31285399009159887 1.1686998144340488 0.42275960009218294; -0.4270553838198286 0.42275960009218294 1.2127448138664365]
[1.1749295339018135 -0.41078197653820153 0.4111227843587635; -0.41078197653820153 1.195357171654762 0.37209094086595934; 0.4111227843587635 0.37209094086595934 1.206092819166894]
[1.1769444442663004 0.4019488258432472 -0.4292925779519108; 0.4019488258432472 1.2043011736222995 0.37840576506111007; -0.4292925779519108 0.37840576506111007 1.2111975936914874]
[1.210697549719039 0.36592808888889916 -0.41717103133765826; 0.36592808888889916 1.2160158876990452 0.4220612267505762; -0.41717103133765826 0.4220612267505762 1.1627623618816054]
[1.1635383548649465 -0.4386220406264008 0.4229573739003241; -0.4386220406264008 1.231930200299437 0.3692303705008358; 0.4229573739003241 0.3692303705008358 1.2215934193397557]
[1.159599390854307 -0.4232171155738438 0.42394015663135365; -0.4232171155738438 1.2193636013139242 0.36334137238233244; 0.42394015663135365 0.36334137238233244 1.216831887882585]
[1.2065289240505905 0.42145169471932237 -0.41560683012671945; 0.42145169471932237 1.1799926263445244 0.3358085439494584; -0.41560683012671945 0.3358085439494584 1.1696862975088196]
[1.1695361808259779 0.4235387800429014 -0.42336603552271324; 0.4235387800429014 1.2127003723010323 0.3651014829267897; -0.42336603552271324 0.3651014829267897 1.2141260582793127]
[1.1669112068180243 -0.29017706153393247 0.43759996638012744; -0.29017706153393247 1.1564359001462676 0.43134137729858263; 0.43759996638012744 0.43134137729858263 1.2235515488918038]
[1.168963707123982 0.4223805868364694 -0.4220259614648198; 0.4223805868364694 1.2155502669723168 0.3648521706934699; -0.4220259614648198 0.3648521706934699 1.2089696735856053]
[1.1916616303116476 0.39740377158914614 0.4153588118409016; 0.39740377158914614 1.1700576664390665 -0.37161786797025914; 0.4153588118409016 -0.37161786797025914 1.2044102139805206]
[1.5407379067993026 -0.7472244180538309 -0.7583218548075541; -0.7472244180538309 1.1675190911116944 0.3333467988231197; -0.7583218548075541 0.3333467988231197 1.1808320767687472]
[1.2047250061441994 -0.41367848453029576 -0.42398725887907246; -0.41367848453029576 1.1700590152434451 -0.3346153757563277; -0.42398725887907246 -0.3346153757563277 1.1809780098836893]
[1.5321415526322275 -0.741205580778234 -0.7548330336227028; -0.741205580778234 1.1699608544709443 0.3334846667193972; -0.7548330336227028 0.3334846667193972 1.177518852789282]
[1.210169677162065 -0.4140171438648211 -0.4232800998769053; -0.4140171438648211 1.171574096634027 -0.3507893923439551; -0.4232800998769053 -0.3507893923439551 1.1888461924634703]
[1.1947496197106504 -0.3492608263957337 0.4218237865620078; -0.3492608263957337 1.1695911839265654 0.4102483838949161; 0.4218237865620078 0.4102483838949161 1.1996947837285037]
[1.5422935470527206 -0.7499467556032542 -0.7539561565237801; -0.7499467556032542 1.170711723980016 0.3282245536042395; -0.7539561565237801 0.3282245536042395 1.174803818966747]
[1.2195799474531264 -0.43598866902595457 -0.42923727957346636; -0.43598866902595457 1.1761883868689655 -0.31063359278739133; -0.42923727957346636 -0.31063359278739133 1.1657735015652153]
[1.5430810820663345 -0.7577707695760252 -0.7558581254935993; -0.7577707695760252 1.1790318517399285 0.3359630563717852; -0.7558581254935993 0.3359630563717852 1.1749166967183249]
[1.2288993935303256 -0.4350154864065466 0.4361343200220522; -0.4350154864065466 1.15685954939178 0.293863308762103; 0.4361343200220522 0.293863308762103 1.1665441870531597]
[1.1784014815660941 0.33190912332525235 -0.4282025272561218; 0.33190912332525235 1.168755437284328 0.41465405183128917; -0.4282025272561218 0.41465405183128917 1.2112520166536438]
[1.2061531086230435 -0.417533045611457 -0.42059019257576047; -0.417533045611457 1.1718240368149735 -0.3313083463510847; -0.42059019257576047 -0.3313083463510847 1.175117262396984]
[1.1598732285153208 -0.3078954994122487 -0.42429143238403866; -0.3078954994122487 1.17254158100232 -0.4295103296518932; -0.42429143238403866 -0.4295103296518932 1.2150469583254704]
[1.1715505106191408 -0.32602493668418064 0.421466375495201; -0.32602493668418064 1.1753918757326012 0.420485091134563; 0.421466375495201 0.420485091134563 1.2051927869173527]
[1.2003689187446285 -0.39690790484122074 0.4077696941565531; -0.39690790484122074 1.1718894143730514 0.37943599305887726; 0.4077696941565531 0.37943599305887726 1.1931962664672138]
[1.2151051112062448 -0.4243533248401429 0.41451833412640365; -0.4243533248401429 1.181197099673038 0.345118245768016; 0.41451833412640365 0.345118245768016 1.1704091175789464]
[1.1943457201381453 -0.42447836466554767 0.4060194262571831; -0.42447836466554767 1.212671244940791 0.37776001897584394; 0.4060194262571831 0.37776001897584394 1.1832500703113502]
[1.180314917666271 -0.3284436324726549 0.42819933479509587; -0.3284436324726549 1.1645571987519296 0.41513381110023545; 0.42819933479509587 0.41513381110023545 1.2108183950639035]
[1.1595790753684483 0.2839113287188024 -0.4386071929033941; 0.2839113287188024 1.1563408003699276 0.4296606251889695; -0.4386071929033941 0.4296606251889695 1.224766501760919]
[1.1645569369698865 -0.3512503748253783 -0.3936467219695271; -0.3512503748253783 1.1760377144894252 -0.4140802716148613; -0.3936467219695271 -0.4140802716148613 1.2008018547442074]
[1.5361849032467512 -0.7488809486819195 -0.75066784541909; -0.7488809486819195 1.1650702445883374 0.33009647877118226; -0.75066784541909 0.33009647877118226 1.1821347132955555]
[1.1668378648443272 0.31278096812792094 -0.42754418543021655; 0.31278096812792094 1.1684018401966578 0.42250879901514193; -0.42754418543021655 0.42250879901514193 1.212857621605872]
[1.1767890813480246 0.40201602435792727 -0.4289875157251451; 0.40201602435792727 1.204432619581094 0.3784825869185676; -0.4289875157251451 0.3784825869185676 1.2110504811515745]
[1.1607231735839452 -0.43705087776928564 0.42150567368223313; -0.43705087776928564 1.2262994942862098 0.3687604451735319; 0.42150567368223313 0.3687604451735319 1.2265517208710923]
[1.1595994757790378 -0.4232403469055432 0.42393666460096513; -0.4232403469055432 1.2193704879771379 0.363328720678343; 0.42393666460096513 0.363328720678343 1.2168339976681615]
[1.2065959093133556 0.42154346820136235 -0.41558699132115284; 0.42154346820136235 1.1799006007311459 0.3355333541763756; -0.41558699132115284 0.3355333541763756 1.1695264090914912]
[1.1688051296882427 0.4229145235284343 -0.4234530958478174; 0.4229145235284343 1.212398978616489 0.3651142335957284; -0.4234530958478174 0.3651142335957284 1.2146508467548496]
[1.1723706942197198 0.42390128029586355 0.4134885328509965; 0.42390128029586355 1.213391435919695 -0.3687304622563503; 0.4134885328509965 -0.3687304622563503 1.203776095497201]
[1.1668107709917377 -0.2900889196513348 0.4377677802116866; -0.2900889196513348 1.1565264241062752 0.4314382718143096; 0.4377677802116866 0.4314382718143096 1.2237489034568452]
[1.168343884507445 0.42132141893346414 -0.4223651900960022; 0.42132141893346414 1.2126421297920138 0.3644342480693409; -0.4223651900960022 0.3644342480693409 1.2113568807123696]
[1.1918433689146204 0.39741171134883 0.41549812749269555; 0.39741171134883 1.1697149477853528 -0.3716947915321962; 0.41549812749269555 -0.3716947915321962 1.204800100697333]
[1.5413792000834607 -0.7477337829132832 -0.7597499661747524; -0.7477337829132832 1.1675199884528336 0.3351233151859194; -0.7597499661747524 0.3351233151859194 1.1820081758752377]
[1.2047163860354118 -0.4138071623900597 -0.42376547785481145; -0.4138071623900597 1.1703751246352672 -0.3347182799762864; -0.42376547785481145 -0.3347182799762864 1.1806695423202136]
[1.531769959429035 -0.7407549562965914 -0.7546921156080472; -0.7407549562965914 1.1698377731705927 0.3332409338533132; -0.7546921156080472 0.3332409338533132 1.177444331344749]
[1.19436715867056 -0.34997326725978717 0.42090867114708236; -0.34997326725978717 1.170196675931783 0.41046939210820577; 0.42090867114708236 0.41046939210820577 1.199438479809168]
[1.540908959038718 0.7525130845122798 -0.7480449573104336; 0.7525130845122798 1.1736453521938557 -0.3257610660381349; -0.7480449573104336 -0.3257610660381349 1.1701044191341254]
[1.2205288446277927 -0.43684873516628603 -0.4298408849621547; -0.43684873516628603 1.176011738857079 -0.30958561903085; -0.4298408849621547 -0.30958561903085 1.1655328581193223]
[1.2289054050307826 -0.43505824691242884 0.43612348523120975; -0.43505824691242884 1.156865132314099 0.29379126834132413; 0.43612348523120975 0.29379126834132413 1.1665009865731168]
[1.2077251037577705 -0.4193213666398726 -0.4210054508709805; -0.4193213666398726 1.171302163729424 -0.32928946168833306; -0.4210054508709805 -0.32928946168833306 1.174402389457232]
[1.1598837789605851 -0.30738977302183507 -0.42434207276420816; -0.30738977302183507 1.172273545307118 -0.4296741427217939; -0.42434207276420816 -0.4296741427217939 1.2150657194793135]
[1.1715360501140528 -0.32603984630063043 0.42146724531760965; -0.32603984630063043 1.1754063792541343 0.4204819272305765; 0.42146724531760965 0.4204819272305765 1.2052039153104668]
[1.2002525241726194 -0.39697227344604047 0.4078783932629269; -0.39697227344604047 1.1720206346504205 0.37940177239502104; 0.4078783932629269 0.37940177239502104 1.1933205039465338]
[1.2157472946817447 -0.42499406138398343 0.4145039115644715; -0.42499406138398343 1.1812515460788635 0.34433833539137326; 0.4145039115644715 0.34433833539137326 1.169607811066323]
[1.1943326960661296 -0.4243112988152092 0.4060369243255936; -0.4243112988152092 1.2124810174879612 0.37777023644942387; 0.4060369243255936 0.37777023644942387 1.1833059344537333]
[1.1802599683346635 -0.328515414532712 0.4281675702774138; -0.328515414532712 1.16466344081882 0.41518452876667894; 0.4281675702774138 0.41518452876667894 1.2108514807743918]
[1.1600252051853541 0.28312860034335596 -0.43908915666574044; 0.28312860034335596 1.1553293412851464 0.4292527175895127; -0.43908915666574044 0.4292527175895127 1.2247288194681658]
[1.1648825648386665 -0.35126421019403986 -0.394245277689001; -0.35126421019403986 1.1759830857792124 -0.41401388785383586; -0.394245277689001 -0.41401388785383586 1.2010637135469948]
[1.5364714074103447 -0.7491931593718485 -0.7509880062418985; -0.7491931593718485 1.1652467420637111 0.3305507936164939; -0.7509880062418985 0.3305507936164939 1.1822693471583283]
[1.1748903784651832 0.39333397048607377 0.4006496861288982; 0.39333397048607377 1.187443804829786 -0.37878347617273894; 0.4006496861288982 -0.37878347617273894 1.1920002150068958]
[1.1671935243855278 0.31267930213269696 -0.42804526364383416; 0.31267930213269696 1.1680950775254382 0.4222666231629137; -0.42804526364383416 0.4222666231629137 1.2129788127289258]
[1.176624615278085 0.4020787641303983 -0.42868385414002563; 0.4020787641303983 1.2045688415878013 0.378559864464564; -0.42868385414002563 0.378559864464564 1.2109056141374197]
[1.1595991760838775 -0.42326255147051084 0.42393407721480514; -0.42326255147051084 1.2193774685891239 0.36331640861116066; 0.42393407721480514 0.36331640861116066 1.21683663631143]
[1.2066668034946246 0.4216523068507607 -0.41555432196027225; 0.4216523068507607 1.1798294061584926 0.3352474107039801; -0.41555432196027225 0.3352474107039801 1.1693362460713752]
[1.167792986344494 0.4221368605724246 -0.4235932151706152; 0.4221368605724246 1.2120469354060996 0.36509279839323244; -0.4235932151706152 0.36509279839323244 1.2153897941590373]
[1.1667008325873809 -0.28996760781194714 0.4379483516198838; -0.28996760781194714 1.156609455820681 0.43153709923123607; 0.4379483516198838 0.43153709923123607 1.2239490368446244]
[1.1710175097298274 0.42117499375681966 -0.4243007956263743; 0.42117499375681966 1.2132817603230046 0.36423419337237184; -0.4243007956263743 0.36423419337237184 1.2095716599824706]
[1.1920460683486551 0.39746116780308355 0.41561626761703785; 0.39746116780308355 1.1694225163780845 -0.37178294213497276; 0.41561626761703785 -0.37178294213497276 1.20514916997638]
[1.5423124391028336 -0.7487695497523585 -0.7608426593105966; -0.7487695497523585 1.1680683305093995 0.3367563336661506; -0.7608426593105966 0.3367563336661506 1.182542065635869]
[1.2047279639291808 -0.41394662172429586 -0.42354956365419627; -0.41394662172429586 1.1706820408716574 -0.33481508875118154; -0.42354956365419627 -0.33481508875118154 1.1803610232830866]
[1.5313743190716664 -0.740278860770522 -0.7545366549411229; -0.740278860770522 1.169712808569562 0.3329806885557392; -0.7545366549411229 0.3329806885557392 1.1773573741547625]
[1.1939362695573859 -0.3506027653410031 -0.42332576970176344; -0.3506027653410031 1.1707926835861726 -0.40949427181710624; -0.42332576970176344 -0.40949427181710624 1.2012985682970156]
[1.5394066443567611 0.7513035579338418 -0.745283640855719; 0.7513035579338418 1.1726530248859892 -0.3227044952397259; -0.745283640855719 -0.3227044952397259 1.168883284209526]
[1.2214935669438365 -0.43773073639597615 -0.43044981529205284; -0.43773073639597615 1.175808774439994 -0.3085194173569039; -0.43044981529205284 -0.3085194173569039 1.1653156167793381]
[1.228916469666903 -0.4351136540835897 0.4361110246380753; -0.4351136540835897 1.1568695750566242 0.2936978028562887; 0.4361110246380753 0.2936978028562887 1.166445994287989]
[1.208841412795937 -0.4205860401848401 -0.42137905340441534; -0.4205860401848401 1.1710801033873508 -0.3277542767206862; -0.42137905340441534 -0.3277542767206862 1.1737307711205005]
[1.5571062271405904 -0.7663141950603495 0.7768756785575504; -0.7663141950603495 1.1749174054806952 -0.3601128384132111; 0.7768756785575504 -0.3601128384132111 1.193221198805092]
[1.1598895780749903 -0.3068857104568651 -0.42439714663746775; -0.3068857104568651 1.1720100109673983 -0.42984181980972885; -0.42439714663746775 -0.42984181980972885 1.2150948694793997]
[1.1715225631026303 -0.3260554451100803 0.42146822374870424; -0.3260554451100803 1.1754206006332404 0.4204789140829266; 0.42146822374870424 0.4204789140829266 1.205215245073461]
[1.200136419263561 -0.3970435200844255 0.40798658420933204; -0.3970435200844255 1.1721548254426577 0.37936448566993464; 0.40798658420933204 0.37936448566993464 1.1934449127837659]
[1.194325259272101 -0.42415121825583324 0.4060577889476426; -0.42415121825583324 1.212292178956868 0.3777786293829231; 0.4060577889476426 0.3777786293829231 1.183363676900679]
[1.1802188366087099 -0.3285308392527891 0.42815686902723055; -0.3285308392527891 1.1647181570755685 0.4152232958560279; 0.42815686902723055 0.4152232958560279 1.2108797563746747]
[1.1651625976108626 -0.3512360078367123 -0.39480219864837846; -0.3512360078367123 1.1758993029596623 -0.4139238068947235; -0.39480219864837846 -0.4139238068947235 1.2012967354807107]
[1.5367444959088283 -0.7494843626010909 -0.7512899712689348; -0.7494843626010909 1.1654055973239636 0.33097268922883; -0.7512899712689348 0.33097268922883 1.1823985459271502]
[1.2076231716839965 0.42110162409470636 -0.41660150606007895; 0.42110162409470636 1.1838496117605477 0.3409642912802331; -0.41660150606007895 0.3409642912802331 1.1702232240249524]
[1.1675496121139919 0.3125510325629066 -0.4285561790260807; 0.3125510325629066 1.1677771316745398 0.4220361170237105; -0.4285561790260807 0.4220361170237105 1.2131086192701381]
[1.1764518094466936 0.40213799263505096 -0.4283809964142161; 0.40213799263505096 1.2047094640452882 0.37863698939432655; -0.4283809964142161 0.37863698939432655 1.2107623097229774]
[1.1595986291278195 -0.4232858467415851 0.4239308058945109; -0.4232858467415851 1.2193855299729925 0.36330393404109473; 0.4239308058945109 0.36330393404109473 1.2168387497288096]
[1.2067410201966298 0.42177572198095603 -0.41551126497959645; 0.42177572198095603 1.179778174281355 0.33495462755922967; -0.41551126497959645 0.33495462755922967 1.1691208772629071]
[1.1663746495269554 0.42115941129684653 -0.4238199913523814; 0.42115941129684653 1.2116322128117094 0.36500892358419507; -0.4238199913523814 0.36500892358419507 1.2164505082563861]
[1.1817431912014733 0.3431748212032605 -0.4163487477331858; 0.3431748212032605 1.174525882755139 0.41376226922350046; -0.4163487477331858 0.41376226922350046 1.1999113806387525]
[1.1791045838590586 0.4315219118456833 -0.41973209318444665; 0.4315219118456833 1.215385669941738 0.36710469325753464; -0.41973209318444665 0.36710469325753464 1.2078433329520377]
[1.1922783502918837 0.39755300320540665 0.41572080775831144; 0.39755300320540665 1.169169777703868 -0.3718751374537621; 0.41572080775831144 -0.3718751374537621 1.2054609541173833]
[1.542247058634389 -0.7487891868327432 -0.7606198965840517; -0.7487891868327432 1.168126046698795 0.33656033157150694; -0.7606198965840517 0.33656033157150694 1.182358260581793]
[1.2047376222794572 -0.41407934932702684 -0.42334066795878883; -0.41407934932702684 1.170981371269678 -0.3349103780333619; -0.42334066795878883 -0.3349103780333619 1.180061132273917]
[1.5309796382337342 -0.7398081400409039 -0.7543755003505268; -0.7398081400409039 1.1695930085374828 0.33271860716695406; -0.7543755003505268 0.33271860716695406 1.17726423002469]
[1.5650235731335866 0.7801495196784006 0.7729223649868614; 0.7801495196784006 1.1951000628472976 0.40185130347763115; 0.7729223649868614 0.40185130347763115 1.1746300443188111]
[1.5540171840154775 -0.7703557444362097 0.7614741349809445; -0.7703557444362097 1.1863272618500715 -0.3511063580635192; 0.7614741349809445 -0.3511063580635192 1.1739096160937799]
[1.1934616530499114 -0.3511529262702606 -0.4231877323859151; -0.3511529262702606 1.1713798763803214 -0.4093035654465485; -0.4231877323859151 -0.4093035654465485 1.2013662229155666]
[1.5375481253974546 0.750618273195934 -0.741452362456099; 0.750618273195934 1.1731000745113978 -0.31942852958985885; -0.741452362456099 -0.31942852958985885 1.1660705172986319]
[1.222476803996715 -0.4386464970970897 -0.43106385832118604; -0.4386464970970897 1.175584472900644 -0.3074159017475215; -0.43106385832118604 -0.3074159017475215 1.1651088720174778]
[1.2289334540275156 -0.435183000727239 0.43609681725552707; -0.435183000727239 1.1568732735401606 0.29358105772064935; 0.43609681725552707 0.29358105772064935 1.166377483635448]
[1.2097575043143418 -0.4216085084056803 -0.42170173947256223; -0.4216085084056803 1.1714943520084382 -0.3268311612770284; -0.42170173947256223 -0.3268311612770284 1.1728968165848426]
[1.159893536615385 -0.30638791907251767 -0.4244555410769031; -0.30638791907251767 1.1717521867416123 -0.430012128195653; -0.4244555410769031 -0.430012128195653 1.2151320788671354]
[1.171508181062573 -0.3260702028876679 0.42146900515825547; -0.3260702028876679 1.1754350761063463 0.42047609310511086; 0.42146900515825547 0.42047609310511086 1.2052264419865848]
[1.200017851510827 -0.39712112432884683 0.40809491737570064; -0.39712112432884683 1.1722925502691055 0.37932502749173963; 0.40809491737570064 0.37932502749173963 1.1935727089324852]
[1.1943133577108729 -0.4239993716880972 0.40607894801524164; -0.4239993716880972 1.212114284477064 0.3777852128080955; 0.40607894801524164 0.3777852128080955 1.1834222695423633]
[1.1801687860459324 -0.32857890591849603 0.42813264747720947; -0.32857890591849603 1.1648035951670497 0.41526823266201013; 0.42813264747720947 0.41526823266201013 1.210908793420816]
[1.1653971422633584 -0.35116216581519916 -0.39532085709340686; -0.35116216581519916 1.1757832793978111 -0.41380770770940345; -0.39532085709340686 -0.41380770770940345 1.201501367640781]
[1.2079154684984494 0.42137748710268624 -0.41674725423984454; 0.42137748710268624 1.1837494874650436 0.34024226230176813; -0.41674725423984454 0.34024226230176813 1.169777240718396]
[1.1679079960019587 0.3123980663331276 -0.42907768537737256; 0.3123980663331276 1.16744725206197 0.42182057824335023; -0.42907768537737256 0.42182057824335023 1.2132516663229067]
[1.1762705664166815 0.4021939223153742 -0.4280795203054529; 0.4021939223153742 1.2048553504733297 0.37871366032281323; -0.4280795203054529 0.37871366032281323 1.2106203551997994]
[1.161350130280084 -0.4383729216000619 0.4223734699398644; -0.4383729216000619 1.2307181885440148 0.3694361573094738; 0.4223734699398644 0.3694361573094738 1.22451065357423]
[1.15959850578136 -0.423308232154255 0.42392801045789064; -0.423308232154255 1.2193922127791932 0.3632915826436847; 0.42392801045789064 0.3632915826436847 1.2168414258226075]
[1.2068140447082605 0.421918907331254 -0.41545352101620825; 0.421918907331254 1.179755673608921 0.33465218525154955; -0.41545352101620825 0.33465218525154955 1.1688744868515726]
[1.1643610926000616 0.41991978422620013 -0.42419776731877623; 0.41991978422620013 1.211136611629706 0.3648134797024438; -0.42419776731877623 0.3648134797024438 1.218013636546939]
[1.1813475249538141 0.3429467688946522 -0.4163169775285564; 0.3429467688946522 1.1747906947253204 0.414038465134196; -0.4163169775285564 0.414038465134196 1.200071164563166]
[1.1925327833534454 0.3976852101454635 0.4158084687077659; 0.3976852101454635 1.1689656057512186 -0.3719679156493604; 0.4158084687077659 -0.3719679156493604 1.2057251780302705]
[1.5424509540242446 -0.7489710264972643 -0.760895897455501; -0.7489710264972643 1.1681955009421452 0.33690210265960013; -0.760895897455501 0.33690210265960013 1.1825200998431808]
[1.2047498985722573 -0.41421136796014746 -0.4231344062094005; -0.41421136796014746 1.1712838328267654 -0.33500025241926906; -0.4231344062094005 -0.33500025241926906 1.1797524702712416]
[1.5305753894500291 -0.7393273377383109 -0.7542065831724715; -0.7393273377383109 1.1694771491216338 0.33244587986140994; -0.7542065831724715 0.33244587986140994 1.177159997188919]
[1.2124523815428663 0.41863087736840215 -0.4205257321484936; 0.41863087736840215 1.173666303102495 0.3509581324501607; -0.4205257321484936 0.3509581324501607 1.186493215798424]
[1.190256203665003 -0.39246458974123083 -0.40435438262160717; -0.39246458974123083 1.1747238905327548 -0.3862011273718407; -0.40435438262160717 -0.3862011273718407 1.1993103947745056]
[1.1929470035355532 -0.3516284492630177 -0.4230738291077797; -0.3516284492630177 1.1719642133353556 -0.4091815046081406; -0.4230738291077797 -0.4091815046081406 1.2014997581166935]
[1.228953968691759 -0.4352654125338029 0.43608003846316556; -0.4352654125338029 1.1568770233906212 0.29344283844862123; 0.43608003846316556 0.29344283844862123 1.1662969780279426]
[1.2225520807247157 0.43174429311107027 -0.4302626992982446; 0.43174429311107027 1.163217443193927 0.3075051986476396; -0.4302626992982446 0.3075051986476396 1.169541868078147]
[1.210925308561859 -0.42288897951500737 -0.4222500111040003; -0.42288897951500737 1.1717185334860236 -0.32515337948216755; -0.4222500111040003 -0.32515337948216755 1.1717942622616049]
[1.159894291622356 -0.3058909542376233 -0.4245174429072567; -0.3058909542376233 1.171497108529355 -0.43018659233010853; -0.4245174429072567 -0.43018659233010853 1.2151784719052137]
[1.171493907745898 -0.3260850714936997 0.4214702969567786; -0.3260850714936997 1.1754494178642958 0.42047304092705023; 0.4214702969567786 0.42047304092705023 1.2052380420446105]
[1.199901133417099 -0.39720106544588063 0.4082007535024315; -0.39720106544588063 1.172427796815475 0.3792846894730262; 0.4082007535024315 0.3792846894730262 1.1937002258514857]
[1.1943048078396519 -0.4238525501765079 0.4060999383137537; -0.4238525501765079 1.2119376716551493 0.3777915724412441; 0.4060999383137537 0.3777915724412441 1.1834810236416171]
[1.1801215947125836 -0.3286200182222613 0.4281117274987815; -0.3286200182222613 1.1648814728934254 0.41531145182995344; 0.4281117274987815 0.41531145182995344 1.2109377612343841]
[1.165580126813007 -0.35103930601945293 -0.3957934886152515; -0.35103930601945293 1.175633458442844 -0.4136658345507332; -0.3957934886152515 -0.4136658345507332 1.201674581539499]
[1.2082332827987503 0.42167671223866043 -0.4168993288944886; 0.42167671223866043 1.1836524317030606 0.3394840920379342; -0.4168993288944886 0.3394840920379342 1.1692992801965032]
[1.1682743756018963 0.31222421161363406 -0.42960896523471015; 0.31222421161363406 1.167103821159793 0.4216240262652618; -0.42960896523471015 0.4216240262652618 1.2134105034708311]
[1.1760803876000365 0.4022462276049523 -0.42777815042902845; 0.4022462276049523 1.2050061572679305 0.37879078691482526; -0.42777815042902845 0.37879078691482526 1.21047981439582]
[1.1595980947066673 -0.42333010279963074 0.42392581719436356; -0.42333010279963074 1.2193979156491082 0.36327873557120116; 0.42392581719436356 0.36327873557120116 1.2168450090136298]
[1.206880781577602 0.42207546428699727 -0.4153835682913398; 0.42207546428699727 1.1797618276417883 0.33435129237725036; -0.4153835682913398 0.33435129237725036 1.1686087911620666]
[1.1614930670527728 0.41835722081911697 -0.42484155248732447; 0.41835722081911697 1.2105508898519792 0.36442157591999547; -0.42484155248732447 0.36442157591999547 1.220353379571362]
[1.181021840068378 0.3427294843894939 -0.41631237575032287; 0.3427294843894939 1.174987173969187 0.4142613830230711; -0.41631237575032287 0.4142613830230711 1.200213723511809]
[1.1753083596776237 0.4310315391769375 -0.41451877647088536; 0.4310315391769375 1.2215336721167882 0.3675181039201514; -0.41451877647088536 0.3675181039201514 1.2000801267776784]
[1.1928029230271335 0.3978514054129929 0.41587262184883794; 0.3978514054129929 1.1688144260363988 -0.3720737110306119; 0.41587262184883794 -0.3720737110306119 1.2059428292737864]
[1.5427785136968548 -0.7493140153622734 -0.7612679866000377; -0.7493140153622734 1.168363935955561 0.33742736256561384; -0.7612679866000377 0.33742736256561384 1.1827036801181299]
[1.2047589070257663 -0.4143284793813876 -0.42293682702748014; -0.4143284793813876 1.1715646987429402 -0.3350992705741592; -0.42293682702748014 -0.3350992705741592 1.1794711889552802]
[1.5301569020076211 -0.7388354901128797 -0.754026595292427; -0.7388354901128797 1.1693606505204412 0.3321653814749305; -0.754026595292427 0.3321653814749305 1.1770494218836947]
[1.2125547601695914 0.4188124594244724 -0.4204521951822377; 0.4188124594244724 1.1739575939485472 0.35087464389061146; -0.4204521951822377 0.35087464389061146 1.1861261165590191]
[1.5396432249086658 -0.746764829942481 0.7539309834350645; -0.746764829942481 1.166185858224145 -0.3277523936911996; 0.7539309834350645 -0.3277523936911996 1.1788236614105825]
[1.1923969023441212 -0.3520324061987679 -0.42298621886290977; -0.3520324061987679 1.1725443185924993 -0.4091260302336013; -0.42298621886290977 -0.4091260302336013 1.2016989584954347]
[1.2289786060239132 -0.4353599131327859 0.436061465231252; -0.4353599131327859 1.156880073086374 0.2932825033661291; 0.436061465231252 0.2932825033661291 1.1662038585718977]
[1.2126412963895028 -0.4242955415977619 -0.42382313953982903; -0.4242955415977619 1.169237817113222 -0.32059790505586555; -0.42382313953982903 -0.32059790505586555 1.1713703791278423]
[1.159893434602531 -0.30539815811442034 -0.42458395443512686; -0.30539815811442034 1.1712460019747004 -0.43036387901873974; -0.42458395443512686 -0.43036387901873974 1.2152339884486232]
[1.1714798110340061 -0.3260999348914747 0.4214713626894131; -0.3260999348914747 1.1754636923750754 0.42046990228678727; 0.4214713626894131 0.42046990228678727 1.20524922066257]
[1.1997820646526303 -0.3972896173078038 0.4083070221447804; -0.3972896173078038 1.1725670321283754 0.3792418063918871; 0.4083070221447804 0.3792418063918871 1.1938327594516447]
[1.2144289529511019 -0.42365457504535997 0.41450413413165516; -0.42365457504535997 1.1813819832983015 0.34627021100722366; 0.41450413413165516 0.34627021100722366 1.1712723450006963]
[1.194296111769448 -0.4237149554246865 0.40612075468945513; -0.4237149554246865 1.2117697739035125 0.3777963136708312; 0.40612075468945513 0.3777963136708312 1.1835391439181793]
[1.180094736452857 -0.328613262736633 0.4281108955355994; -0.328613262736633 1.164908911681491 0.4153437784568762; 0.4281108955355994 0.4153437784568762 1.2109622499062722]
[1.1689209574832995 0.35085352371050654 0.40932272030065714; 0.35085352371050654 1.1922468392682337 -0.4187552798567669; 0.40932272030065714 -0.4187552798567669 1.200280411903412]
[1.1657107382052794 -0.3508635500934037 -0.3962214842693982; -0.3508635500934037 1.1754458227976847 -0.4134954411976505; -0.3962214842693982 -0.4134954411976505 1.2018161071404048]
[1.2085785593377627 0.42200156379855835 -0.41705817610566265; 0.42200156379855835 1.1835622267112875 0.3386899603915913; -0.41705817610566265 0.3386899603915913 1.1687866526677035]
[1.1686512369436048 0.31203405714034127 -0.4301485304622236; 0.31203405714034127 1.166746935332893 0.4214522755475868; -0.4301485304622236 0.4214522755475868 1.2135909526361732]
[1.175882233690711 0.40229551654505086 -0.42747790730599367; 0.40229551654505086 1.205161953906684 0.3788672169253056; -0.42747790730599367 0.3788672169253056 1.2103401946654204]
[1.1716195126192834 -0.40296090939873314 0.41277095585021184; -0.40296090939873314 1.1996689769431417 0.3687175600651303; 0.41277095585021184 0.3687175600651303 1.1955987727434316]
[1.1595975637823301 -0.4233522979427586 0.42392317519628603; -0.4233522979427586 1.2194052685942434 0.3632665175523996; 0.42392317519628603 0.3632665175523996 1.216847555135652]
[1.206933715725426 0.42223643407496686 -0.4152977798673331; 0.42223643407496686 1.1798061551228638 0.33408332699090587; -0.4152977798673331 0.33408332699090587 1.168338367641925]
[1.5439070352080204 -0.7546966462843002 -0.7491110854682338; -0.7546966462843002 1.1776496630819893 0.3303543645001354; -0.7491110854682338 0.3303543645001354 1.1659471712962142]
[1.1930873810658233 0.3980543287147062 0.41591456250904174; 0.3980543287147062 1.1687218179810566 -0.3721835621504685; 0.41591456250904174 -0.3721835621504685 1.2061049222438425]
[1.5431232206980243 -0.7497134097011852 -0.7616089834117489; -0.7497134097011852 1.168585786633199 0.3379640023880147; -0.7616089834117489 0.3379640023880147 1.1828408692008745]
[1.2047891614222404 -0.4144603669628054 -0.4227431896001767; -0.4144603669628054 1.1718492344253781 -0.33518719432472044; -0.4227431896001767 -0.33518719432472044 1.1791732958596812]
[1.1727050096574059 0.3293514037643693 -0.4273910320656889; 0.3293514037643693 1.1670022898859531 0.41286189082136626; -0.4273910320656889 0.41286189082136626 1.2136495672405212]
[1.2126421310381068 0.4189870819069884 -0.42037407888740724; 0.4189870819069884 1.1742571492382583 0.350788504534757; -0.42037407888740724 0.350788504534757 1.1857516428507915]
[1.5403013077405283 -0.7478840465430017 0.7548474809932666; -0.7478840465430017 1.1669176336025633 -0.32949124434474014; 0.7548474809932666 -0.32949124434474014 1.1793352873318446]
[1.1918120943738877 -0.35236588454071105 -0.4229299152973216; -0.35236588454071105 1.1731244549705886 -0.4091381192152314; -0.4229299152973216 -0.4091381192152314 1.2019658735162064]
[1.2128582904625331 -0.42450538989411296 -0.42390476881738154; -0.42450538989411296 1.1697844611304562 -0.3206568732151248; -0.42390476881738154 -0.3206568732151248 1.1709526420442555]
[1.15989165889907 -0.3049103229249454 -0.4246539986442664; -0.3049103229249454 1.1709983220237707 -0.43054311456540884; -0.4246539986442664 -0.43054311456540884 1.215297219153134]
[1.171465380828549 -0.3261144256665972 0.4214723590727975; -0.3261144256665972 1.1754783265282067 0.4204678578210337; 0.4214723590727975 0.4204678578210337 1.205261057888593]
[1.199661230934101 -0.3973855807660822 0.4084127237278958; -0.3973855807660822 1.1727110242059646 0.3791952370834272; 0.4084127237278958 0.3791952370834272 1.1939656094132913]
[1.2130314174743988 -0.4222713223954476 0.414467454071055; -0.4222713223954476 1.1814700232023905 0.348187115091611; 0.414467454071055 0.348187115091611 1.1729679951520704]
[1.1942876462736722 -0.42358091197138237 0.40614117016256224; -0.42358091197138237 1.2116049816830483 0.3778011390180488; 0.40614117016256224 0.3778011390180488 1.1835973429536677]
[1.1800510572924154 -0.3286578114539997 0.42808867915720494; -0.3286578114539997 1.1649852647219725 0.41538532124743166; 0.42808867915720494 0.41538532124743166 1.210989450963568]
[1.1657862534384695 -0.3506324873832394 -0.3966027885944727; -0.3506324873832394 1.1752188673113393 -0.4132958408854293; -0.3966027885944727 -0.4132958408854293 1.2019251676339333]
[1.2089528612463945 0.4223544976687309 -0.4172231798363654; 0.4223544976687309 1.1834802277452237 0.33785944041722127; -0.4172231798363654 0.33785944041722127 1.1682380116369377]
[1.1690442634353355 0.3118377516289989 -0.43069318801088513; 0.3118377516289989 1.1663803268142168 0.4213136817684327; -0.43069318801088513 0.4213136817684327 1.2137978940507934]
[1.1756754452678573 0.4023409618970242 -0.4271786145360888; 0.4023409618970242 1.2053225617715841 0.3789436751898855; -0.4271786145360888 0.3789436751898855 1.2102020350464144]
[1.159597272704799 -0.4233738131713999 0.4239211353934982; -0.4233738131713999 1.219411031341767 0.36325460237410473; 0.4239211353934982 0.36325460237410473 1.2168516372744707]
[1.206978347163546 0.42241419823636306 -0.41520221649232464; 0.42241419823636306 1.179881240136207 0.3338139379356994; -0.41520221649232464 0.3338139379356994 1.1680517781050064]
[1.1721471611068057 0.4182459300996797 -0.42365084920335533; 0.4182459300996797 1.2131548963065713 0.3658739744756368; -0.42365084920335533 0.3658739744756368 1.2062739479842888]
[1.5435442008903582 -0.7534957580221242 -0.7493448447440209; -0.7534957580221242 1.1754100830799235 0.32941267013568; -0.7493448447440209 0.32941267013568 1.1676436854740764]
[1.1746573493410903 -0.3999176428306234 -0.4136060132822025; -0.3999176428306234 1.1895919674589583 -0.3763973911387746; -0.4136060132822025 -0.3763973911387746 1.2076989803258062]
[1.1933827198427602 0.3982863417588417 0.4159387088806019; 0.3982863417588417 1.168673652030308 -0.372296213841586; 0.4159387088806019 -0.372296213841586 1.206224909992357]
[1.5434786234422455 -0.7501424945336818 -0.7619422747218539; -0.7501424945336818 1.16883397233473 0.3385151925803472; -0.7619422747218539 0.3385151925803472 1.1829621004391777]
[1.2048074598673377 -0.4145732248749374 -0.4225548575701864; -0.4145732248749374 1.1721240017348955 -0.3352825198340619; -0.4225548575701864 -0.3352825198340619 1.1788905377351768]
[1.212713426479581 0.4191502996749661 -0.4202929648733758; 0.4191502996749661 1.1745584406353438 0.3507040522736747; -0.4202929648733758 0.3507040522736747 1.1853786968455045]
[1.5414360162086163 -0.7482475179765221 0.7561435954608589; -0.7482475179765221 1.1660723713684547 -0.3304095760476419; 0.7561435954608589 -0.3304095760476419 1.1806415975064364]
[1.1911955839752935 -0.35263060264771084 -0.4229102787519605; -0.35263060264771084 1.1737046580841537 -0.4092162604913106; -0.4229102787519605 -0.4092162604913106 1.2023030022452754]
[1.2102714033192195 0.42617273539366085 -0.41953545041382984; 0.42617273539366085 1.1719372109212591 0.31828545454617274; -0.41953545041382984 0.31828545454617274 1.1665319174398228]
[1.2118527986062648 -0.4239264630014953 -0.42294195385253097; -0.4239264630014953 1.1702615401774739 -0.3224110009683454; -0.42294195385253097 -0.3224110009683454 1.1715422265344333]
[1.1598893671436956 -0.30442536857146596 -0.424728449659758; -0.30442536857146596 1.1707525267607584 -0.4307251693391855; -0.424728449659758 -0.4307251693391855 1.215369168915105]
[1.1714508457562085 -0.32612897179264233 0.42147365139435816; -0.32612897179264233 1.175492739891086 0.42046490936600694; 0.42147365139435816 0.42046490936600694 1.2052726608552542]
[1.1995397201330626 -0.3974836191244917 0.408516281367056; -0.3974836191244917 1.1728523740230914 0.3791486319095778; 0.408516281367056 0.3791486319095778 1.1941018245519646]
[1.2117022683713075 -0.4209755483189798 0.41438615882345614; -0.4209755483189798 1.181627137658943 0.3500560192705473; 0.41438615882345614 0.3500560192705473 1.1745292417297364]
[1.1942803433871116 -0.4234561696787286 0.4061657829228745; -0.4234561696787286 1.2114461690480212 0.3778030693236479; 0.4061657829228745 0.3778030693236479 1.1836595788006168]
[1.180011119568914 -0.32869280531953 0.4280700813368928; -0.32869280531953 1.1650519666201182 0.41542219951561293; 0.4280700813368928 0.41542219951561293 1.2110127906241164]
[1.1658072046590955 -0.35034383148766945 -0.3969383817763894; -0.35034383148766945 1.1749487503640488 -0.4130640487503171; -0.3969383817763894 -0.4130640487503171 1.202000924509148]
[1.209358164515825 0.42273632155940116 -0.4173947839986756; 0.42273632155940116 1.18340943261325 0.33699491873114296; -0.4173947839986756 0.33699491873114296 1.1676520105969783]
[1.1694555809105247 0.31164602336095354 -0.43123879442739876; 0.31164602336095354 1.1660079953113498 0.4212183074942269; -0.43123879442739876 0.4212183074942269 1.2140406762636313]
[1.17545948240772 0.4023837531749028 -0.42687858748152857; 0.4023837531749028 1.2054894559617406 0.37902021098000116; -0.42687858748152857 0.37902021098000116 1.210063932882635]
[1.2055522481589642 -0.41341572865993065 0.41418315882020135; -0.41341572865993065 1.189330780362782 0.3802060992465271; 0.41418315882020135 0.3802060992465271 1.1944867871539786]
[1.207014602681202 0.42261715350570495 -0.41509555297019723; 0.42261715350570495 1.1799954120770522 0.33353021596175075; -0.41509555297019723 0.33353021596175075 1.1677360396742416]
[1.1622599141387033 0.41764738177065486 -0.4246351830884541; 0.41764738177065486 1.2096565872994645 0.36493187103478153; -0.4246351830884541 0.36493187103478153 1.219923597766429]
[1.1758059723910974 0.4269888472493853 0.4322018309991141; 0.4269888472493853 1.2167461079248751 -0.36486665349102543; 0.4322018309991141 -0.36486665349102543 1.216407439572281]
[1.201267316280419 -0.42551451072291624 -0.40660982474741897; -0.42551451072291624 1.1979030528226429 -0.37490935490241384; -0.40660982474741897 -0.37490935490241384 1.1897476144620438]
[1.1976684528943136 -0.420898127414622 -0.3888552538479725; -0.420898127414622 1.208281495976071 -0.3886640200405585; -0.3888552538479725 -0.3886640200405585 1.1739263621534106]
[1.5430299104152405 -0.7522795182378156 -0.749342741450728; -0.7522795182378156 1.1734022278513254 0.32823638544150535; -0.749342741450728 0.32823638544150535 1.1690352679339673]
[1.1936811917129082 0.3985438529784574 0.4159378624681398; 0.3985438529784574 1.1686843172287882 -0.37241592696942527; 0.4159378624681398 -0.37241592696942527 1.2062891415355916]
[1.5438457617740327 -0.750590442570317 -0.7622896773062222; -0.750590442570317 1.1690924803425877 0.3390949663314615; -0.7622896773062222 0.3390949663314615 1.1830927043961663]
[1.2048325572437584 -0.41468335488319624 -0.4223786887378372; -0.41468335488319624 1.1723805868914496 -0.33536139752466887; -0.4223786887378372 -0.33536139752466887 1.178613443209289]
[1.2127539766703515 0.41929500344662146 -0.42019854745502233; 0.41929500344662146 1.1748712532956564 0.3506360778802407; -0.42019854745502233 0.3506360778802407 1.1850086479702135]
[1.1905480850055867 -0.3528257367462572 -0.42293359039424716; -0.3528257367462572 1.1742873229403028 -0.4093613074637739; -0.42293359039424716 -0.4093613074637739 1.202713703430923]
[1.2107663709341756 -0.4233090625199309 -0.422084967409045; -0.4233090625199309 1.1701545925600083 -0.32343413601424464; -0.422084967409045 -0.32343413601424464 1.1721985794606324]
[1.5420359932398764 -0.7540726988163011 0.753090955208239; -0.7540726988163011 1.177263724786352 -0.33309310907736916; 0.753090955208239 -0.33309310907736916 1.1714014932614103]
[1.17143681331799 -0.3261436321920731 0.42147454980241505; -0.3261436321920731 1.1755072945211926 0.42046232659960264; 0.42147454980241505 0.42046232659960264 1.2052837101188678]
[1.1994193174881878 -0.39758662998005406 0.4086195494921287; -0.39758662998005406 1.172995744920868 0.3790998631058812; 0.4086195494921287 0.3790998631058812 1.194237573248176]
[1.1942734713317589 -0.42333447429534204 0.40618733052065575; -0.42333447429534204 1.2112918892531166 0.3778054754420208; 0.40618733052065575 0.3778054754420208 1.1837173997757828]
[1.179973811965752 -0.32872343537057974 0.4280532910764267; -0.32872343537057974 1.1651135573804658 0.41546132840833105; 0.4280532910764267 0.41546132840833105 1.2110386793077543]
[1.1657728337451891 -0.3499979624920025 -0.3972264471716784; -0.3499979624920025 1.1746363465368257 -0.4128005363563901; -0.3972264471716784 -0.4128005363563901 1.2020423736436514]
[1.2098048544583284 0.42315826096703874 -0.4175755692596488; 0.42315826096703874 1.1833560933881884 0.33608175938343327; -0.4175755692596488 0.33608175938343327 1.1670124416850471]
[1.1698854833988814 0.3114756963399678 -0.431777134269318; 0.3114756963399678 1.165642898257351 0.42118208590207357; -0.431777134269318 0.42118208590207357 1.2143288405373358]
[1.1752358724685195 0.4024232349644777 -0.4265800156777309; 0.4024232349644777 1.2056612001852047 0.3790956998417064; -0.4265800156777309 0.3790956998417064 1.2099262542469367]
[1.205554816021538 -0.4134205761244985 0.41420976169078066; -0.4134205761244985 1.1893376353260412 0.3801972653562061; 0.41420976169078066 0.3801972653562061 1.1945008753387525]
[1.207038023401586 0.4228422076659821 -0.41497924605838366; 0.4228422076659821 1.1801489959603968 0.33323998911359615; -0.41497924605838366 0.33323998911359615 1.1674010062243656]
[1.162150780443214 0.41802069852177975 -0.4244771107596505; 0.41802069852177975 1.2102317339285709 0.36482938262749365; -0.4244771107596505 0.36482938262749365 1.219596527078704]
[1.2011761889096142 -0.4260574162292644 -0.40652878813832843; -0.4260574162292644 1.1983171719233627 -0.37477312757500697; -0.40652878813832843 -0.37477312757500697 1.1897751010340418]
[1.1977394224512927 -0.4206834450700265 -0.38856337507019156; -0.4206834450700265 1.2083439699648915 -0.3888306021250357; -0.38856337507019156 -0.3888306021250357 1.1734498030021463]
[1.5434616901918286 -0.7533715658361161 -0.7493260686242007; -0.7533715658361161 1.1750212002880869 0.3292057767149081; -0.7493260686242007 0.3292057767149081 1.1679880594361713]
[1.1939859510089341 0.39882517607670903 0.415920653656391; 0.39882517607670903 1.168738562187771 -0.37253502320164983; 0.415920653656391 -0.37253502320164983 1.2063095483504365]
[1.5442250168890355 -0.751051034855842 -0.7626603599363377; -0.751051034855842 1.1693514983731348 0.33970923782642454; -0.7626603599363377 0.33970923782642454 1.1832448282621137]
[1.2048693827094712 -0.41479475569588675 -0.4222065757996149; -0.41479475569588675 1.1726351767764376 -0.33544122637602114; -0.4222065757996149 -0.33544122637602114 1.1783327787421383]
[1.1692613735452306 0.32284440101657785 -0.4267232318732562; 0.32284440101657785 1.167157434265061 0.41526792897478887; -0.4267232318732562 0.41526792897478887 1.212698015501254]
[1.1898717736834983 -0.3529478589591887 -0.42301074229595204; -0.3529478589591887 1.1748714726692502 -0.409573200932731; -0.42301074229595204 -0.409573200932731 1.2032045549168215]
[1.2096660245792688 -0.4227101052356317 -0.42146370478909617; -0.4227101052356317 1.1691162981770906 -0.32322663478388314; -0.42146370478909617 -0.32322663478388314 1.172931150925193]
[1.171421833992729 -0.32615762623349864 0.4214757514853587; -0.32615762623349864 1.1755218120192577 0.42045974981584977; 0.4214757514853587 0.42045974981584977 1.2052954302534074]
[1.199292253375007 -0.3977013790497548 0.40872520651204236; -0.3977013790497548 1.1731441691565119 0.3790464957079185; 0.40872520651204236 0.3790464957079185 1.194384733307791]
[1.1942674683288121 -0.42321870621948626 0.4062107767171898; -0.42321870621948626 1.2111418286399374 0.3778067400317558; 0.4062107767171898 0.3778067400317558 1.183777157720519]
[1.1799477382779398 -0.3287191873480432 0.42805142412338293; -0.3287191873480432 1.165142072609709 0.4154914450807074; 0.42805142412338293 0.4154914450807074 1.2110603930149493]
[1.1701598560822501 0.3485545691195106 -0.41262080068304213; 0.3485545691195106 1.189226751854465 0.4171954325572132; -0.41262080068304213 0.4171954325572132 1.2015985210043474]
[1.5828258175777103 -0.7879657953871094 0.7860889440737014; -0.7879657953871094 1.1997086282987284 -0.3943857399545232; 0.7860889440737014 -0.3943857399545232 1.1728602526049183]
[1.1703293439895381 0.3113477463435395 -0.4322935036495394; 0.3113477463435395 1.1653021792891942 0.4212258252131133; -0.4322935036495394 0.4212258252131133 1.2146746690140586]
[1.1750035652074913 0.40246011622944244 -0.42628139318444713; 0.40246011622944244 1.2058386081051455 0.3791707573836886; -0.42628139318444713 0.3791707573836886 1.2097890362253751]
[1.205556197449699 -0.41342465925545857 0.41423459976330834; -0.41342465925545857 1.1893449785492614 0.3801867736985919; 0.41423459976330834 0.3801867736985919 1.1945114158257044]
[1.2070467793550632 0.4230931084855682 -0.4148556555897922; 0.4230931084855682 1.180344672106697 0.33293974170433144; -0.4148556555897922 0.33293974170433144 1.1670488476931722]
[1.1614433205854946 0.41870447382158743 -0.4243451506826505; 0.41870447382158743 1.211366170046861 0.3644613447531078; -0.4243451506826505 0.3644613447531078 1.2194654443883948]
[1.200943947680455 -0.4264975320087118 -0.40635778954432744; -0.4264975320087118 1.1987810667594123 -0.3746690549965135; -0.40635778954432744 -0.3746690549965135 1.1897288443466134]
[1.1978464197139307 -0.4206687057212323 -0.388698952632587; -0.4206687057212323 1.208258924444631 -0.3886181234180652; -0.388698952632587 -0.3886181234180652 1.17333682209833]
[1.5440786138046527 -0.7543322345635142 -0.749648907904987; -0.7543322345635142 1.1762637069980542 0.33022420607142117; -0.749648907904987 0.33022420607142117 1.1673376824308586]
[1.1942863131153956 0.39912284324248415 0.4158839000201305; 0.39912284324248415 1.168841389409158 -0.3726569720884264; 0.4158839000201305 -0.3726569720884264 1.2062844688181065]
[1.5446134590157514 -0.751519684416625 -0.7630535163373598; -0.751519684416625 1.1696098880399883 0.3403527563539726; -0.7630535163373598 0.3403527563539726 1.1834176015215325]
[1.2048913537495163 -0.4148813216564224 -0.4220461935931535; -0.4148813216564224 1.1728663308311753 -0.33552884478058903; -0.4220461935931535 -0.33552884478058903 1.1780848863251263]
[1.1685236573400664 0.32122395335352066 -0.4259621745584522; 0.32122395335352066 1.1676044569564021 0.41589508939862635; -0.4259621745584522 0.41589508939862635 1.2113856989805503]
[1.5418917549111157 -0.7494678795880345 0.7599309046972011; -0.7494678795880345 1.1737521418258456 -0.33644649959534706; 0.7599309046972011 -0.33644649959534706 1.1770965770785387]
[1.2091689388471318 -0.42244222608953763 -0.4208377551084888; -0.42244222608953763 1.170574758132419 -0.32510460420601855; -0.4208377551084888 -0.32510460420601855 1.172796623159625]
[1.1714066829544976 -0.326171562915937 0.4214765525942968; -0.326171562915937 1.1755366879009765 0.42045767789753274; 0.4214765525942968 0.42045767789753274 1.2053070211587849]
[1.1991679014272192 -0.3978155931734275 0.40882612963841347; -0.3978155931734275 1.1732909858531018 0.37899364125531876; 0.40882612963841347 0.37899364125531876 1.194526107882725]
[1.1942626189163756 -0.4231066623785333 0.40623500509162674; -0.4231066623785333 1.210994063696377 0.3778079671193374; 0.40623500509162674 0.3778079671193374 1.1838381170962942]
[1.1799148325859152 -0.3287575046856656 0.4280322934571856; -0.3287575046856656 1.1652043818430504 0.41552434731713733; 0.4280322934571856 0.41552434731713733 1.211079720242661]
[1.5829949194632613 -0.788167551949513 0.7861739044003184; -0.788167551949513 1.1998427131788683 -0.3943677034922323; 0.7861739044003184 -0.3943677034922323 1.172842589679413]
[1.1707782851872437 0.31128915653827954 -0.4327685966787744; 0.31128915653827954 1.165016166890788 0.42137854589367263; -0.4327685966787744 0.42137854589367263 1.215090621731609]
[1.1747621160641781 0.4024937314230502 -0.4259826210137368; 0.4024937314230502 1.206022161658767 0.3792457488427569; -0.4259826210137368 0.3792457488427569 1.2096518387356776]
[1.2055605393677566 -0.41343080868772375 0.4142607243721269; -0.41343080868772375 1.1893497682085918 0.380176921394722; 0.4142607243721269 0.380176921394722 1.1945256236471251]
[1.2070381587387926 0.42337083888042926 -0.4147226021752745; 0.42337083888042926 1.1805886199556743 0.3326369599880007; -0.4147226021752745 0.3326369599880007 1.1666819658603427]
[1.1604627982286766 0.4196487112082738 -0.42439419055441063; 0.4196487112082738 1.2128107300374202 0.36389386975789834; -0.42439419055441063 0.36389386975789834 1.2196077030194556]
[1.2003047519599033 -0.4264264737976826 -0.4059493796597232; -0.4264264737976826 1.1992495319852712 -0.37471830373306675; -0.4059493796597232 -0.37471830373306675 1.1894660683686877]
[1.1975943888976888 -0.4207026395046181 -0.3895063241751855; -0.4207026395046181 1.2076649457660464 -0.38846334522132714; -0.3895063241751855 -0.38846334522132714 1.1748619955627961]
[1.5445930617236439 -0.7551504081044116 -0.7499098390508985; -0.7551504081044116 1.1773877432942812 0.33107828283304774; -0.7499098390508985 0.33107828283304774 1.166718387293894]
[1.194585175417384 0.39943585148429084 0.4158299287349566; 0.39943585148429084 1.1689850121609298 -0.3727766546538452; 0.4158299287349566 -0.3727766546538452 1.206215207917636]
[1.5450048494549582 -0.751990701987636 -0.7634554877294655; -0.751990701987636 1.169864885611079 0.3410095569943127; -0.7634554877294655 0.3410095569943127 1.1836016703012373]
[1.20493992840236 -0.41498586496014633 -0.42189019145255285; -0.41498586496014633 1.1731098747093698 -0.3355945102269272; -0.42189019145255285 -0.3355945102269272 1.1777997336177386]
[1.1716629169589092 -0.41154367443260526 0.4115284248771214; -0.41154367443260526 1.2012116920553242 0.37051232672608414; 0.4115284248771214 0.37051232672608414 1.203329520916244]
[1.17540580621835 0.32484249443025165 -0.424503694877998; 0.32484249443025165 1.1646197766199025 0.4167940588521224; -0.424503694877998 0.4167940588521224 1.2102519274523067]
[1.54132633891299 -0.7457047934866237 0.7613169362551859; -0.7457047934866237 1.1688227076996023 -0.33421494545319325; 0.7613169362551859 -0.33421494545319325 1.1803975579996617]
[1.5405352734489637 -0.7549652651415956 -0.7542002211767536; -0.7549652651415956 1.1774027464632215 0.33186497530191095; -0.7542002211767536 0.33186497530191095 1.174948686734853]
[1.2089126881558014 -0.42228030419991214 -0.42045899397528613; -0.42228030419991214 1.1720166759002744 -0.3266651539831602; -0.42045899397528613 -0.3266651539831602 1.1725037780524274]
[1.1713922970044894 -0.32618564547963574 0.4214780045852745; -0.32618564547963574 1.175551427056697 0.4204558483137604; 0.4214780045852745 0.4204558483137604 1.2053190185524931]
[1.199039327936411 -0.3979410411488786 0.4089294332882064; -0.3979410411488786 1.173443194037434 0.3789357728369841; 0.4089294332882064 0.3789357728369841 1.1946751894851209]
[1.194257477683464 -0.42300191789105984 0.4062587649996092; -0.42300191789105984 1.2108527391174437 0.3778073772754355; 0.4062587649996092 0.3778073772754355 1.183898319355999]
[1.179887113767874 -0.3287643407649578 0.4280261389858518; -0.3287643407649578 1.1652417386483598 0.41555496035396977; 0.4280261389858518 0.41555496035396977 1.2111006255547394]
[1.1666622332030407 -0.3500920533503088 -0.3987522272575356; -0.3500920533503088 1.1744419143213578 -0.41245081382762533; -0.3987522272575356 -0.41245081382762533 1.2025880440382146]
[1.1712075027438242 0.31132941792023205 -0.43316754368824656; 0.31132941792023205 1.1648269822485209 0.42167956284037483; -0.43316754368824656 0.42167956284037483 1.2155901336299428]
[1.174512219642885 0.4025247842220598 -0.42568373586171476; 0.4025247842220598 1.2062117518601252 0.37932013674673903; -0.42568373586171476 0.37932013674673903 1.2095142837581534]
[1.2055625500811427 -0.41343594674401146 0.41428742077518793; -0.41343594674401146 1.1893576166996571 0.3801670670313476; 0.41428742077518793 0.3801670670313476 1.1945386593962244]
[1.207007354255089 0.42367395743610753 -0.414587834703348; 0.42367395743610753 1.1808801523256498 0.33232549542339807; -0.414587834703348 0.33232549542339807 1.1663066686153114]
[1.172339479670574 0.4216537729153579 -0.423049175146697; 0.4216537729153579 1.214201954123615 0.3651445648398696; -0.423049175146697 0.3651445648398696 1.2072943607730575]
[1.5450011544493532 -0.7558667433929938 -0.7500774779846006; -0.7558667433929938 1.1784628264117298 0.33178279477370576; -0.7500774779846006 0.33178279477370576 1.166072498183268]
[1.1948737611850866 0.3997553738204887 0.41576000876298813; 0.3997553738204887 1.1691685401740985 -0.3728980639840561; 0.41576000876298813 -0.3728980639840561 1.2061078630216067]
[1.5453878752776105 -0.7524617876587483 -0.7638457629380226; -0.7524617876587483 1.1701237724458864 0.34166031019091; -0.7638457629380226 0.34166031019091 1.1837794071338836]
[1.2049522519638007 -0.415049430739093 -0.4217431648901412; -0.415049430739093 1.1733204140817934 -0.3356692381830356; -0.4217431648901412 -0.3356692381830356 1.1775607486822015]
[1.5408259890056717 -0.755260488069 -0.7543803453391165; -0.755260488069 1.1775483750956688 0.33227905613751135; -0.7543803453391165 0.33227905613751135 1.1749540595486077]
[1.2088981479950098 -0.42228954226143633 -0.42033117005594933; -0.42228954226143633 1.1731250458989204 -0.32750654381645744; -0.42033117005594933 -0.32750654381645744 1.1720664369641811]
[1.1713773879725142 -0.3261995688531024 0.4214788351931788; -0.3261995688531024 1.1755661819346819 0.4204531864143328; 0.4214788351931788 0.4204531864143328 1.2053299251939846]
[1.1989103349831354 -0.39806836925791406 0.40903038747576675; -0.39806836925791406 1.1735950666316142 0.37887824975186796; 0.40903038747576675 0.37887824975186796 1.194825038857259]
[1.1942536088622309 -0.4228997584531885 0.40628337390856345; -0.4228997584531885 1.2107131520063046 0.3778070074036393; 0.40628337390856345 0.3778070074036393 1.1839592931360305]
[1.1798478003313 -0.3288038415458067 0.4280046768260757; -0.3288038415458067 1.165310949795551 0.4155938034038857; 0.4280046768260757 0.4155938034038857 1.211124096796767]
[1.1687862720004976 0.3244803503162788 -0.422750873787688; 0.3244803503162788 1.1752987343665608 0.42313005143098537; -0.422750873787688 0.42313005143098537 1.2105080926455198]
[1.1673345459269062 -0.3505375270851384 -0.3995202200907012; -0.3505375270851384 1.1746551353797454 -0.4125123641913687; -0.3995202200907012 -0.4125123641913687 1.2029405091182912]
[1.1896081916958858 0.3482853056953531 -0.417804543890215; 0.3482853056953531 1.1687304576588604 0.40803968949637254; -0.417804543890215 0.40803968949637254 1.198421890797297]
[1.1715763071726757 0.3114981126169503 -0.43343585907768856; 0.3114981126169503 1.1647933494636178 0.4221812864661215; -0.43343585907768856 0.4221812864661215 1.2161795401221909]
[1.174253266289467 0.40255330191371536 -0.42538458385276695; 0.40255330191371536 1.206407544398357 0.3793939361964442; -0.42538458385276695 0.3793939361964442 1.2093767311674959]
[1.205564661382776 -0.4134408181524195 0.4143121224045489; -0.4134408181524195 1.1893646142193546 0.3801577569511613; 0.4143121224045489 0.3801577569511613 1.1945506640547685]
[1.1659989937891255 0.4198925407543414 -0.41989329234706985; 0.4198925407543414 1.2119699628718255 0.365208424632902; -0.41989329234706985 0.365208424632902 1.211129259436662]
[1.1951535954487273 0.40007973390190144 0.41567942526342583; 0.40007973390190144 1.1693840401075486 -0.37301355504931016; 0.41567942526342583 -0.37301355504931016 1.2059651393310404]
[1.545750352080801 -0.7529172463122469 -0.7641990293592119; -0.7529172463122469 1.1703798368119158 0.3422688961298811; -0.7641990293592119 0.3422688961298811 1.1839308036422163]
[1.2048710847841393 -0.41500441189371157 -0.42157977572459326; -0.41500441189371157 1.1734972667214418 -0.33583010753304254; -0.42157977572459326 -0.33583010753304254 1.1774045205896455]
[1.5386439722481728 -0.7491966361243874 0.7536830249508346; -0.7491966361243874 1.1695094312706074 -0.33115586356040216; 0.7536830249508346 -0.33115586356040216 1.178424190832997]
[1.2199390738234013 0.42418630724129697 -0.42569786628050915; 0.42418630724129697 1.1592482053324966 0.31658561861149653; -0.42569786628050915 0.31658561861149653 1.172087997797234]
[1.2091392056960968 -0.4225738805564567 -0.42037914591015346; -0.4225738805564567 1.1739191106628144 -0.3275760383665888; -0.42037914591015346 -0.3275760383665888 1.1714294359476227]
[1.1713625719834961 -0.32621338801071703 0.4214802516674888; -0.32621338801071703 1.17558087879301 0.42045088960339766; 0.4214802516674888 0.42045088960339766 1.2053416502414227]
[1.198779892893623 -0.39820097405684846 0.40913067175718315; -0.39820097405684846 1.173747849376508 0.3788185288164663; 0.40913067175718315 0.3788185288164663 1.1949780486827963]
[1.194248998938662 -0.4228029234647889 0.406307782341151; -0.4228029234647889 1.2105788408590359 0.3778056175459666; 0.406307782341151 0.3778056175459666 1.1840201299896818]
[1.2138745569451461 0.42699327474855 -0.42214365752045807; 0.42699327474855 1.1760635673233122 0.3198692856684138; -0.42214365752045807 0.3198692856684138 1.1636785430354535]
[1.179829441168191 -0.32879942718653915 0.4280035095282272; -0.32879942718653915 1.1653317631101854 0.41561879158250464; 0.4280035095282272 0.41561879158250464 1.2111412909178434]
[1.1704894310713236 0.3320709648499882 -0.4175586961014816; 0.3320709648499882 1.1794535508678359 0.42346917699139414; -0.4175586961014816 0.42346917699139414 1.2068165760728908]
[1.167856136158092 -0.3508085337879271 -0.40018044101579187; -0.3508085337879271 1.1747505476924591 -0.41250636114112044; -0.40018044101579187 -0.41250636114112044 1.2032245624733175]
[1.1739854571840858 0.40257892269138507 -0.4250850337929979; 0.40257892269138507 1.2066099423179297 0.37946726843670264; -0.4250850337929979 0.37946726843670264 1.209238183630409]
[1.2055685489632333 -0.4134480995040942 0.4143384652222328; -0.4134480995040942 1.1893739543511581 0.3801471900233046; 0.4143384652222328 0.3801471900233046 1.1945614441821726]
[1.1802004951578564 0.341569351351426 -0.4168631756039269; 0.341569351351426 1.1750038929112476 0.4145464609354834; -0.4168631756039269 0.4145464609354834 1.2007638551016722]
[1.1688101369151196 0.42262134214882974 -0.42498614102935867; 0.42262134214882974 1.2119129364695884 0.3631675750357334; -0.42498614102935867 0.3631675750357334 1.2145680766174207]
[1.195422131537505 0.4004065984822098 0.41558727233017784; 0.4004065984822098 1.1696277094660963 -0.373125361184264; 0.41558727233017784 -0.373125361184264 1.205792424098117]
[1.5460803211782228 -0.7533567902677123 -0.764492556943096; -0.7533567902677123 1.170644013247784 0.3428165595125861; -0.764492556943096 0.3428165595125861 1.1840348159635374]
[1.2043790999566422 -0.414477447196002 -0.42129161225383244; -0.414477447196002 1.1735816853308927 -0.33648177747490676; -0.42129161225383244 -0.33648177747490676 1.177602397760503]
[1.2096783111610117 -0.4232907494544304 -0.42048447499691693; -0.4232907494544304 1.174503468767887 -0.32696061605326454; -0.42048447499691693 -0.32696061605326454 1.17056468660571]
[1.1713473339518896 -0.32622705032040783 0.42148134342564547; -0.32622705032040783 1.1755957553403504 0.4204489126590538; 0.42148134342564547 0.4204489126590538 1.205353466705938]
[1.198645135713303 -0.39834455562095095 0.40923106353786315; -0.39834455562095095 1.1739057990141823 0.37875461808481864; 0.40923106353786315 0.37875461808481864 1.1951373844885147]
[1.2136500171314588 0.42652593991228943 -0.42239316867612425; 0.42652593991228943 1.1753113306273446 0.32001013701432496; -0.42239316867612425 0.32001013701432496 1.164560957284321]
[1.1797970696009261 -0.3288268406392994 0.4279873058701344; -0.3288268406392994 1.1653852977959602 0.4156519064366592; 0.4279873058701344 0.4156519064366592 1.2111619726803338]
[1.177399660138982 0.33700791490641246 -0.4191371807495979; 0.33700791490641246 1.1747105161304483 0.41659748791898604; -0.4191371807495979 0.41659748791898604 1.2039115353587728]
[1.1682534118713157 -0.3509363223743636 -0.4007542111424124; -0.3509363223743636 1.1747488689283234 -0.4124435812113201; -0.4007542111424124 -0.4124435812113201 1.2034535434103633]
[1.1737083158767474 0.40260195426264406 -0.4247847511607293; 0.40260195426264406 1.2068189268171656 0.3795400677324217; -0.4247847511607293 0.3795400677324217 1.2090990637479946]
[1.205570605677277 -0.4134535106698494 0.4143639301185817; -0.4134535106698494 1.1893806337721682 0.38013826675639567; 0.4143639301185817 0.38013826675639567 1.1945755541241283]
[1.1605781438037646 0.4198944486931343 -0.4241262509003279; 0.4198944486931343 1.2130940609904957 0.36390640967756854; -0.4241262509003279 0.36390640967756854 1.219185109601893]
[1.1803141860555064 0.3415268095941362 -0.4169783715967948; 0.3415268095941362 1.174841971486487 0.4144033802987279; -0.4169783715967948 0.4144033802987279 1.2007446481657402]
[1.1700319129842653 0.42192983673606205 -0.4238405686965798; 0.42192983673606205 1.2129488566820146 0.36390342197496406; -0.4238405686965798 0.36390342197496406 1.2109533817440052]
[1.5463684616176447 -0.753771758440758 -0.7647074432090581; -0.753771758440758 1.1709133704832542 0.34328006816008866; -0.7647074432090581 0.34328006816008866 1.184077348872847]
[1.2039125589650979 -0.41395458531403106 -0.42104301386477294; -0.41395458531403106 1.1736412166244798 -0.33709912823211974; -0.42104301386477294 -0.33709912823211974 1.177812286456587]
[1.1962304553220677 -0.4177707572908157 0.41627848756219954; -0.4177707572908157 1.1963038139929731 0.3761930569472471; 0.41627848756219954 0.3761930569472471 1.1996946654835643]
[1.2077757935189188 0.4150332489058956 -0.416835037123276; 0.4150332489058956 1.1730207207609225 0.35313833683895796; -0.416835037123276 0.35313833683895796 1.186521254907502]
[1.210554973004764 -0.424366397999626 -0.4206734497591971; -0.424366397999626 1.1748026834228251 -0.32601254204954094; -0.4206734497591971 -0.32601254204954094 1.1697851008970164]
[1.1713323063763112 -0.3262403847065744 0.42148263951124176; -0.3262403847065744 1.1756106876926358 0.4204470900558039; 0.42148263951124176 0.4204470900558039 1.2053650866235746]
[1.1985155978068764 -0.398486199684724 0.4093259802062018; -0.398486199684724 1.174062360399105 0.37869209181256397; 0.4093259802062018 0.37869209181256397 1.1952868856786822]
[1.2135790477794777 0.4263922103509792 -0.4224835497827329; 0.4263922103509792 1.1750041322291347 0.3199894914487549; -0.4224835497827329 0.3199894914487549 1.1648753509967336]
[1.1797675207224165 -0.32885938619930033 0.4279707838540443; -0.32885938619930033 1.1654412455987644 0.4156847987813189; 0.4279707838540443 0.4156847987813189 1.211181653315152]
[1.1685434553817757 -0.3509435179419128 -0.4012518361799215; -0.3509435179419128 1.1746658806933865 -0.41233441534755144; -0.4012518361799215 -0.41233441534755144 1.203636041303624]
[1.1734223897405212 0.40262191270296294 -0.4244843409109814; 0.40262191270296294 1.2070340299784266 0.37961201494207525; -0.4244843409109814 0.37961201494207525 1.208959094588555]
[1.2055737626820502 -0.4134605149934284 0.4143888787297802; -0.4134605149934284 1.189389896911623 0.3801287586759902; 0.4143888787297802 0.3801287586759902 1.194586487393083]
[1.1610630137882865 0.41953249010006294 -0.42390655986794223; 0.41953249010006294 1.2125637221473904 0.36419801635872684; -0.42390655986794223 0.36419801635872684 1.2188421317331237]
[1.1804786814865047 0.34150616282512575 -0.4171042174823571; 0.34150616282512575 1.1746404281001648 0.4142191064506251; -0.4171042174823571 0.4142191064506251 1.2007044381419498]
[1.1702790622706978 0.42075427804056087 -0.4233256438525089; 0.42075427804056087 1.2133799661398992 0.3646346124252992; -0.4233256438525089 0.3646346124252992 1.209159971764018]
[1.5466158974096331 -0.7541724569308503 -0.764831868300615; -0.7541724569308503 1.1712014745870394 0.3436536600391674; -0.764831868300615 0.3436536600391674 1.1840422986961374]
[1.2034888678360143 -0.41346307885277706 -0.4208335867808177; -0.41346307885277706 1.1736828546645506 -0.3376649592751457; -0.4208335867808177 -0.3376649592751457 1.1780204661833829]
[1.1702252187501267 -0.4231424595231895 0.41738469122908173; -0.4231424595231895 1.21493363378673 0.3655884982486792; 0.41738469122908173 0.3655884982486792 1.2047958069583096]
[1.2111763401344369 -0.42458002166357117 -0.42133182948786346; -0.42458002166357117 1.1741592602983202 -0.32505307774579895; -0.42133182948786346 -0.32505307774579895 1.1697963022677123]
[1.1713172790344297 -0.3262538782562683 0.42148415332295963; -0.3262538782562683 1.1756255927604016 0.4204451903433861; 0.42148415332295963 0.4204451903433861 1.2053770170893636]
[1.198378511729023 -0.39863679554592757 0.4094238744998258; -0.39863679554592757 1.1742229522753975 0.37862631848163636; 0.4094238744998258 0.37862631848163636 1.1954489327759545]
[1.2135953765826557 0.426419969935454 -0.4225048086663759; 0.426419969935454 1.1748884088702896 0.31991532535853245; -0.4225048086663759 0.31991532535853245 1.1649556817188924]
[1.17974556536064 -0.3288699754511427 0.4279631093404996; -0.3288699754511427 1.1654754187890992 0.41571037177504094; 0.4279631093404996 0.41571037177504094 1.2111969340007467]
[1.1687477587938009 -0.3508521059855137 -0.40169156578811727; -0.3508521059855137 1.174515577658613 -0.4121846858894025; -0.40169156578811727 -0.4121846858894025 1.2037809544625921]
[1.1731267249453479 0.4026403733006516 -0.42418283314764965; 0.4026403733006516 1.2072572238982484 0.3796832892615601; -0.42418283314764965 0.3796832892615601 1.2088181110253997]
[1.205575540761987 -0.4134659290876652 0.41441342831337774; -0.4134659290876652 1.1893978275927002 0.38011821466978674; 0.41441342831337774 0.38011821466978674 1.1945970696063517]
[1.161582766129874 0.4191534135193699 -0.42372064282928973; 0.4191534135193699 1.211990117055536 0.364494272307131; -0.42372064282928973 0.364494272307131 1.2185284485697858]
[1.1806835756929621 0.34150273496907046 -0.41723878675049453; 0.34150273496907046 1.174408599132161 0.41400377727987275; -0.41723878675049453 0.41400377727987275 1.2006481387084982]
[1.5468196969951136 -0.754558510987511 -0.7648568529193066; -0.754558510987511 1.171507194460417 0.3439278845764208; -0.7648568529193066 0.3439278845764208 1.183924828297713]
[1.2030822830317731 -0.4129735904675069 -0.4206548783027943; -0.4129735904675069 1.1737037702457567 -0.3381987138403553; -0.4206548783027943 -0.3381987138403553 1.1782357735715028]
[1.211342753474489 -0.4243231768713209 -0.4220482464857306; -0.4243231768713209 1.1731739697474677 -0.32363330126743045; -0.4220482464857306 -0.32363330126743045 1.1697698640605443]
[1.1982391525885496 -0.398792727584718 0.40952068257451313; -0.398792727584718 1.174385069604832 0.3785583932167199; 0.40952068257451313 0.3785583932167199 1.1956140685451206]
[1.1720772204775185 0.40684738805013265 -0.405540177641608; 0.40684738805013265 1.2010474287770685 0.37556459291814603; -0.405540177641608 0.37556459291814603 1.1968958960993743]
[1.2168483252855027 0.42907639381917967 -0.4244033937904371; 0.42907639381917967 1.1724973163646535 0.3195473435444728; -0.4244033937904371 0.3195473435444728 1.1683315988151728]
[1.1797166966664019 -0.3289029455751766 0.4279451879083116; -0.3289029455751766 1.1655311346639674 0.4157428169622466; 0.4279451879083116 0.4157428169622466 1.2112147220376235]
[1.1688806833834329 -0.35067919357914734 -0.4020829728188743; -0.35067919357914734 1.1743093052859597 -0.4120021763382376; -0.4020829728188743 -0.4120021763382376 1.203895884032996]
[1.1728211755875182 0.40265640041457695 -0.4238799561624422; 0.40265640041457695 1.2074881317030748 0.3797536746765409; -0.4238799561624422 0.3797536746765409 1.2086751799150481]
[1.2055786292944823 -0.413472518722846 0.41443956115289526; -0.413472518722846 1.1894059009931035 0.3801081095269412; 0.41443956115289526 0.3801081095269412 1.1946094655762494]
[1.162133618139939 0.4187643354115247 -0.42357001268623384; 0.4187643354115247 1.2113806263634992 0.36479255910325487; -0.42357001268623384 0.36479255910325487 1.2182476392602233]
[1.1809486199897117 0.34151515249872283 -0.4173927103594893; 0.34151515249872283 1.1741239389152807 0.4137402266465957; -0.4173927103594893 0.4137402266465957 1.200570846058591]
[1.5471885306875528 -0.7549903234628957 -0.7652382218773757; -0.7549903234628957 1.1717409810250254 0.344534316546952; -0.7652382218773757 0.344534316546952 1.184098668669818]
[1.2026958657566682 -0.412492899227448 -0.4204998080618058; -0.412492899227448 1.1737116845669855 -0.3387108087802595; -0.4204998080618058 -0.3387108087802595 1.1784566948022872]
[1.2073544995557044 -0.41483963007907226 -0.4225095626891082; -0.41483963007907226 1.1707546549178545 -0.341140342330468; -0.4225095626891082 -0.341140342330468 1.1833912867568148]
[1.2115206682106432 -0.4243486994037714 -0.4226800566871306; -0.4243486994037714 1.1721091574102767 -0.3215891587896082; -0.4226800566871306 -0.3215891587896082 1.1694424924449467]
[1.1980995676520168 -0.3989520314065711 0.40961562401557056; -0.3989520314065711 1.1745480677235631 0.3784895453894751; 0.40961562401557056 0.3784895453894751 1.1957793216488106]
[1.1731606278619426 0.4111356543454921 -0.4111468670651649; 0.4111356543454921 1.20284833431492 0.37287148475859966; -0.4111468670651649 0.37287148475859966 1.2015907815281743]
[1.216957595815223 0.4291189070848186 -0.4241836186783279; 0.4291189070848186 1.1729444195650132 0.3205785279711872; -0.4241836186783279 0.3205785279711872 1.1685408369291541]
[1.179695871972421 -0.32891526005201915 0.42793673994021897; -0.32891526005201915 1.1655639698984792 0.4157659310189966; 0.42793673994021897 0.4157659310189966 1.2112285604355777]
[1.168957153025713 -0.3504418533453456 -0.4024358113410558; -0.3504418533453456 1.1740577319681085 -0.4117905615808936; -0.4024358113410558 -0.4117905615808936 1.2039846828004965]
[1.1725061149302751 0.4026695046192646 -0.42357636554351197; 0.4026695046192646 1.2077260687492009 0.3798234898610717; -0.42357636554351197 0.3798234898610717 1.2085310974229433]
[1.2055805696200725 -0.41347907036259535 0.4144631700395465; -0.41347907036259535 1.1894161789971844 0.38009840638918024; 0.4144631700395465 0.38009840638918024 1.1946185723540537]
[1.1812632304510882 0.3415385965920137 -0.4175611091088685; 0.3415385965920137 1.173795255565976 0.4134414525859659; -0.4175611091088685 0.4134414525859659 1.2004779642900394]
[1.5474959385894524 -0.7553495730992407 -0.7655506300006404; -0.7553495730992407 1.1719314672234493 0.3450301410107715; -0.7655506300006404 0.3450301410107715 1.1842427040061207]
[1.2023249495552084 -0.41200482822230455 -0.4203732648806591; -0.41200482822230455 1.1736931136949473 -0.33919842460368554; -0.4203732648806591 -0.33919842460368554 1.1786873975179313]
[1.2117653893320108 -0.424536615710982 -0.4233697500828684; -0.424536615710982 1.1707158635077244 -0.3190051066988145; -0.4233697500828684 -0.3190051066988145 1.1691111694986542]
[1.1979578304189848 -0.3991192458184673 0.4097083601860502; -0.3991192458184673 1.1747145374267556 0.3784183017371411; 0.4097083601860502 0.3784183017371411 1.1959468170764391]
[1.2171049612156704 0.4292194732830529 -0.4239856126777439; 0.4292194732830529 1.1733795505247189 0.3214682843228222; -0.4239856126777439 0.3214682843228222 1.1686762131530426]
[1.1796734610391264 -0.32893748521498284 0.4279243568427064; -0.32893748521498284 1.1656063964979069 0.41579250228415504; 0.4279243568427064 0.41579250228415504 1.2112430347296546]
[1.1689865311946004 -0.3501504716803352 -0.40275710775274254; -0.3501504716803352 1.1737680765546021 -0.4115563134489795; -0.40275710775274254 -0.4115563134489795 1.2040540263182642]
[1.1721800793221682 0.40268043743906173 -0.42327061781974096; 0.40268043743906173 1.2079726378043114 0.3798927182011821; -0.42327061781974096 0.3798927182011821 1.2083850567082146]
[1.205584777222306 -0.4134868016059086 0.4144893090542516; -0.4134868016059086 1.1894243728804432 0.3800885897540045; 0.4144893090542516 0.3800885897540045 1.1946311907845932]
[1.1816338486349263 0.3415758993689433 -0.417743927081022; 0.3415758993689433 1.173419765685791 0.41310705597964376; -0.417743927081022 0.41310705597964376 1.2003681497214949]
[1.194539635476819 -0.41688080456237425 -0.42243360552181375; -0.41688080456237425 1.2005830829307105 -0.37462940197716793; -0.42243360552181375 -0.37462940197716793 1.2011242573235525]
[1.5477424907590935 -0.7556558321104064 -0.7657684485788229; -0.7556558321104064 1.1721031247163838 0.3454057829912205; -0.7657684485788229 0.3454057829912205 1.184325906919779]
[1.2019632073447435 -0.41151229394921246 -0.42026920227792564; -0.41151229394921246 1.173657069389464 -0.33966377658837427; -0.42026920227792564 -0.33966377658837427 1.1789241709063254]
[1.197812554165801 -0.39929114099366897 0.40980213264333465; -0.39929114099366897 1.1748824506758564 0.37834505534530977; 0.40980213264333465 0.37834505534530977 1.1961204247224506]
[1.1920012872123167 0.42049647553542174 0.4188977218031799; 0.42049647553542174 1.1998094901513099 -0.37457347636701377; 0.4188977218031799 -0.37457347636701377 1.2045564936342537]
[1.2172807373369698 0.42936503253078767 -0.4238129499267913; 0.42936503253078767 1.1737909985194337 0.3222119956589714; -0.4238129499267913 0.3222119956589714 1.1687448349936709]
[1.179643076396705 -0.328978399034273 0.42790304432499354; -0.328978399034273 1.1656682290112708 0.4158254283463684; 0.42790304432499354 0.4158254283463684 1.211260607185135]
[1.1689790305088068 -0.3498161192512993 -0.40305330424128766; -0.3498161192512993 1.1734471088794973 -0.4113003017266718; -0.40305330424128766 -0.4113003017266718 1.2041046993469364]
[1.1718435639480314 0.4026892963567002 -0.4229633551803276; 0.4026892963567002 1.208227937751196 0.3799608701272195; -0.4229633551803276 0.3799608701272195 1.2082367526942526]
[1.2055875195782793 -0.4134942865134935 0.41451361588282853; -0.4134942865134935 1.1894342678443235 0.38007777323002057; 0.41451361588282853 0.38007777323002057 1.1946404455929824]
[1.1820755119429596 0.3416206804168262 -0.4179522514036121; 0.3416206804168262 1.1729772580314124 0.41272663157071926; -0.4179522514036121 0.41272663157071926 1.200241460469442]
[1.190366378341625 -0.4171007640306496 -0.41817200899583234; -0.4171007640306496 1.202234010581816 -0.37452212675285856; -0.41817200899583234 -0.37452212675285856 1.1994416485947421]
[1.5516182065013704 -0.7631153625763816 -0.760547442413346; -0.7631153625763816 1.1730227156293986 0.3434405665227021; -0.760547442413346 0.3434405665227021 1.1818928712585242]
[1.5479399062338863 -0.75593102714116 -0.7658992634636214; -0.75593102714116 1.1722749783867956 0.34568340879165194; -0.7658992634636214 0.34568340879165194 1.1843455363083986]
[1.2016289054428568 -0.41103130528480253 -0.42019453543966556; -0.41103130528480253 1.1735964055059298 -0.34009292253060547; -0.42019453543966556 -0.34009292253060547 1.1791656478927433]
[1.1737540314628157 0.4260539425427306 0.4195272152902162; 0.4260539425427306 1.2143506694099193 -0.36596207099849276; 0.4195272152902162 -0.36596207099849276 1.2073650519713877]
[1.2174711755993914 0.4295422373757856 -0.42366540135023756; 0.4295422373757856 1.1741791969121842 0.3228153883174125; -0.42366540135023756 0.3228153883174125 1.1687512175315287]
[1.1796218778445082 -0.32899445481924466 0.4278934274949322; -0.32899445481924466 1.1657053032581868 0.41585178479866364; 0.4278934274949322 0.41585178479866364 1.2112761130571261]
[1.1689422078124458 -0.3494459591301164 -0.40333077439125814; -0.3494459591301164 1.1730987151108088 -0.4110251099941841; -0.40333077439125814 -0.4110251099941841 1.2041409773007392]
[1.171497184938764 0.402696097429621 -0.42265517467941505; 0.402696097429621 1.2084912058671256 0.38002825424235714; -0.42265517467941505 0.38002825424235714 1.2080872550747463]
[1.20559099776499 -0.4135018962041938 0.4145397225599945; -0.4135018962041938 1.1894430144714572 0.3800676006549055; 0.4145397225599945 0.3800676006549055 1.1946527352706608]
[1.182585735634755 0.3416726626248097 -0.4181830521337776; 0.3416726626248097 1.1724704385579456 0.4123088288385871; -0.4181830521337776 0.4123088288385871 1.2001031109915539]
[1.168560990025311 0.4201761585774594 -0.4163101979260977; 0.4201761585774594 1.2110936741192633 0.36750926815029283; -0.4163101979260977 0.36750926815029283 1.2079718604418024]
[1.5529401436035144 -0.7647463183613951 -0.7619809818243637; -0.7647463183613951 1.1749346722905205 0.345919098844003; -0.7619809818243637 0.345919098844003 1.1815615089955676]
[1.5481001394203153 -0.7561941750724387 -0.7659449491501803; -0.7561941750724387 1.1724608947553647 0.345877646843949; -0.7659449491501803 0.345877646843949 1.184295591152541]
[1.2013072062197905 -0.4105655460771933 -0.4201350643876299; -0.4105655460771933 1.1735289489796297 -0.34048595830487655; -0.4201350643876299 -0.34048595830487655 1.179398449521147]
[1.174963574882115 0.42171633582648305 -0.4177515598929972; 0.42171633582648305 1.2075193183548318 0.36825843073547593; -0.4177515598929972 0.36825843073547593 1.208615994494239]
[1.2176686049097403 0.4297397957121071 -0.4235456105794721; 0.4297397957121071 1.174528696512231 0.32327770342545953; -0.4235456105794721 0.32327770342545953 1.1687086626051635]
[1.179596749446895 -0.32902733315295385 0.4278756561843194; -0.32902733315295385 1.1657565914436292 0.4158808216346566; 0.4278756561843194 0.4158808216346566 1.2112912866022185]
[1.5593443556786108 0.768253649207739 0.7747964363305635; 0.768253649207739 1.1710971530683962 0.39626122671324515; 0.7747964363305635 0.39626122671324515 1.1943494687539304]
[1.1688817105771299 -0.3490477961748575 -0.403592378919001; -0.3490477961748575 1.1727285887740124 -0.4107341883751989; -0.403592378919001 -0.4107341883751989 1.204165227858936]
[1.1897595570375952 -0.4129887897760192 -0.3978749353069638; -0.4129887897760192 1.1999048347516523 -0.3719111026853119; -0.3978749353069638 -0.3719111026853119 1.1747759408487963]
[1.171138821271561 0.4027006651407542 -0.4223441712362714; 0.4027006651407542 1.2087644203961576 0.3800944741387563; -0.4223441712362714 0.3800944741387563 1.2079342626842478]
[1.2055933666919876 -0.4135092394564575 0.4145633962427538; -0.4135092394564575 1.1894533049202531 0.3800577959895198; 0.4145633962427538 0.3800577959895198 1.1946621837329199]
[1.1831807138822372 0.3417360297650995 -0.4184401096318422; 0.3417360297650995 1.1718884243863887 0.41185076462692277; -0.4184401096318422 0.41185076462692277 1.1999528617874067]
[1.1740270380987952 0.4219067205090364 -0.42208755675154247; 0.4219067205090364 1.2055182088923866 0.3672472487440726; -0.42208755675154247 0.3672472487440726 1.2154750524724491]
[1.5482420545679882 -0.7564755931024962 -0.7659137626087558; -0.7564755931024962 1.1726842422385557 0.34601376438082027; -0.7659137626087558 0.34601376438082027 1.1841708012913303]
[1.2009855318549345 -0.4100848037650605 -0.42009389073000053; -0.4100848037650605 1.1734423273475758 -0.340863601133402; -0.42009389073000053 -0.340863601133402 1.1796397921333535]
[1.2178700818378128 0.42995050408105007 -0.4234552860900344; 0.42995050408105007 1.1748353410629917 0.32360616059709946; -0.4234552860900344 0.32360616059709946 1.1686250519491859]
[1.5616689357982865 0.7679843443531374 0.7750069093061454; 0.7679843443531374 1.1731605602639652 0.3965113851633234; 0.7750069093061454 0.3965113851633234 1.1898750025464315]
[1.584208717709701 -0.7904721117648057 0.7868707294856493; -0.7904721117648057 1.2022246753958987 -0.39399300689562344; 0.7868707294856493 -0.39399300689562344 1.172253810783525]
[1.1869054147056768 -0.34414277592528847 -0.4212862474314834; -0.34414277592528847 1.1693655021674938 -0.41121944313225495; -0.4212862474314834 -0.41121944313225495 1.2032279046881345]
[1.1900493833843206 -0.4135169488043402 -0.39798611985407395; -0.4135169488043402 1.1996487255463872 -0.3706655008988978; -0.39798611985407395 -0.3706655008988978 1.1741773653052368]
[1.170768984095946 0.402703343877301 -0.4220310970669277; 0.402703343877301 1.2090472511897081 0.38015985940330765; -0.4220310970669277 0.38015985940330765 1.207779055463403]
[1.2055964800990622 -0.4135172217060236 0.41458851798107776; -0.4135172217060236 1.1894640171940425 0.38004810809604106; 0.41458851798107776 0.38004810809604106 1.1946727242142303]
[1.1838404366756885 0.3417929986376151 -0.4187234991564282; 0.3417929986376151 1.171241001901241 0.41137521002714195; -0.4187234991564282 0.41137521002714195 1.199807137069786]
[1.5483794123214896 -0.756803473942299 -0.7658113589551543; -0.756803473942299 1.1729690443702008 0.34612019751335965; -0.7658113589551543 0.34612019751335965 1.183965472086701]
[1.2006598341631975 -0.40956971297196276 -0.4200849734068546; -0.40956971297196276 1.1733143125667278 -0.341215716566015; -0.4200849734068546 -0.341215716566015 1.1799012054043347]
[1.552275897372804 -0.761725014977307 0.7684074242891433; -0.761725014977307 1.1736276163362787 -0.3506550172404727; 0.7684074242891433 -0.3506550172404727 1.1866818204199874]
[1.190407851101525 0.4158683735264378 -0.40317768166537443; 0.4158683735264378 1.2007815203759011 0.3633470870854685; -0.40317768166537443 0.3633470870854685 1.17327819746652]
[1.2008620965389127 -0.39752353269368224 0.38810274045447196; -0.39752353269368224 1.1905354155929586 0.3992785097791421; 0.38810274045447196 0.3992785097791421 1.1748333675511926]
[1.218066330297905 0.43016464168717783 -0.4233940904416266; 0.43016464168717783 1.1750946227089814 0.32380530072563923; -0.4233940904416266 0.32380530072563923 1.1685079862440406]
[1.561479889358768 0.7663584982297367 0.7751739243555064; 0.7663584982297367 1.1736889971415332 0.39719241917552206; 0.7751739243555064 0.39719241917552206 1.188138982663723]
[1.5847636211240965 -0.790903784747425 0.7871672531996369; -0.790903784747425 1.2021510252017849 -0.3940832822570391; 0.7871672531996369 -0.3940832822570391 1.1724917977456593]
[1.1903721659572375 -0.41408748640818005 -0.3981095475802536; -0.41408748640818005 1.1993426296743486 -0.3693254396821755; -0.3981095475802536 -0.3693254396821755 1.1735606458234953]
[1.170386021458077 0.40270342389255237 -0.4217149111447441; 0.40270342389255237 1.2093409753642874 0.38022442008904067; -0.4217149111447441 0.38022442008904067 1.2076202996486243]
[1.2055999010654 -0.4135250039326006 0.4146133542435349; -0.4135250039326006 1.1894732219689659 0.38003703234881003; 0.4146133542435349 0.38003703234881003 1.1946825850688285]
[1.1845814047636323 0.3418519785317954 -0.4190338184614685; 0.3418519785317954 1.1705175064521767 0.41088378052458424; -0.4190338184614685 0.41088378052458424 1.19967040393963]
[1.5485379918493136 -0.7572170347067517 -0.7656458843804603; -0.7572170347067517 1.1733433112051492 0.34622474403099257; -0.7656458843804603 0.34622474403099257 1.183671501849657]
[1.2003486381732689 -0.4090795874067885 -0.4200839686358779; -0.4090795874067885 1.173185937918168 -0.34153191321379106; -0.4200839686358779 -0.34153191321379106 1.1801480879683521]
[1.2001915416363562 -0.4128567535561724 -0.4174151860654444; -0.4128567535561724 1.1712936044154536 -0.33671062044298117; -0.4174151860654444 -0.33671062044298117 1.1788013303575446]
[1.174878671806284 -0.3940681616407919 -0.39479950999123375; -0.3940681616407919 1.206612496673847 -0.3969526297808471; -0.39479950999123375 -0.3969526297808471 1.1856707907358996]
[1.176065821270016 0.4249051965153695 -0.4213185090646152; 0.4249051965153695 1.2062116095827364 0.3678012590261119; -0.4213185090646152 0.3678012590261119 1.2155482946615241]
[1.2182614971182348 0.43037786765683345 -0.4233641451872355; 0.43037786765683345 1.1752969701272276 0.32389045405701294; -0.4233641451872355 0.32389045405701294 1.1683745425461762]
[1.5853396311026426 -0.7913430119425309 0.7874788296855179; -0.7913430119425309 1.2020596988456687 -0.39418239992809867; 0.7874788296855179 -0.39418239992809867 1.1727488010494242]
[1.1907467949344088 -0.41471187378162844 -0.39825966461933826; -0.41471187378162844 1.1989733748466995 -0.36786738614281284; -0.39825966461933826 -0.36786738614281284 1.1729235436435483]
[1.16999074266296 0.40270172106145824 -0.4213964588976277; 0.40270172106145824 1.2096452084045282 0.38028807690329114; -0.4213964588976277 0.38028807690329114 1.2074592015923333]
[1.20560203333515 -0.4135334547132631 0.41463641550208646; -0.4135334547132631 1.1894843906163741 0.38002767023663125; 0.41463641550208646 0.38002767023663125 1.194692348003504]
[1.1854706278315073 0.3420215773420004 -0.4193155449884583; 0.3420215773420004 1.1697312347176658 0.41038542467049854; -0.4193155449884583 0.41038542467049854 1.199517975681211]
[1.5532084457202726 -0.7556494582528479 -0.7601958913737334; -0.7556494582528479 1.1680046864582 0.3343712294477671; -0.7601958913737334 0.3343712294477671 1.1780481342004447]
[1.5483796095373523 -0.7574851302992219 -0.7648639603315409; -0.7574851302992219 1.1737726937289479 0.3457051546160228; -0.7648639603315409 0.3457051546160228 1.1829117288018685]
[1.200044359965257 -0.4085925324770387 -0.42010244760022525; -0.4085925324770387 1.173034086417478 -0.34180592151861766; -0.42010244760022525 -0.34180592151861766 1.1803950613819902]
[1.5509925838520846 -0.761151908426297 0.7662941340835523; -0.761151908426297 1.1735880027114243 -0.34854166140681586; 0.7662941340835523 -0.34854166140681586 1.1854306519728863]
[1.1966943565336525 -0.4115118251319959 -0.4137170575659333; -0.4115118251319959 1.1748807595796409 -0.34246649388364725; -0.4137170575659333 -0.34246649388364725 1.1790552056346124]
[1.1741145266667874 -0.3929966265905349 -0.3950615601697356; -0.3929966265905349 1.207120821487394 -0.3977410464357243; -0.3950615601697356 -0.3977410464357243 1.1859247066000915]
[1.1760615275936972 0.4249788285914064 -0.41998215800597233; 0.4249788285914064 1.209588258972891 0.3676980773857038; -0.41998215800597233 0.3676980773857038 1.210695506057673]
[1.2184627681388391 0.43058834916938304 -0.423372154892538; 0.43058834916938304 1.1754277105717603 0.3238632623938819; -0.423372154892538 0.3238632623938819 1.1682384548763696]
[1.5859332589897637 -0.7917902313815742 0.7878070996712165; -0.7917902313815742 1.201953339449541 -0.3942902584030482; 0.7878070996712165 -0.3942902584030482 1.1730277699067613]
[1.1911926819571639 -0.415394382688074 -0.3984564281855346; -0.415394382688074 1.1985146763528745 -0.36626934404352846; -0.3984564281855346 -0.36626934404352846 1.1722761547299225]
[1.1695823674405053 0.4026981371661487 -0.4210748405291125; 0.4026981371661487 1.2099609342405542 0.38035016562148527; -0.4210748405291125 0.38035016562148527 1.207293924608685]
[1.205606081568926 -0.41354119847006776 0.414662845143265; -0.41354119847006776 1.1894943191117355 0.3800173112254017; 0.414662845143265 0.3800173112254017 1.1947031665424288]
[1.5463091718256754 -0.7546457992255207 -0.756488819866097; -0.7546457992255207 1.1717681105236604 0.33387469615391835; -0.756488819866097 0.33387469615391835 1.1765205555574227]
[1.5476708290394499 -0.7575234935564754 -0.7629619770320385; -0.7575234935564754 1.174336641420482 0.344075812771501; -0.7629619770320385 0.344075812771501 1.1812818460457495]
[1.199725183962516 -0.40806207619181817 -0.42014975799187376; -0.40806207619181817 1.172839209094573 -0.3420574320314515; -0.42014975799187376 -0.3420574320314515 1.1806650700518992]

# Matrix 2
[1.5505586176652306 0.7747970879396565 0.7669448008299814; 0.7747970879396565 1.1806423236462595 0.3799497191445182; 0.7669448008299814 0.3799497191445182 1.1921439568207628]
[1.2084625142853491 -0.41418416668473823 -0.4209515241798708; -0.41418416668473823 1.1771863834788794 -0.3545996248233744; -0.4209515241798708 -0.3545996248233744 1.1863762737713808]
[1.538049906732029 0.763387089466845 -0.764214953508208; 0.763387089466845 1.1859665889363171 -0.3899194114283467; -0.764214953508208 -0.3899194114283467 1.1854537580075826]
[1.200832675966622 -0.40752477404054177 -0.3968678883490064; -0.40752477404054177 1.1930260387045233 -0.3914883859459627; -0.3968678883490064 -0.3914883859459627 1.1832028845909346]
[1.1991922638821602 0.41430076601517596 -0.41177525171819324; 0.41430076601517596 1.1854599419346623 0.3533058174177555; -0.41177525171819324 0.3533058174177555 1.1770409780462368]
[1.1986514597397058 0.4103805556742784 -0.40603188435067417; 0.4103805556742784 1.1959815992631124 0.38166283509832427; -0.40603188435067417 0.38166283509832427 1.1848103927862161]
[1.1907345615211662 0.3836921457037245 0.4233505698802334; 0.3836921457037245 1.1867811155165313 -0.37567733657710795; 0.4233505698802334 -0.37567733657710795 1.1871204368462958]
[1.183107038137214 -0.40113291366063186 0.4187182374936418; -0.40113291366063186 1.1983656346426623 0.3824747464522564; 0.4187182374936418 0.3824747464522564 1.2027003675179497]
[1.1914155375121251 0.40204762138131933 0.39695785991980276; 0.40204762138131933 1.1845458677177343 -0.3846250816890854; 0.39695785991980276 -0.3846250816890854 1.188881308905321]
[1.1870909123313012 -0.400995905435903 -0.4020487429644451; -0.400995905435903 1.1977934996291169 -0.39087417248863093; -0.4020487429644451 -0.39087417248863093 1.190250464223661]
[1.1951526915543336 0.4081709678624139 0.3982047430468302; 0.4081709678624139 1.2033933890632262 -0.3914287309832731; 0.3982047430468302 -0.3914287309832731 1.1805096662238206]
[1.1949103592223362 -0.40559785934371373 0.3915491931788535; -0.40559785934371373 1.202137439783506 0.3970593336436592; 0.3915491931788535 0.3970593336436592 1.178360955839799]
[1.2022889803832588 -0.40926355444450696 0.41620722294913687; -0.40926355444450696 1.1784939999376898 0.3663847750284; 0.41620722294913687 0.3663847750284 1.1928667159994715]
[1.1771659728863104 -0.4133436592964065 -0.41647719779063264; -0.4133436592964065 1.198481657005864 -0.36725903767100554; -0.41647719779063264 -0.36725903767100554 1.2041542577108275]
[1.1829134767654998 0.4090854305137874 -0.41937091711503954; 0.4090854305137874 1.190832150157031 0.37410913909823174; -0.41937091711503954 0.37410913909823174 1.2111128590756435]
[1.5788854785365634 0.7862737392730533 -0.7883333738676337; 0.7862737392730533 1.1862063162114864 -0.4111312531727949; -0.7883333738676337 -0.4111312531727949 1.1910759049942516]
[1.179880536679158 -0.4276196263894052 -0.40971598066374826; -0.4276196263894052 1.2107872557059847 -0.36834904778970257; -0.40971598066374826 -0.36834904778970257 1.1980247137717481]
[1.1850052343241162 -0.4243317751151051 -0.4001778541321693; -0.4243317751151051 1.197202559897034 -0.37019770749528674; -0.4001778541321693 -0.37019770749528674 1.1947426000508308]
[1.1861029613233969 0.39811618037184904 0.39979533823481705; 0.39811618037184904 1.1909688702765224 -0.39240749058849617; 0.39979533823481705 -0.39240749058849617 1.1944003073953473]
[1.1886381529538352 0.37290470355787736 0.40398480477597615; 0.37290470355787736 1.188142094697723 -0.40637458762074663; 0.40398480477597615 -0.40637458762074663 1.188049490563398]
[1.1894090545699025 -0.40148702110397744 -0.4052001372003851; -0.40148702110397744 1.1935749475635233 -0.380104030930192; -0.4052001372003851 -0.380104030930192 1.1851711935619895]
[1.1894271403472607 0.406786775907847 -0.3999759173945277; 0.406786775907847 1.198826521064734 0.38209751079165255; -0.3999759173945277 0.38209751079165255 1.1819526993198644]
[1.18377284388437 0.38731529465734355 0.3974888293901611; 0.38731529465734355 1.1907331942591517 -0.3908797542503907; 0.3974888293901611 -0.3908797542503907 1.1824532034625954]
[1.1846196985755588 -0.40871756320166736 0.41497006418504223; -0.40871756320166736 1.1927799744199428 0.3757702287094681; 0.41497006418504223 0.3757702287094681 1.2040176641478333]
[1.2023040005417922 0.38141792652225043 -0.4059153750712498; 0.38141792652225043 1.1812101421839971 0.39553742547383547; -0.4059153750712498 0.39553742547383547 1.1808339321871448]
[1.555337631997951 -0.7762261869129272 -0.7612050635038089; -0.7762261869129272 1.184247445270244 0.4003240293263198; -0.7612050635038089 0.4003240293263198 1.1799252466679309]
[1.192365290200028 -0.40877577225279743 0.40312469993603117; -0.40877577225279743 1.1960430922961331 0.37876406805175067; 0.40312469993603117 0.37876406805175067 1.1836634002992965]
[1.1914725256123126 0.40713761338133925 0.39589622572111854; 0.40713761338133925 1.2002051575897075 -0.38508973887700576; 0.39589622572111854 -0.38508973887700576 1.1777270168992753]
[1.1764675175063035 -0.4110660890112943 0.413664455964593; -0.4110660890112943 1.1925836447557403 0.371627921398755; 0.413664455964593 0.371627921398755 1.2097764206650798]
[1.193274958354605 -0.39935914616127455 -0.38694908577211024; -0.39935914616127455 1.189297091717137 -0.396212603595049; -0.38694908577211024 -0.396212603595049 1.1811446641473158]
[1.1883032544983776 -0.4048163535787955 -0.40682639833113865; -0.4048163535787955 1.1889030207510387 -0.36842376237135915; -0.40682639833113865 -0.36842376237135915 1.1845771476311375]
[1.1923708041615033 0.41071665837397736 0.40359038418294374; 0.41071665837397736 1.1919191248178314 -0.3794053718500635; 0.40359038418294374 -0.3794053718500635 1.1908517937495497]
[1.184904514293399 -0.3973844881737677 0.4015864643102578; -0.3973844881737677 1.1907273249860544 0.3929793941021719; 0.4015864643102578 0.3929793941021719 1.1974978611348694]
[1.1895564794181925 0.40556961914731027 -0.4069249576217502; 0.40556961914731027 1.1924162466209096 0.38072558487238567; -0.4069249576217502 0.38072558487238567 1.1926582460078377]
[1.1862993458944844 0.3939035687134313 0.3841201697226044; 0.3939035687134313 1.1840985287223407 -0.39508942816625553; 0.3841201697226044 -0.39508942816625553 1.1839977330161404]
[1.563480926163995 0.7782431780457346 0.7699249409191132; 0.7782431780457346 1.1912492618578125 0.35892695171294253; 0.7699249409191132 0.35892695171294253 1.175529987042503]
[1.1934981468813146 -0.39377069910521334 0.40032897269846124; -0.39377069910521334 1.184236709065061 0.38795255183737626; 0.40032897269846124 0.38795255183737626 1.1854862703564322]
[1.5665837382287469 -0.78288376761262 0.7825979415551506; -0.78288376761262 1.1949311721300495 -0.3918792184930135; 0.7825979415551506 -0.3918792184930135 1.1852009779198835]
[1.200049752007627 -0.42085647078227795 -0.40580943522232193; -0.42085647078227795 1.1961537952263637 -0.3760024107669391; -0.40580943522232193 -0.3760024107669391 1.1881500593720369]
[1.1840650544223843 0.35835903787888734 0.4134044149798969; 0.35835903787888734 1.1793231631740444 -0.40372317343140485; 0.4134044149798969 -0.40372317343140485 1.1941605026032793]
[1.1855712151381634 -0.3702110198133416 0.39831704357887937; -0.3702110198133416 1.1861210976270433 0.4100332413367935; 0.39831704357887937 0.4100332413367935 1.1885208419595537]
[1.1910210616357484 -0.39346203539034064 -0.3957391135697715; -0.39346203539034064 1.1911104333746998 -0.39604665731947986; -0.3957391135697715 -0.39604665731947986 1.1842537939210118]
[1.1881000308439305 0.3708697516401459 -0.4074305797643448; 0.3708697516401459 1.1867077557214423 0.40784404224568116; -0.4074305797643448 0.40784404224568116 1.1929357041110578]
[1.1832887411245192 -0.4238436115345309 0.4075180570022167; -0.4238436115345309 1.2009135463758243 0.3704989083981832; 0.4075180570022167 0.3704989083981832 1.200155812758873]
[1.1841113432897903 -0.4058740287204102 -0.4138138647839009; -0.4058740287204102 1.1978459886175004 -0.37589356035393984; -0.4138138647839009 -0.37589356035393984 1.1954690908095578]
[1.177160168508221 -0.40171863959761733 0.4032290452712365; -0.40171863959761733 1.1929194715735638 0.37830694249497704; 0.4032290452712365 0.37830694249497704 1.194799398618643]
[1.200122326650454 0.3865926358987397 0.411027553101566; 0.3865926358987397 1.1886110091591724 -0.39896641748976125; 0.411027553101566 -0.39896641748976125 1.1891926999033804]
[1.1786357676721537 -0.4131642986908504 -0.4142519209657035; -0.4131642986908504 1.203938315792395 -0.37310700677507797; -0.4142519209657035 -0.37310700677507797 1.200348872499291]
[1.199837400378603 -0.41442279465957 -0.3991347586273759; -0.41442279465957 1.1929797108495932 -0.382708311645842; -0.3991347586273759 -0.382708311645842 1.1847831473225352]
[1.1871851905844357 -0.39812565561404806 -0.39503987004106256; -0.39812565561404806 1.1872616153923847 -0.3936873737829888; -0.39503987004106256 -0.3936873737829888 1.1935425374798774]
[1.199564761173938 -0.40033984437964154 0.4092038883176591; -0.40033984437964154 1.1805229387127056 0.38312868697903396; 0.4092038883176591 0.38312868697903396 1.193849467001171]
[1.1961317855039546 0.41965756912961066 0.40747090929404595; 0.41965756912961066 1.2073140143496006 -0.3786936056057592; 0.40747090929404595 -0.3786936056057592 1.1841546219910837]
[1.191901293906112 0.39394680993717857 0.3966146174541501; 0.39394680993717857 1.1918373200439152 -0.3940569886757422; 0.3966146174541501 -0.3940569886757422 1.1820352716287936]
[1.1925391456024306 -0.4074997704860515 0.40262498661618357; -0.4074997704860515 1.193257309801271 0.3816644109714671; 0.40262498661618357 0.3816644109714671 1.187309550518896]
[1.1890916770174391 0.3940828895968744 -0.39633858316097476; 0.3940828895968744 1.1875737173366276 0.3941522931778075; -0.39633858316097476 0.3941522931778075 1.1890263600555286]
[1.1868054808002588 0.402017553842207 -0.3931126516397674; 0.402017553842207 1.1888025200535004 0.3879894629408771; -0.3931126516397674 0.3879894629408771 1.1887089889571463]
[1.1821581956754792 -0.3854905539554495 0.4008702739291246; -0.3854905539554495 1.200943326319376 0.40563698044753754; 0.4008702739291246 0.40563698044753754 1.1902029830928293]
[1.1821123789395105 -0.4044377671412726 -0.4064286130456263; -0.4044377671412726 1.196242264670287 -0.3774359840214338; -0.4064286130456263 -0.3774359840214338 1.1915685654069252]
[1.1761303923322155 0.3962435148131973 -0.3956151448815736; 0.3962435148131973 1.1900622981996396 0.3828782919361312; -0.3956151448815736 0.3828782919361312 1.1899590704236493]
[1.1845753613816572 0.3875572149496666 0.39442740115894415; 0.3875572149496666 1.1950921180153309 -0.395209217525559; 0.39442740115894415 -0.395209217525559 1.178820482867142]
[1.1948998893423248 0.4023660833984959 0.3936437805914399; 0.4023660833984959 1.1857497387197653 -0.38665424481882216; 0.3936437805914399 -0.38665424481882216 1.1831999020230226]
[1.1953236051669591 -0.40644483061578895 0.3937493499600412; -0.40644483061578895 1.1951393917060824 0.3940380672822212; 0.3937493499600412 0.3940380672822212 1.1849216710863124]
[1.5822157520971234 0.7890198815283107 0.7824702749945617; 0.7890198815283107 1.1890084966507541 0.3845080129524624; 0.7824702749945617 0.3845080129524624 1.1814648924876499]
[1.5506684849852883 0.7748580611866228 0.7669983889924601; 0.7748580611866228 1.1806781974128087 0.3799757892993265; 0.7669983889924601 0.3799757892993265 1.1921101047894742]
[1.2073380256412363 -0.4131961371193763 -0.4217007839089647; -0.4131961371193763 1.1776503469047839 -0.35271450871890286; -0.4217007839089647 -0.35271450871890286 1.185000052743365]
[1.5382594745936018 0.7635861646087881 -0.7644127689022704; 0.7635861646087881 1.1860662762107461 -0.39011401976877264; -0.7644127689022704 -0.39011401976877264 1.1855363753158075]
[1.1830817755937915 -0.399129310955192 -0.39160587807800784; -0.399129310955192 1.203477339312665 -0.39956129572707894; -0.39160587807800784 -0.39956129572707894 1.1849206512092907]
[1.2008404976625802 -0.4085085544737783 -0.39657815403891183; -0.4085085544737783 1.1933655279322228 -0.3915375573329663; -0.39657815403891183 -0.3915375573329663 1.183607251601105]
[1.199455102971211 0.40883237375723885 -0.40473806211500907; 0.40883237375723885 1.1932457007555024 0.3826376239594642; -0.40473806211500907 0.3826376239594642 1.1848052855236657]
[1.1907854298741418 0.38353973538442365 0.42355762618331055; 0.38353973538442365 1.1865904510975198 -0.3756092574811396; 0.42355762618331055 -0.3756092574811396 1.187253383268343]
[1.183145827056806 -0.4011583020286302 0.4186861657239619; -0.4011583020286302 1.1983580781212473 0.3824692902904952; 0.4186861657239619 0.3824692902904952 1.202655041246622]
[1.1911701831365769 0.40218386471841744 0.39674175720546584; 0.40218386471841744 1.184241735901082 -0.38441278669913714; 0.39674175720546584 -0.38441278669913714 1.1891468867594137]
[1.195133042693031 0.40812431733924137 0.39828192524886474; 0.40812431733924137 1.2033967128826975 -0.39142267057876634; 0.39828192524886474 -0.39142267057876634 1.1805507475428567]
[1.194950284004043 -0.4054332159585415 0.3914501830490551; -0.4054332159585415 1.2019215346972705 0.3974423913832487; 0.3914501830490551 0.3974423913832487 1.178653686071524]
[1.1770846650782067 -0.41335235239817303 -0.41638350211527564; -0.41335235239817303 1.1985800339465051 -0.36726153654850385; -0.41638350211527564 -0.36726153654850385 1.2040545399285956]
[1.181828183196635 0.40755219781242746 -0.41952019976305854; 0.40755219781242746 1.1891340737660614 0.374331859449759; -0.41952019976305854 0.374331859449759 1.2127390663009576]
[1.5783484245028063 0.786116696399487 -0.7884517706692582; 0.786116696399487 1.1864060232751288 -0.4111829311528312; -0.7884517706692582 -0.4111829311528312 1.191372680693639]
[1.1797530860408763 -0.42756690256782204 -0.40966559573297817; -0.42756690256782204 1.210745963220038 -0.3682978687823811; -0.40966559573297817 -0.3682978687823811 1.198041427123693]
[1.1849837850050982 -0.42432719988375367 -0.4001859129330951; -0.42432719988375367 1.19725219752247 -0.3702040183352265; -0.4001859129330951 -0.3702040183352265 1.1947243181607001]
[1.1856861670839407 0.39716694793174706 0.4002315252291118; 0.39716694793174706 1.1908607797171546 -0.39282937626074954; 0.4002315252291118 -0.39282937626074954 1.1948335971794488]
[1.1886748708657333 0.37287729788734114 0.40395317620707605; 0.37287729788734114 1.1881072067632035 -0.40639524599872273; 0.40395317620707605 -0.40639524599872273 1.1880108205899707]
[1.1895579572189938 -0.4014395833004308 -0.4052108058455035; -0.4014395833004308 1.193504217432319 -0.38012471605772036; -0.4052108058455035 -0.38012471605772036 1.185074448383726]
[1.1894303409171076 0.4067685724854589 -0.39999473797204754; 0.4067685724854589 1.198786900161902 0.38209372380763457; -0.39999473797204754 0.38209372380763457 1.1819855863411481]
[1.1867605856911223 0.3900708482855409 0.3982061195406312; 0.3900708482855409 1.1895795048616402 -0.3913455053051731; 0.3982061195406312 -0.3913455053051731 1.1844780099527836]
[1.1843276606163935 -0.40838244296860987 0.41528094970987756; -0.40838244296860987 1.1923960398807878 0.3757615838899185; 0.41528094970987756 0.3757615838899185 1.2046743809424714]
[1.1832542646396087 0.3910592330578116 -0.3879278730708475; 0.3910592330578116 1.1828775443523403 0.38783532789868236; -0.3879278730708475 0.38783532789868236 1.1820327215944635]
[1.5554796283641723 -0.7761471741041533 -0.7613229735299752; -0.7761471741041533 1.1840708306805872 0.4001644228981127; -0.7613229735299752 0.4001644228981127 1.1799887993157714]
[1.1922642000991988 -0.4087403701088844 0.4031752249719324; -0.4087403701088844 1.196070854396458 0.37871793297937645; 0.4031752249719324 0.37871793297937645 1.183708179361808]
[1.1777005523529536 0.3405777835928428 -0.41860378828980627; 0.3405777835928428 1.1756078434431123 0.41288491408802674; -0.41860378828980627 0.41288491408802674 1.201790057130625]
[1.1756626376265173 -0.4106248126051403 0.4126833741208848; -0.4106248126051403 1.1933212043979111 0.3718698345183769; 0.4126833741208848 0.3718698345183769 1.2086256115937444]
[1.193231703236618 -0.3992106554970283 -0.387145345643451; -0.3992106554970283 1.1893217587832048 -0.39600098959818836; -0.387145345643451 -0.39600098959818836 1.180997518911273]
[1.187946552069621 -0.40485429780569965 -0.40630425075215737; -0.40485429780569965 1.1889188786064084 -0.368454120248173; -0.40630425075215737 -0.368454120248173 1.1844634342391531]
[1.1923169589459603 0.41069263213242757 0.40351042018150873; 0.41069263213242757 1.1919055792354514 -0.37942868535358276; 0.40351042018150873 -0.37942868535358276 1.19083727812067]
[1.184930676446526 -0.3974467273414471 0.401413759857993; -0.3974467273414471 1.1910007486940002 0.3932393135271226; 0.401413759857993 0.3932393135271226 1.1973444263985191]
[1.1845201237985796 0.39090598885530486 0.3847706806053036; 0.39090598885530486 1.1833040959381396 -0.39276665080210793; 0.3847706806053036 -0.39276665080210793 1.181951656542854]
[1.5635107639533918 0.7782739221634308 0.7699625126971156; 0.7782739221634308 1.1912932121086874 0.3589700858220614; 0.7699625126971156 0.3589700858220614 1.1755230249734088]
[1.1965757311363696 -0.39671998935165453 0.4042054286637236; -0.39671998935165453 1.1835826382753287 0.38663913897960267; 0.4042054286637236 0.38663913897960267 1.1885775299138515]
[1.5665920195357066 -0.7828888304952054 0.7826045019844452; -0.7828888304952054 1.1949266634909494 -0.3918806806435448; 0.7826045019844452 -0.3918806806435448 1.1852086754947821]
[1.2002399439147913 -0.4211688834886711 -0.4059474551026111; -0.4211688834886711 1.1961607416087177 -0.3759472164762303; -0.4059474551026111 -0.3759472164762303 1.1883604708338202]
[1.1840386674205157 0.3583743403754781 0.41338720772668797; 0.3583743403754781 1.179387377170483 -0.4036927621793117; 0.41338720772668797 -0.4036927621793117 1.1940906316555215]
[1.1848448993170901 -0.3703967600006852 0.39881588808061774; -0.3703967600006852 1.1865813894950543 0.4099301611733468; 0.39881588808061774 0.4099301611733468 1.1893433733951606]
[1.1954095259895055 0.40787063429414144 -0.40093811056793893; 0.40787063429414144 1.1914192923739602 0.3831452901330126; -0.40093811056793893 0.3831452901330126 1.1863820611187887]
[1.1867925342108798 0.3726185165865725 0.4092070726779449; 0.3726185165865725 1.1899173401010756 -0.4067755548455484; 0.4092070726779449 -0.4067755548455484 1.1934554858353064]
[1.183264026672047 -0.42382413291285265 0.40751334934002187; -0.42382413291285265 1.2009276915275724 0.3705305870743751; 0.40751334934002187 0.3705305870743751 1.200173071408026]
[1.1859758022919022 -0.40519856165338924 -0.4144152652835983; -0.40519856165338924 1.1940941068053879 -0.37678873261068285; -0.4144152652835983 -0.37678873261068285 1.1980914202329318]
[1.1772026002631029 -0.4016145040802613 0.4031899244542828; -0.4016145040802613 1.1928398857242772 0.3783704325948116; 0.4031899244542828 0.3783704325948116 1.19475150233233]
[1.1999878507259252 0.3867680141996987 0.410819352186777; 0.3867680141996987 1.1888959472238212 -0.39931189562806096; 0.410819352186777 -0.39931189562806096 1.1893509184979723]
[1.1815447792057021 -0.41187970519849065 -0.41737236042365966; -0.41187970519849065 1.2006130929369387 -0.3727228599139823; -0.41737236042365966 -0.3727228599139823 1.2021754414009953]
[1.2008432091789945 -0.4142776864730135 -0.397737780004015; -0.4142776864730135 1.1926528141036212 -0.3837243897223425; -0.397737780004015 -0.3837243897223425 1.1835545289769103]
[1.1872236490660635 -0.3981146001594647 -0.3950672025389746; -0.3981146001594647 1.1872784982533142 -0.39370963654875163; -0.3950672025389746 -0.39370963654875163 1.193525153969602]
[1.199769884472555 -0.40024130604347496 0.4092215667516759; -0.40024130604347496 1.1803888566414111 0.3831372765030358; 0.4092215667516759 0.3831372765030358 1.1937051588308516]
[1.1962614685728674 0.418954911834926 0.40796529640076573; 0.418954911834926 1.2056312255825314 -0.3787039300006486; 0.40796529640076573 -0.3787039300006486 1.1854798836042357]
[1.192934208979221 -0.4092212066785749 0.403597369312818; -0.4092212066785749 1.1891476110871861 0.3765775559582169; 0.403597369312818 0.3765775559582169 1.1887525263115484]
[1.19614768234211 0.409385181889375 0.41093957600285363; 0.409385181889375 1.1862259311195864 -0.36207002912697256; 0.41093957600285363 -0.36207002912697256 1.1819276103994516]
[1.186652950556628 0.4018331548545772 -0.39305856412146384; 0.4018331548545772 1.1886066530793145 0.3879381545424541; -0.39305856412146384 0.3879381545424541 1.1887692728832495]
[1.1821688930932894 -0.385496665333307 0.4008613123934745; -0.385496665333307 1.2009268601843188 0.4056322171738158; 0.4008613123934745 0.4056322171738158 1.1902007140751492]
[1.1819596273326336 -0.4042401044662339 -0.4064323216359968; -0.4042401044662339 1.1961034729328033 -0.37748376013788876; -0.4064323216359968 -0.37748376013788876 1.1917129061932294]
[1.1760986428822024 0.39624137035890467 -0.395598560046438; 0.39624137035890467 1.1900819965641727 0.38287411048020253; -0.395598560046438 0.38287411048020253 1.1899489505004026]
[1.1826077510548314 0.3955381172751849 0.3883740210362511; 0.3955381172751849 1.1996658613786668 -0.40355631832266076; 0.3883740210362511 -0.40355631832266076 1.1863684751153696]
[1.1844679397331976 0.38796279319430654 0.39434060012842215; 0.38796279319430654 1.195532309378656 -0.3953940400359172; 0.39434060012842215 -0.3953940400359172 1.1789838824592227]
[1.1949272824454709 0.40233801251409823 0.39368262892382105; 0.40233801251409823 1.1856874432150282 -0.3866794714577203; 0.39368262892382105 -0.3866794714577203 1.1832703994541334]
[1.1972670107682855 -0.408606838456398 -0.393916230876554; -0.408606838456398 1.1954254797730202 -0.3930703669803671; -0.393916230876554 -0.3930703669803671 1.1840788164171177]
[1.5507747950683282 0.774933782026875 0.7670438059709986; 0.774933782026875 1.1807324477377779 0.37999975228468463; 0.7670438059709986 0.37999975228468463 1.192068147961658]
[1.2067308646428945 -0.41249446657697053 -0.42265091825722145; -0.41249446657697053 1.1776204833364792 -0.3505709964899185; -0.42265091825722145 -0.3505709964899185 1.1838557331941673]
[1.5384599547740765 0.7637792321740181 -0.7646040415446244; 0.7637792321740181 1.1861637959567959 -0.3903056730794103; -0.7646040415446244 -0.3903056730794103 1.1856180158966791]
[1.183242513860118 -0.3995539899623627 -0.39067020946297576; -0.3995539899623627 1.2031347144495563 -0.40041871781338995; -0.39067020946297576 -0.40041871781338995 1.1854420163394008]
[1.2008003925349136 -0.40941924101666954 -0.3962803235551753; -0.40941924101666954 1.1937404760204111 -0.3916234014290788; -0.3962803235551753 -0.3916234014290788 1.1839803148137042]
[1.1991603979893017 0.4084642206101312 -0.404293142267222; 0.4084642206101312 1.191598430382549 0.38264294502124774; -0.404293142267222 0.38264294502124774 1.1859242071172151]
[1.190845372227415 0.3833808284020222 0.4237796519297916; 0.3833808284020222 1.186382336098915 -0.3755337582427316; 0.4237796519297916 -0.3755337582427316 1.1873961659995242]
[1.1831845031452664 -0.40118341068816543 0.4186544456258957; -0.40118341068816543 1.1983499269728077 0.38246357851402835; 0.4186544456258957 0.38246357851402835 1.202610253842793]
[1.190943430692541 0.4023523968371623 0.3965402065421016; 0.4023523968371623 1.1839613502287776 -0.38418802305133676; 0.3965402065421016 -0.38418802305133676 1.1894051091642124]
[1.195112206688636 0.4080766421761423 0.3983596029354845; 0.4080766421761423 1.2034014316782018 -0.3914180505377576; 0.3983596029354845 -0.3914180505377576 1.1805925468940455]
[1.1950056641210318 -0.4052546075985756 0.39136722259139806; -0.4052546075985756 1.2016844599948955 0.3978185676979436; 0.39136722259139806 0.3978185676979436 1.1789475261881848]
[1.1770050564107426 -0.4133641371215905 -0.41629155087925357; -0.4133641371215905 1.1986782667015872 -0.36726366682261335; -0.41629155087925357 -0.36726366682261335 1.2039579105483038]
[1.1816256298524181 0.4066035132107978 -0.41946496698994173; 0.4066035132107978 1.1882115228038002 0.3746311870580422; -0.41946496698994173 0.3746311870580422 1.2131296811010315]
[1.5764676211031858 0.7860021136951131 0.7881127559555404; 0.7860021136951131 1.1873352352968312 0.3756974957182293; 0.7881127559555404 0.3756974957182293 1.191820210116693]
[1.548518710558846 -0.7658298242434022 0.7620017479569405; -0.7658298242434022 1.1753876988219614 -0.35178530903864197; 0.7620017479569405 -0.35178530903864197 1.1863838792838566]
[1.1796257849293188 -0.42750743106506905 -0.4096154798834053; -0.42750743106506905 1.2107026026798475 -0.368248718536536; -0.4096154798834053 -0.368248718536536 1.1980551643540502]
[1.1849623998118828 -0.424322335828502 -0.4001947317539939; -0.424322335828502 1.1973009521870421 -0.37020911197139744; -0.4001947317539939 -0.37020911197139744 1.1947061473827165]
[1.1852900448920465 0.39629355723619525 0.40061657575396875; 0.39629355723619525 1.1907244380462676 -0.39319601254255165; 0.40061657575396875 -0.39319601254255165 1.1952451142107476]
[1.1887141543683557 0.3728395506294697 0.40391790422350066; 0.3728395506294697 1.1880650479490036 -0.4064170930686936; 0.40391790422350066 -0.4064170930686936 1.1879644896830526]
[1.1897082184960965 -0.40139345170968305 -0.4052209416837425; -0.40139345170968305 1.1934311497721932 -0.38014402074725717; -0.4052209416837425 -0.38014402074725717 1.1849781118928064]
[1.1894354958545934 0.40675169641522363 -0.4000130839863298; 0.40675169641522363 1.1987466068989239 0.3820900506005096; -0.4000130839863298 0.3820900506005096 1.1820181368106601]
[1.1870849746015693 0.3901267185576815 0.39788744953699995; 0.3901267185576815 1.189528276110435 -0.391740340386138; 0.39788744953699995 -0.391740340386138 1.1843320375149955]
[1.1840313995129115 -0.40808704422891956 0.4155885167584637; -0.40808704422891956 1.1921070190613725 0.375724111439585; 0.4155885167584637 0.375724111439585 1.2052497538601668]
[1.2001965173637557 0.37398970471386506 -0.41047289222949573; 0.37398970471386506 1.2025144146739966 0.4114267477611231; -0.41047289222949573 0.4114267477611231 1.1754676561590118]
[1.555613962756425 -0.7760675121360416 -0.76143079340395; -0.7760675121360416 1.1839109500562188 0.4000100240386022; -0.76143079340395 0.4000100240386022 1.1800331387001595]
[1.1921619072828826 -0.4087013481261886 0.40322595531231414; -0.4087013481261886 1.1960981404470563 0.378672882919961; 0.40322595531231414 0.378672882919961 1.1837522810027337]
[1.175136377052757 -0.41055510046718663 0.4118137182232007; -0.41055510046718663 1.194287354507718 0.37201620956472237; 0.4118137182232007 0.37201620956472237 1.2073652136868724]
[1.1931882634440032 -0.39906426797356176 -0.3873376913142291; -0.39906426797356176 1.1893452888600387 -0.3957945959271374; -0.3873376913142291 -0.3957945959271374 1.1808553187751683]
[1.1879012501867512 -0.4052475315939929 -0.4057448487743834; -0.4052475315939929 1.1894898308508646 -0.36845438565805905; -0.4057448487743834 -0.36845438565805905 1.1837719868681518]
[1.1922626514479167 0.410671905181584 0.403428408729114; 0.410671905181584 1.1918936820380666 -0.3794509826913365; 0.403428408729114 -0.3794509826913365 1.1908218877933956]
[1.1849638320515588 -0.3975142585405703 0.4012454846119753; -0.3975142585405703 1.1912761282807323 0.3934886520585849; 0.4012454846119753 0.3934886520585849 1.19718135877279]
[1.191133265004178 -0.40799902886810996 0.4114260843784138; -0.40799902886810996 1.1916096499188997 0.375657494412168; 0.4114260843784138 0.375657494412168 1.1939580778821914]
[1.5635384183298835 0.7783060023101378 0.7699990331583322; 0.7783060023101378 1.1913397827524572 0.3590142617266448; 0.7699990331583322 0.3590142617266448 1.1755159074827466]
[1.197725085448316 -0.3975960476845778 0.4075345587849855; -0.3975960476845778 1.1812816119557903 0.3855591695311299; 0.4075345587849855 0.3855591695311299 1.1928922616912037]
[1.566597989056883 -0.7828918674349516 0.7826088256231555; -0.7828918674349516 1.1949216145206656 -0.3918805475018544; 0.7826088256231555 -0.3918805475018544 1.185214990703742]
[1.2004237047466675 -0.42150097409374615 -0.40608038764452054; -0.42150097409374615 1.1961898441402858 -0.3758834127472301; -0.40608038764452054 -0.3758834127472301 1.1885621651266869]
[1.1840115483091287 0.358387400103364 0.41337246911643116; 0.358387400103364 1.1794504761274898 -0.4036620799433771; 0.41337246911643116 -0.4036620799433771 1.194022671545258]
[1.1851794064264065 -0.36900175645588135 0.39844038737976173; -0.36900175645588135 1.1853295066945861 0.4109677599393248; 0.39844038737976173 0.4109677599393248 1.1895900166580207]
[1.1916876904206608 -0.3928558179782494 -0.39560675663105427; -0.3928558179782494 1.1901985191737525 -0.39572440511157936; -0.39560675663105427 -0.39572440511157936 1.183449809274252]
[1.1847226919452862 0.3731449649684596 0.40942446250634584; 0.3731449649684596 1.1931898661489624 -0.4070512702212018; 0.40942446250634584 -0.4070512702212018 1.1932907525144112]
[1.1832376062335699 -0.4238036415359692 0.4075082180885544; -0.4238036415359692 1.200942471980745 0.370563021034498; 0.4075082180885544 0.370563021034498 1.2001907079147187]
[1.1869718797974345 -0.40603483958300784 -0.4148385229970987; -0.40603483958300784 1.190597814296361 -0.3769124447546629; -0.4148385229970987 -0.3769124447546629 1.2019859724056914]
[1.177243784976003 -0.4015104631630265 0.40315030536868063; -0.4015104631630265 1.192759639541283 0.37843306683516414; 0.40315030536868063 0.37843306683516414 1.1947043468686447]
[1.199848955755345 0.3869339657755004 0.4106110060848308; 0.3869339657755004 1.1891856443811406 -0.3996644242906049; 0.4106110060848308 -0.3996644242906049 1.1895067071186647]
[1.1801956982046589 -0.41219842061409845 -0.4135945632262444; -0.41219842061409845 1.2004051836215952 -0.3734245944877991; -0.4135945632262444 -0.3734245944877991 1.2008612929123839]
[1.1872675225218592 -0.3981015899682408 -0.39509609925126493; -0.3981015899682408 1.1872945020074928 -0.39373764979441994; -0.39509609925126493 -0.39373764979441994 1.19350853665257]
[1.1999546419088103 -0.4001650786239447 0.40923229258409666; -0.4001650786239447 1.1802719458660476 0.3831403197967498; 0.40923229258409666 0.3831403197967498 1.1935741113232157]
[1.1961710197575408 0.4184746517925995 0.4082804681540364; 0.4184746517925995 1.2044689598910154 -0.37864749151957533; 0.4082804681540364 -0.37864749151957533 1.186495311308505]
[1.1900871978105918 0.3637245263195289 -0.4224915369281738; 0.3637245263195289 1.1868320437977233 0.40215533576926493; -0.4224915369281738 0.40215533576926493 1.193557806429555]
[1.1931608027853247 0.4054905357519182 0.4037328898021216; 0.4054905357519182 1.192827362137316 -0.38776899762106376; 0.4037328898021216 -0.38776899762106376 1.1922379379487076]
[1.1865165667275426 0.4016884239986897 -0.3930095128354034; 0.4016884239986897 1.1884394713846778 0.3878869712097387; -0.3930095128354034 0.3878869712097387 1.188829645672214]
[1.182178678812832 -0.3855002740214318 0.4008556779753592; -0.3855002740214318 1.2009101488240277 0.4056270460864003; 0.4008556779753592 0.4056270460864003 1.1902000781037145]
[1.1818466436130304 -0.40406375911538545 -0.40644662579889823; -0.40406375911538545 1.1959445708783734 -0.37754593961784794; -0.40644662579889823 -0.37754593961784794 1.1918830458687275]
[1.1760660443530369 0.3962390027596252 -0.39558259814578417; 0.3962390027596252 1.1901038528500973 0.3828702551814748; -0.39558259814578417 0.3828702551814748 1.189938260045381]
[1.182041109943842 0.3956291932535516 -0.39823473009525506; 0.3956291932535516 1.1996212649160758 0.3997765802500185; -0.39823473009525506 0.3997765802500185 1.1931521465322779]
[1.1843344489055414 0.38835441723885367 0.39428153666135546; 0.38835441723885367 1.1959644412851123 -0.39555894010421494; 0.39428153666135546 -0.39555894010421494 1.1791757151995796]
[1.1949614410490284 0.40230335263393213 0.3937243847996262; 0.40230335263393213 1.1856189709864837 -0.3867081354711871; 0.3937243847996262 -0.3867081354711871 1.1833400291961087]
[1.1992566242108396 -0.4085202155870666 -0.39835762852714596; -0.4085202155870666 1.193632652180997 -0.3899536350262577; -0.39835762852714596 -0.3899536350262577 1.1851333309871024]
[1.1792542171356983 -0.39243717003164974 -0.3954919316865876; -0.39243717003164974 1.1948284038301389 -0.3977272762210882; -0.3954919316865876 -0.3977272762210882 1.1927411198859443]
[1.550931930919488 0.7749808258048688 0.7671308030410239; 0.7749808258048688 1.1807384370122458 0.38003913696478403; 0.7671308030410239 0.38003913696478403 1.1920351670316514]
[1.538651842213721 0.7639629562686534 -0.7647874003061901; 0.7639629562686534 1.1862556473823855 -0.3904914346992421; -0.7647874003061901 -0.3904914346992421 1.1856969849497792]
[1.1834420417351352 -0.39990433117249496 -0.38977530519885334; -0.39990433117249496 1.2026704360465452 -0.40126479076140675; -0.38977530519885334 -0.40126479076140675 1.186003545444039]
[1.1979298601006085 0.40872219087864603 -0.40449699226457914; 0.40872219087864603 1.1908674364610792 0.3819386626290737; -0.40449699226457914 0.3819386626290737 1.1876627651909026]
[1.1909169132525554 0.38321491230695887 0.4240178533849147; 0.38321491230695887 1.1861545443638337 -0.3754494564816631; 0.4240178533849147 -0.3754494564816631 1.1875478459768107]
[1.1832235790586607 -0.40120865561050595 0.4186226397520465; -0.40120865561050595 1.1983419432444804 0.3824583883854233; 0.4186226397520465 0.3824583883854233 1.202565457435795]
[1.1907321676371088 0.40254515515489214 0.3963540051225751; 0.40254515515489214 1.183700652952093 -0.38395514723937774; 0.3963540051225751 -0.38395514723937774 1.189660152423673]
[1.1950938119273378 0.40802930320522063 0.3984353697063808; 0.40802930320522063 1.2034037719422253 -0.3914132838981404; 0.3984353697063808 -0.3914132838981404 1.1806325362962675]
[1.195073541904482 -0.405061319051322 0.3913032957602267; -0.405061319051322 1.2014268045847176 0.39818398396685556; 0.3913032957602267 0.39818398396685556 1.1792432125409271]
[1.1768027915517805 0.38723651886125576 -0.3989158990960299; 0.38723651886125576 1.2028396401575066 0.4047119597229705; -0.3989158990960299 0.4047119597229705 1.192521261537823]
[1.1769298819425875 -0.41337855582718164 -0.4162014638651415; -0.41337855582718164 1.1987762670548416 -0.3672656392666742; -0.4162014638651415 -0.3672656392666742 1.2038614219264]
[1.1829113318214672 0.407036957680488 -0.4194731771314093; 0.407036957680488 1.1884631722383185 0.3749170577501339; -0.4194731771314093 0.3749170577501339 1.212271857844134]
[1.5746089110109758 0.7858444396393672 0.7862140074485388; 0.7858444396393672 1.1882020829761377 0.37609683401337957; 0.7862140074485388 0.37609683401337957 1.1907241050863442]
[1.5487403927883021 -0.7664115006718503 0.7618480031145299; -0.7664115006718503 1.175869512970518 -0.3520490083071531; 0.7618480031145299 -0.3520490083071531 1.1860963304778354]
[1.1794976826816153 -0.42744019383952175 -0.4095654934943697; -0.42744019383952175 1.2106564658830745 -0.3682016588934989; -0.4095654934943697 -0.3682016588934989 1.1980664678487636]
[1.1849407486495394 -0.42431804219494834 -0.4002027613744956; -0.42431804219494834 1.1973510198777593 -0.37021506651935887; -0.4002027613744956 -0.37021506651935887 1.1946875656523142]
[1.184907184292937 0.395496190771414 0.40095958097559614; 0.395496190771414 1.1905723338904015 -0.39351103163039713; 0.40095958097559614 -0.39351103163039713 1.1956425245919922]
[1.1887479513720711 0.37280945645829056 0.4038860678585706; 0.37280945645829056 1.188030123856161 -0.4064385873923223; 0.4038860678585706 -0.4064385873923223 1.1879267976397867]
[1.1898584648240247 -0.40134423138909875 -0.405234262091121; -0.40134423138909875 1.1933571752058825 -0.38016545003906654; -0.405234262091121 -0.38016545003906654 1.1848849392484357]
[1.1894400914108663 0.40673592609309495 -0.4000309286071318; 0.40673592609309495 1.1987086537212668 0.38208585649975935; -0.4000309286071318 0.38208585649975935 1.1820490361924343]
[1.1875288745532084 0.3902361413402398 0.39769470951839625; 0.3902361413402398 1.1894722381468326 -0.39217489532521227; 0.39769470951839625 -0.39217489532521227 1.1842892156824105]
[1.183758783864817 -0.4078531248549675 0.4159022226546365; -0.4078531248549675 1.1919076949134824 0.375662825477871; 0.4159022226546365 0.375662825477871 1.2057574027134814]
[1.182194204034189 0.38496988037007035 -0.4036468651489957; 0.38496988037007035 1.1906955349936033 0.3938603520148441; -0.4036468651489957 0.3938603520148441 1.1908510634441283]
[1.5557514123809097 -0.776007925699281 -0.7615526695540743; -0.776007925699281 1.1837882830024429 0.3998835579191936; -0.7615526695540743 0.3998835579191936 1.1800713587671827]
[1.1920614976820718 -0.4086640550840273 0.4032773572710786; -0.4086640550840273 1.1961240715046189 0.37862837675407324; 0.4032773572710786 0.37862837675407324 1.1837988083712916]
[1.181316073079404 0.41215789817471066 0.42210025408786833; 0.41215789817471066 1.194718125702707 -0.37241820118505725; 0.42210025408786833 -0.37241820118505725 1.2133118678096773]
[1.1762429686574039 -0.356532845053426 -0.4020256135455786; -0.356532845053426 1.1878618984647795 -0.4099542899154607; -0.4020256135455786 -0.4099542899154607 1.186673224853207]
[1.1931420696604709 -0.3989173212275107 -0.3875281466616429; -0.3989173212275107 1.1893669269938174 -0.39559176507417443; -0.3875281466616429 -0.39559176507417443 1.1807190508699363]
[1.1882328330765937 -0.4059396986800041 -0.40535734296846837; -0.4059396986800041 1.1903324892804725 -0.3682062121732897; -0.40535734296846837 -0.3682062121732897 1.182663017056553]
[1.1922119976917043 0.4106611149789023 0.4033459468681591; 0.4106611149789023 1.1918848682718504 -0.3794684678630715; 0.4033459468681591 -0.3794684678630715 1.190804673926747]
[1.1850057106144372 -0.39759165488529946 0.40108147091524626; -0.39759165488529946 1.1915596281424168 0.3937249019763881; 0.40108147091524626 0.3937249019763881 1.1970026686873092]
[1.1957017870452102 0.39624084444654234 0.4062443536931688; 0.39624084444654234 1.1781514411069032 -0.3852557814630608; 0.4062443536931688 -0.3852557814630608 1.1951111849484488]
[1.56356926340257 0.778337912396052 0.7700359507181499; 0.778337912396052 1.1913831343702475 0.3590576257416809; 0.7700359507181499 0.3590576257416809 1.1755090343169898]
[1.1972726628542443 -0.3974289554599384 0.40963597150766656; -0.3974289554599384 1.179287860885326 0.38472074287331415; 0.40963597150766656 0.38472074287331415 1.19647968198281]
[1.5666012613217866 -0.782894684876176 0.7826123717347431; -0.782894684876176 1.1949169087265017 -0.39188035222537804; 0.7826123717347431 -0.39188035222537804 1.1852226790821145]
[1.200598626649261 -0.42185432318493926 -0.40620545419719883; -0.42185432318493926 1.1962428201107587 -0.3758088652128568; -0.40620545419719883 -0.3758088652128568 1.1887525746471235]
[1.183982788494806 0.35839706143328615 0.4133609272173433; 0.35839706143328615 1.1795124110544248 -0.4036312585818522; 0.4133609272173433 -0.4036312585818522 1.1939573347607382]
[1.185009574313618 -0.3675761950265799 -0.4190563218542236; -0.3675761950265799 1.1842620829044153 -0.4045740354693296; -0.4190563218542236 -0.4045740354693296 1.2036793455097043]
[1.1888521357058321 -0.3919186055320559 -0.395525605160358; -0.3919186055320559 1.194415801849709 -0.39669088193946517; -0.395525605160358 -0.39669088193946517 1.1820449228884466]
[1.1823986044355754 0.3721520258111131 0.40943092951754234; 0.3721520258111131 1.1951017953339307 -0.4096392239441473; 0.40943092951754234 -0.4096392239441473 1.1953532586462554]
[1.1832129174217159 -0.42378421668172855 0.407503516942468; -0.42378421668172855 1.2009563276250148 0.370594933132181; 0.407503516942468 0.370594933132181 1.2002085285857218]
[1.184099197045074 -0.3975934312734211 0.3875870010503729; -0.3975934312734211 1.194692547398047 0.3973486013766818; 0.3875870010503729 0.3973486013766818 1.184897919156162]
[1.1838801080431347 -0.4055550629361253 -0.4158126301348328; -0.4055550629361253 1.1871750847062235 -0.37625206705832814; -0.4158126301348328 -0.37625206705832814 1.20850949258186]
[1.177285631909386 -0.4014062554129104 0.40311059709063585; -0.4014062554129104 1.1926782277556323 0.3784954054885216; 0.40311059709063585 0.3784954054885216 1.1946571668845205]
[1.1997008756849137 0.3870892390025176 -0.4022140754615561; 0.3870892390025176 1.1894771289299855 0.40237136719011624; -0.4022140754615561 0.40237136719011624 1.1838253401396004]
[1.195732432910213 -0.3970765883639368 -0.38638647415041244; -0.3970765883639368 1.1789433836561123 -0.39357877996138385; -0.38638647415041244 -0.39357877996138385 1.183679520462702]
[1.1873111764373874 -0.39808816306985323 -0.39512490770623304; -0.39808816306985323 1.1873159997708345 -0.39376599809393253; -0.39512490770623304 -0.39376599809393253 1.1934864369209173]
[1.2001160734886396 -0.4001112614898446 0.4092372645144755; -0.4001112614898446 1.1801724260739612 0.38313645751038194; 0.4092372645144755 0.38313645751038194 1.1934590062842838]
[1.1959882886577238 0.4181532316451088 0.40849106153230086; 0.4181532316451088 1.2036682571699011 -0.37855929662395066; 0.40849106153230086 -0.37855929662395066 1.1872725443227172]
[1.1847012209729075 -0.39174096666060415 -0.39311253298837134; -0.39174096666060415 1.185690859484405 -0.38764075454145214; -0.39311253298837134 -0.38764075454145214 1.183353255470615]
[1.189255172006691 0.4073416915807125 0.4034577893115928; 0.4073416915807125 1.1914972837981543 -0.3688336911372074; 0.4034577893115928 -0.3688336911372074 1.1805650896130768]
[1.1863989668341361 0.4015892612307202 -0.39296518042365913; 0.4015892612307202 1.1883053617970252 0.3878367041592105; -0.39296518042365913 0.3878367041592105 1.1888894130358683]
[1.1821931956214686 -0.38550849434671447 0.40085042663407944; -0.38550849434671447 1.2008901903667584 0.40561540874735474; 0.40085042663407944 0.40561540874735474 1.1901963614217839]
[1.1817764485615543 -0.4039096907187973 -0.4064671911339701; -0.4039096907187973 1.195771674269196 -0.37761749322340576; -0.4064671911339701 -0.37761749322340576 1.1920614330086643]
[1.1760332708706496 0.39623667328579487 -0.3955663698524197; 0.39623667328579487 1.1901242802369918 0.38286697717377943; -0.3955663698524197 0.38286697717377943 1.189929514455168]
[1.1814871183495388 0.3958171214816259 -0.3977038352889229; 0.3958171214816259 1.1995054886159426 0.39906071073723487; -0.3977038352889229 0.39906071073723487 1.1927639335996343]
[1.1841662622980549 0.38874014773575877 0.39420267394248293; 0.38874014773575877 1.1963973016050686 -0.3957542091124056; 0.39420267394248293 -0.3957542091124056 1.1794061895665595]
[1.19500299421393 0.4022590940285428 0.3937690230779737; 0.4022590940285428 1.185541643979535 -0.38674562652052913; 0.3937690230779737 -0.38674562652052913 1.1834131438421889]
[1.204148310738785 -0.41404113053900504 -0.39599796139466936; -0.41404113053900504 1.1939427593094374 -0.38942314670426875; -0.39599796139466936 -0.38942314670426875 1.1826505941888796]
[1.1807454719692823 -0.393733402661093 -0.39527337269828644; -0.393733402661093 1.1934051340302219 -0.39702305705752905; -0.39527337269828644 -0.39702305705752905 1.1930289838587274]
[1.5510984770535468 0.7750283931594513 0.7672236014788438; 0.7750283931594513 1.1807403883477958 0.3800819380870122; 0.7672236014788438 0.3800819380870122 1.19200295505261]
[1.5388349439012436 0.764140163464187 -0.7649638746119961; 0.764140163464187 1.1863444970487522 -0.3906744492335222; -0.7649638746119961 -0.3906744492335222 1.185774668854537]
[1.183681169180432 -0.40019502191595485 0.39455710677479977; -0.40019502191595485 1.2020989127367296 0.39982514231873445; 0.39455710677479977 0.39982514231873445 1.1899664896659183]
[1.1977923466663254 0.4086895925922061 -0.40456200007447607; 0.4086895925922061 1.1907834045808254 0.38186945657444515; -0.40456200007447607 0.38186945657444515 1.187849560798445]
[1.1909967116344895 0.383039607865588 0.42427313289261553; 0.383039607865588 1.185906435168261 -0.3753558268617373; 0.42427313289261553 -0.3753558268617373 1.1877105188655956]
[1.1832620144935162 -0.40123355429468266 0.41859091967514467; -0.40123355429468266 1.1983340040327775 0.38245268734911547; 0.41859091967514467 0.38245268734911547 1.2025205117438775]
[1.1905355139045204 0.4027624666583919 0.3961844367153697; 0.4027624666583919 1.1834618403572086 -0.38371313820943825; 0.3961844367153697 -0.38371313820943825 1.1899112797567675]
[1.1950720590418797 0.40798131993549286 0.39850852293362155; 0.40798131993549286 1.2034094043448456 -0.391411469613829; 0.39850852293362155 -0.391411469613829 1.1806722942482895]
[1.1951572607830334 -0.4048634392938978 0.3912558505785084; -0.4048634392938978 1.2011535377784064 0.39853142343170733; 0.3912558505785084 0.39853142343170733 1.1795328430494667]
[1.1768564538356105 -0.4133933856052083 -0.41611443181320923; -0.4133933856052083 1.1988737733914159 -0.367267037469868; -0.41611443181320923 -0.367267037469868 1.2037666827151698]
[1.1847491258367664 0.4089637364991088 -0.41889135196606314; 0.4089637364991088 1.1911964555726218 0.3749376206447764; -0.41889135196606314 0.3749376206447764 1.2090112335792593]
[1.572786225833828 0.7856768522261157 0.7842095361607053; 0.7856768522261157 1.1890253830677004 0.37618888417593443; 0.7842095361607053 0.37618888417593443 1.1895353446657175]
[1.5489929940898133 -0.7669829146398494 0.7617497959093869; -0.7669829146398494 1.1763392105886188 -0.3523359015261718; 0.7617497959093869 -0.3523359015261718 1.1858339284966117]
[1.1793703597278393 -0.4273682475574408 -0.4095156079773419; -0.4273682475574408 1.2106082066840729 -0.3681549472944395; -0.4095156079773419 -0.3681549472944395 1.1980745347701183]
[1.1849198530146732 -0.4243141474543883 -0.40021165410506354; -0.4243141474543883 1.197400290079636 -0.3702204191429764; -0.40021165410506354 -0.3702204191429764 1.1946697242652047]
[1.1953741401972724 0.40592413387070736 -0.4058883577452818; 0.40592413387070736 1.189835799675464 0.381926044126227; -0.4058883577452818 0.381926044126227 1.1898283442892041]
[1.184537330684162 0.39476731988393005 0.40127460420319866; 0.39476731988393005 1.1904099543095683 -0.393773925736239; 0.40127460420319866 -0.393773925736239 1.1960264717011928]
[1.1887845549532683 0.3727793091487041 0.40385056754107884; 0.3727793091487041 1.187994084574731 -0.4064614601296272; 0.40385056754107884 -0.4064614601296272 1.1878851513197088]
[1.1900102061352704 -0.4012977522733375 -0.4052455352951256; -0.4012977522733375 1.193283033866374 -0.3801858541030049; -0.4052455352951256 -0.3801858541030049 1.1847901421142968]
[1.1894461351098784 0.4067186451693056 -0.40005003059541816; 0.4067186451693056 1.1986673570449835 0.3820815349823526; -0.40005003059541816 0.3820815349823526 1.1820814053641944]
[1.1880374211679616 0.39100095543270386 0.39807263813252064; 0.39100095543270386 1.1904024383691443 -0.39251329840659877; 0.39807263813252064 -0.39251329840659877 1.1843217939175754]
[1.1835318000966721 -0.40769264169177993 0.4162403486318916; -0.40769264169177993 1.1917821293621316 0.37557646732196953; 0.4162403486318916 0.37557646732196953 1.2062207140710783]
[1.1779271721281361 0.3873913411540818 -0.3945411283500282; 0.3873913411540818 1.1956981250243266 0.4016484180611933; -0.3945411283500282 0.4016484180611933 1.1911631611602806]
[1.5558928473895048 -0.7759713789489173 -0.7616835398012738; -0.7759713789489173 1.1837044420149343 0.3997865478358834; -0.7616835398012738 0.3997865478358834 1.1800991107295886]
[1.1919567150588972 -0.40862625181180995 0.40332908573453546; -0.40862625181180995 1.1961512333066642 0.3785828701267835; 0.40332908573453546 0.3785828701267835 1.1838473964620817]
[1.1884462270323681 0.4031516953263471 0.39302928796539643; 0.4031516953263471 1.1991325453807247 -0.3974656725063414; 0.39302928796539643 -0.3974656725063414 1.1872096329604127]
[1.1836516901051526 0.4114090802512641 0.42134094701057645; 0.4114090802512641 1.1933685296668368 -0.3739080596190078; 0.42134094701057645 -0.3739080596190078 1.212095788182939]
[1.1750417513334757 -0.41121861784761904 0.4106619589236597; -0.41121861784761904 1.196419625355292 0.37210793102610157; 0.4106619589236597 0.37210793102610157 1.2048965962453944]
[1.1930951032473667 -0.398772601529566 -0.38771521099321526; -0.398772601529566 1.1893874017972388 -0.3953970147163126; -0.38771521099321526 -0.3953970147163126 1.1805917958374776]
[1.1887199565915152 -0.4067541064695048 -0.40491823516596354; -0.4067541064695048 1.1914619562032402 -0.36832019601440497; -0.40491823516596354 -0.36832019601440497 1.1815324182405447]
[1.1921621947954641 0.4106478824565315 0.40326548242344085; 0.4106478824565315 1.1918740225368953 -0.37948642762530455; 0.40326548242344085 -0.37948642762530455 1.1907886377219195]
[1.5630271705419148 -0.7779449134103351 -0.7771297436906348; -0.7779449134103351 1.1825304932675986 0.3704688751112084; -0.7771297436906348 0.3704688751112084 1.191141939827174]
[1.1850565408151001 -0.3976773829838602 0.40092519596700743; -0.3976773829838602 1.1918439511044934 0.39394279553910855; 0.40092519596700743 0.39394279553910855 1.196812149052694]
[1.563598281417677 0.7783688008424717 0.7700737024390576; 0.7783688008424717 1.191427992763667 0.35910108895154025; 0.7700737024390576 0.35910108895154025 1.1755023239541897]
[1.1962058012421446 -0.39720949195427924 0.41085743253993845; -0.39720949195427924 1.1782043494025851 0.38399901834458494; 0.41085743253993845 0.38399901834458494 1.1989512625277465]
[1.5666119406929537 -0.7829006882543221 0.7826196359550681; -0.7829006882543221 1.1949118603352717 -0.3918819016125041; 0.7826196359550681 -0.3918819016125041 1.1852301362065407]
[1.2007619251659407 -0.4222293394309251 -0.40632083084027076; -0.4222293394309251 1.1963226064726786 -0.37572518845174285; -0.40632083084027076 -0.37572518845174285 1.1889317628736722]
[1.1839545221884593 0.358404913170179 0.41335191547083167; 0.358404913170179 1.1795721646593662 -0.40360050559963895; 0.41335191547083167 -0.40360050559963895 1.1938945528528273]
[1.1839872475158515 -0.36925642293835975 -0.415604304415069; -0.36925642293835975 1.186074799987535 -0.40580320627408084; -0.415604304415069 -0.40580320627408084 1.2022539589311472]
[1.1895236348196372 -0.39241460420963065 -0.39568423744669823; -0.39241460420963065 1.1932468500320388 -0.3964770557268213; -0.39568423744669823 -0.3964770557268213 1.1829654740816138]
[1.182812632637041 0.3712425251290002 -0.40274095087544814; 0.3712425251290002 1.1933642237533075 0.40986156250499006; -0.40274095087544814 0.40986156250499006 1.1893026954023582]
[1.1831872150836622 -0.42376406918635656 0.40749910292509045; -0.42376406918635656 1.2009703807598777 0.37062695820724023; 0.40749910292509045 0.37062695820724023 1.2002268581081301]
[1.1843105458451402 -0.39940095918335256 0.38668866326984047; -0.39940095918335256 1.1963859933035648 0.3985128848489406; 0.38668866326984047 0.3985128848489406 1.1850694017811765]
[1.1934178096581436 -0.3921156892783839 0.4082652698178785; -0.3921156892783839 1.181872368363468 0.39160588810960273; 0.4082652698178785 0.39160588810960273 1.1978823461422503]
[1.1773252344526315 -0.40130141707841416 0.4030711608472577; -0.40130141707841416 1.1925976627783783 0.3785582430466709; 0.4030711608472577 0.3785582430466709 1.1946116178323554]
[1.1995420721542156 0.3872381794438826 -0.40212695629936923; 0.3872381794438826 1.1897780604226407 0.402162305444001; -0.40212695629936923 0.402162305444001 1.1835329899329985]
[1.205324478787954 -0.38833756857413554 0.40779786263196244; -0.38833756857413554 1.1778611585826262 0.3949463861395619; 0.40779786263196244 0.3949463861395619 1.1892019269559864]
[1.1873542588411028 -0.398073459980347 -0.3951525365666766; -0.398073459980347 1.1873415394151166 -0.3937973623151714; -0.3951525365666766 -0.3937973623151714 1.1934613934344123]
[1.2002547913800683 -0.40008303983303667 0.40923640961611785; -0.40008303983303667 1.180092747378555 0.3831262503297671; 0.40923640961611785 0.3831262503297671 1.1933604290500839]
[1.1958233202158215 0.4182702717378498 0.40820682798589925; 0.4182702717378498 1.2042034829500956 -0.37859875475044386; 0.40820682798589925 -0.37859875475044386 1.1867773967321464]
[1.1955811000367693 -0.40605830307727575 -0.38801799673866605; -0.40605830307727575 1.1969258728344847 -0.39551399398389436; -0.38801799673866605 -0.39551399398389436 1.1782799909069175]
[1.190043481999074 0.39094318225967056 -0.396155415181969; 0.39094318225967056 1.1879180130922007 0.39541257646259215; -0.396155415181969 0.39541257646259215 1.1856990712243216]
[1.1863021466552668 0.401539331742806 -0.39292811277053447; 0.401539331742806 1.1882070420730637 0.38778830512309465; -0.39292811277053447 0.38778830512309465 1.188950973382543]
[1.1822056621075918 -0.38551515611544673 0.40084439207968847; -0.38551515611544673 1.2008716865471138 0.40560582297709014; 0.40084439207968847 0.40560582297709014 1.1901929960909003]
[1.1817469467121244 -0.4037802660055472 -0.4064889582438185; -0.4037802660055472 1.1955892949105564 -0.3776990365153565; -0.4064889582438185 -0.3776990365153565 1.1922435670010978]
[1.1760011728992301 0.3962331338976276 -0.3955508385093336; 0.3962331338976276 1.1901437940162356 0.3828629098273211; -0.3955508385093336 0.3828629098273211 1.1899197080030661]
[1.180996023892141 0.39606818517063763 -0.3972464858029374; 0.39606818517063763 1.1992432481563458 0.3982609926412765; -0.3972464858029374 0.3982609926412765 1.19251294581676]
[1.183975106937183 0.38909430293082525 0.39413525658834103; 0.38909430293082525 1.1968055185739856 -0.39594044756459307; 0.39413525658834103 -0.39594044756459307 1.1796558065076088]
[1.1950515545149976 0.40220739646110476 0.3938170402601557; 0.40220739646110476 1.18545869708928 -0.3867860876167261; 0.3938170402601557 -0.3867860876167261 1.1834837515975283]
[1.2032294463610194 -0.41387996551327 -0.3946893246993578; -0.41387996551327 1.1938855771620849 -0.38996192291533893; -0.3946893246993578 -0.38996192291533893 1.1826878185196465]
[1.1822529222850438 -0.3919664800412663 0.39521149615600104; -0.3919664800412663 1.1944934358884867 0.4006905757110821; 0.39521149615600104 0.4006905757110821 1.192260628167812]
[1.5512921600987546 0.7750702671717621 0.7673346432202824; 0.7750702671717621 1.180727025686757 0.38013283050332025; 0.7673346432202824 0.38013283050332025 1.191970808640822]
[1.1853526167253703 -0.38934495591251034 0.39197559263383835; -0.38934495591251034 1.193821909714114 0.396866942610882; 0.39197559263383835 0.396866942610882 1.1802485233640898]
[1.5390096080450981 0.7643110261067823 -0.7651332992617706; 0.7643110261067823 1.186430817136192 -0.3908541370383354; -0.7651332992617706 -0.3908541370383354 1.1858502320864288]
[1.1830874225447925 -0.39922378505676104 -0.39048585288392745; -0.39922378505676104 1.2031773841108484 -0.4013192409774047; -0.39048585288392745 -0.4013192409774047 1.1859401982147977]
[1.5429029429309196 -0.7573341122825755 -0.7559533995237859; -0.7573341122825755 1.1785424466811696 0.3355412461279654; -0.7559533995237859 0.3355412461279654 1.1752749286187043]
[1.1761347515794982 0.3546154155194555 0.40968755291348224; 0.3546154155194555 1.186143901750859 -0.4105223640685321; 0.40968755291348224 -0.4105223640685321 1.1948054005102444]
[1.1986019392308522 0.408402753033327 -0.4044294314537021; 0.408402753033327 1.1909289770496512 0.38234564213631245; -0.4044294314537021 0.38234564213631245 1.1869348474814554]
[1.1910866702113325 0.3828536595502566 0.42454720076824; 0.3828536595502566 1.1856355565469134 -0.3752507863965981; 0.42454720076824 -0.3752507863965981 1.1878832150301222]
[1.183300451909899 -0.40125867303918017 0.418559034099979; -0.40125867303918017 1.198326115284002 0.3824474875407732; 0.418559034099979 0.3824474875407732 1.2024760653793274]
[1.1903498233266585 0.40300553512428056 0.39603094532142785; 0.40300553512428056 1.1832459919775309 -0.3834610788111369; 0.39603094532142785 -0.3834610788111369 1.1901608372078092]
[1.195049917411203 0.40793037826919587 0.3985832307217148; 0.40793037826919587 1.2034137241507534 -0.39141056862603857; 0.3985832307217148 -0.39141056862603857 1.1807132433309355]
[1.1952531346666757 -0.4046533538081455 0.39122482806648967; -0.4046533538081455 1.2008603746166957 0.39886292899419606; 0.39122482806648967 0.39886292899419606 1.179818683668928]
[1.1767846850532078 -0.4134097483392672 -0.4160298022056945; -0.4134097483392672 1.198969716782401 -0.3672681049338257; -0.4160298022056945 -0.3672681049338257 1.2036755849530059]
[1.1852421711022558 0.4089937653844965 -0.41789012461375563; 0.4089937653844965 1.193515578070936 0.3751640898476401; -0.41789012461375563 0.3751640898476401 1.2053665021653668]
[1.570983270361876 -0.7854812378534476 0.7820943334837406; -0.7854812378534476 1.1897766462263322 -0.40609371592725263; 0.7820943334837406 -0.40609371592725263 1.1882738480340198]
[1.5492650418222618 -0.767533045490536 0.7617018561770479; -0.767533045490536 1.1767873150803156 -0.35263807962281457; 0.7617018561770479 -0.35263807962281457 1.185601774264302]
[1.1792421090438079 -0.42728794095239214 -0.40946726936796807; -0.42728794095239214 1.2105568639749649 -0.368110411854235; -0.40946726936796807 -0.368110411854235 1.1980815485820273]
[1.1848984510878948 -0.4243093836374575 -0.4002206110086364; -0.4243093836374575 1.1974491730898185 -0.3702260499250881; -0.4002206110086364 -0.3702260499250881 1.1946522276439424]
[1.1945615146515753 0.40593017788104696 -0.40564351114686725; 0.40593017788104696 1.1901801364702587 0.38184178524538576; -0.40564351114686725 0.38184178524538576 1.1899794159357895]
[1.1841859388857172 0.39410992718119375 0.40153976331650765; 0.39410992718119375 1.190226198861005 -0.3939902763234032; 0.40153976331650765 -0.3939902763234032 1.196388823080517]
[1.1888183128512324 0.3727462096530814 0.4038178271117029; 0.3727462096530814 1.18795856827866 -0.4064839252373702; 0.4038178271117029 -0.4064839252373702 1.1878453039062464]
[1.1901630038190854 -0.40125088469754894 -0.40525826612484583; -0.40125088469754894 1.1932057455883953 -0.38020596202991447; -0.40525826612484583 -0.38020596202991447 1.1846982358722844]
[1.189453586545461 0.4067009284030749 -0.4000687482963172; 0.4067009284030749 1.1986247940886046 0.38207864423227117; -0.4000687482963172 0.38207864423227117 1.1821141844506147]
[1.188445915356628 0.39177440874894554 0.3983756282510784; 0.39177440874894554 1.1910346173070865 -0.3928562226480557; 0.3983756282510784 -0.3928562226480557 1.184689365149748]
[1.183360196542401 -0.40761633318491824 0.41662052995788085; -0.40761633318491824 1.191719540699084 0.3754657136747101; 0.41662052995788085 0.3754657136747101 1.2066706629632866]
[1.1936686005916648 0.3827160019016275 0.4056328884582378; 0.3827160019016275 1.1872280308483565 -0.4020945354182565; 0.4056328884582378 -0.4020945354182565 1.1908382261173913]
[1.5560272226240246 -0.7759396441155838 -0.7618065113497587; -0.7759396441155838 1.1836494246969915 0.3997037949847948; -0.7618065113497587 0.3997037949847948 1.1801026834085526]
[1.191853793797419 -0.40858743984016355 0.4033814099090526; -0.40858743984016355 1.1961763427112098 0.3785400572451651; 0.4033814099090526 0.3785400572451651 1.1838983834524859]
[1.1858264162401027 0.4131072439955473 0.4191778893174868; 0.4131072439955473 1.1966292867736776 -0.3745844178604794; 0.4191778893174868 -0.3745844178604794 1.2067073257976002]
[1.1754318924950664 -0.4117560020372514 0.4104634540512397; -0.4117560020372514 1.1973739544911532 0.37207946567872224; 0.4104634540512397 0.37207946567872224 1.2038525151615016]
[1.2001347824254398 -0.4081830150305056 -0.39597488307145473; -0.4081830150305056 1.1982309103021487 -0.3933216516039808; -0.39597488307145473 -0.3933216516039808 1.1803182831667132]
[1.1930470286783734 -0.398628723017378 -0.3878990461709154; -0.398628723017378 1.1894061343023195 -0.39520713365366517; -0.3878990461709154 -0.39520713365366517 1.1804700438926898]
[1.1891025318575916 -0.40746841568353875 -0.4042637952340611; -0.40746841568353875 1.1927765508642074 -0.3692165586907272; -0.4042637952340611 -0.3692165586907272 1.1807622384595602]
[1.192116061103194 0.4106379772409586 0.40318616810986085; 0.4106379772409586 1.1918629847494837 -0.3795030601517485; 0.40318616810986085 -0.3795030601517485 1.190772338193318]
[1.5631859166223239 -0.7781154728782602 -0.7773010468119852; -0.7781154728782602 1.182618667723832 0.37073422452312377; -0.7773010468119852 0.37073422452312377 1.1912286385519493]
[1.1850990065974878 -0.397748195393633 0.4007705722863527; -0.397748195393633 1.1921223199812534 0.394178010234367; 0.4007705722863527 0.394178010234367 1.1966401129866664]
[1.18549069153603 -0.407661167564487 0.4147402224973602; -0.407661167564487 1.198776222523292 0.3741831160355045; 0.4147402224973602 0.3741831160355045 1.1942414694947616]
[1.1874174575965755 0.3924710612214415 0.40284917632393297; 0.3924710612214415 1.1831591825882988 -0.38450807643448787; 0.40284917632393297 -0.38450807643448787 1.190494240305049]
[1.5636275500618786 0.7783996356116728 0.7701102502137135; 0.7783996356116728 1.1914713813408373 0.3591437785556982; 0.7701102502137135 0.3591437785556982 1.1754955900110786]
[1.1950822639664884 -0.39724729054536884 0.41164365360247396; -0.39724729054536884 1.1778527034654158 0.3833236338818165; 0.41164365360247396 0.3833236338818165 1.2006116519693386]
[1.5666176286313005 -0.7829034100185336 0.782624150685198; -0.7829034100185336 1.194905821889602 -0.3918816124054793; 0.782624150685198 -0.3918816124054793 1.1852375914561026]
[1.2009111047052354 -0.4226293168703641 -0.4064239033860679; -0.4226293168703641 1.1964341453392686 -0.3756323638308092; -0.4064239033860679 -0.3756323638308092 1.1890980680836198]
[1.1839252320679954 0.35840999032311743 0.41334538356079786; 0.35840999032311743 1.1796311901559833 -0.4035699423906384; 0.41334538356079786 -0.4035699423906384 1.1938335562268434]
[1.1819422855672763 -0.36941503921463853 -0.41273239907776954; -0.36941503921463853 1.1876926992932924 -0.40646360112649693; -0.41273239907776954 -0.40646360112649693 1.2005992894221293]
[1.190644372850521 -0.39338612234206694 -0.39560836914753694; -0.39338612234206694 1.1917252156289824 -0.3964718485511959; -0.39560836914753694 -0.3964718485511959 1.1842353372240557]
[1.1846176787626517 0.37167887765961505 -0.40378493684612926; 0.37167887765961505 1.1907840756478625 0.40468220496158713; -0.40378493684612926 0.40468220496158713 1.1863603903882523]
[1.1831624247469363 -0.42374513605865227 0.40749392350677177; -0.42374513605865227 1.2009857152476409 0.3706596241451848; 0.40749392350677177 0.3706596241451848 1.2002440610402192]
[1.5788219460172181 0.7832581024942695 0.7849205908316796; 0.7832581024942695 1.1849602704005733 0.38505393246276537; 0.7849205908316796 0.38505393246276537 1.1855763551496703]
[1.1914558830375246 -0.3938516122550759 0.40436676854351244; -0.3938516122550759 1.184217423221287 0.3931903338303816; 0.40436676854351244 0.3931903338303816 1.1968806949880242]
[1.1773659590793684 -0.401196446509287 0.40303172393091036; -0.401196446509287 1.1925162332774075 0.37862046219228385; 0.40303172393091036 0.37862046219228385 1.1945650787738313]
[1.199376766443838 0.3873738973019322 -0.40204687266026334; 0.3873738973019322 1.1900778617539562 0.4019690359749724; -0.40204687266026334 0.4019690359749724 1.1832582482714007]
[1.2081606187917788 -0.3973579074017919 0.40545355205009903; -0.3973579074017919 1.1798882402597726 0.3909444062182431; 0.40545355205009903 0.3909444062182431 1.1869564356377627]
[1.1873986115520898 -0.3980572781151829 -0.3951820169454142; -0.3980572781151829 1.187369637348291 -0.393830256281806; -0.3951820169454142 -0.393830256281806 1.1934343888943608]
[1.20036476149016 -0.4000826287106298 0.4092275518896643; -0.4000826287106298 1.180035368939144 0.38310911271733444; 0.4092275518896643 0.38310911271733444 1.1932813869720331]
[1.195489492514033 0.4184733685248697 0.4077168506174357; 0.4184733685248697 1.2051304461987213 -0.378648051407546; 0.4077168506174357 -0.378648051407546 1.185953592218387]
[1.2037205312357928 -0.41725252217149555 0.4112182936091719; -0.41725252217149555 1.1864449865721685 0.3591999513419958; 0.4112182936091719 0.3591999513419958 1.1795415897843156]
[1.1906314309134092 0.40559518535531086 0.40481005031016054; 0.40559518535531086 1.1892213698469611 -0.3750086679986774; 0.40481005031016054 -0.3750086679986774 1.187025689243584]
[1.186230705368001 0.40154846754513784 -0.3929003017324573; 0.40154846754513784 1.1881522888944294 0.3877423031793087; -0.3929003017324573 0.3877423031793087 1.189014262326706]
[1.1822148587265928 -0.38551671743025806 0.40083792729426454; -0.38551671743025806 1.2008555118260775 0.40560586508155094; 0.40083792729426454 0.40560586508155094 1.1901947874810561]
[1.1817579490142052 -0.403669045034894 -0.4065101317789622; -0.403669045034894 1.195395429767937 -0.3777898968758395; -0.4065101317789622 -0.3777898968758395 1.1924226082760598]
[1.175967458454756 0.396230680800676 -0.39553397331068696; 0.396230680800676 1.1901647456592133 0.3828587153022882; -0.39553397331068696 0.3828587153022882 1.189909745008148]
[1.180586899492188 0.3963334446095481 -0.3969465801534183; 0.3963334446095481 1.1987740974491032 0.39729695544380966; -0.3969465801534183 0.39729695544380966 1.192395533510704]
[1.183741872750776 0.3894512027085025 0.3940548673530589; 0.3894512027085025 1.1972231945433538 -0.3961542038944444; 0.3940548673530589 -0.3961542038944444 1.1799552179460522]
[1.195106186524169 0.402145824023822 0.39386819972638104; 0.402145824023822 1.185367233378565 -0.3868360864516203; 0.39386819972638104 -0.3868360864516203 1.1835595201494935]
[1.1952149406561217 -0.4037465123793171 0.3922067011502153; -0.4037465123793171 1.1935885950459233 0.394974380974197; 0.3922067011502153 0.394974380974197 1.1832649952812795]
[1.1819713899310325 -0.3885841284345289 -0.39822149070511764; -0.3885841284345289 1.2042752456758203 -0.4064715032913141; -0.39822149070511764 -0.4064715032913141 1.1883293266957808]
[1.5514882104964778 0.7751149684454967 0.7674446999543096; 0.7751149684454967 1.1807149732686184 0.3801850782871531; 0.7674446999543096 0.3801850782871531 1.191936835673344]
[1.185070615479493 -0.38834009560292193 0.39080815648034384; -0.38834009560292193 1.1938700607216894 0.39891586781557314; 0.39080815648034384 0.39891586781557314 1.1803761508994213]
[1.5391745365722704 0.7644724184501394 -0.7652948397498243; 0.7644724184501394 1.1865118173261615 -0.3910281281937408; -0.7652948397498243 -0.3910281281937408 1.1859238274304404]
[1.182371550169961 -0.39795665684143744 -0.3921781293022109; -0.39795665684143744 1.2041572071797197 -0.4008840433716083; -0.3921781293022109 -0.4008840433716083 1.1856820602140428]
[1.5426961578292209 -0.7568789189429548 -0.756010137755542; -0.7568789189429548 1.1780677922791725 0.33506602714483175; -0.756010137755542 0.33506602714483175 1.1755945598732214]
[1.192324855339669 0.40820415839654156 -0.4103543799161507; 0.40820415839654156 1.1845623097783846 0.36193792195241664; -0.4103543799161507 0.36193792195241664 1.185562982600213]
[1.1992201232776691 0.4082590232664047 -0.4044973160331244; 0.4082590232664047 1.1913877729163689 0.38266549138768147; -0.4044973160331244 0.38266549138768147 1.1860953061444903]
[1.1911865745150558 0.382655693438073 0.42484096030104684; 0.382655693438073 1.1853401256058855 -0.37513267977787756; 0.42484096030104684 -0.37513267977787756 1.1880659094476378]
[1.183338367395021 -0.40128355679995886 0.41852661111184203; -0.40128355679995886 1.1983185770349283 0.3824421034697142; 0.41852661111184203 0.3824421034697142 1.2024308305202116]
[1.1901760829822887 0.403269088589123 0.3958969820521558; 0.403269088589123 1.1830516073450705 -0.38320082559145086; 0.3958969820521558 -0.38320082559145086 1.1904092864277696]
[1.19502872166804 0.40788215123957355 0.3986542515422868; 0.40788215123957355 1.2034172394223825 -0.3914085934081693; 0.3986542515422868 -0.3914085934081693 1.1807520015018982]
[1.19535870261822 -0.40443976491498806 0.39121172512879077; -0.40443976491498806 1.2005618696785716 0.39916529847809507; 0.39121172512879077 0.39916529847809507 1.1800857324358243]
[1.1767160737960654 -0.41342919066289113 -0.4159459652144468; -0.41342919066289113 1.1990662101422553 -0.3672694480434241; -0.4159459652144468 -0.3672694480434241 1.2035849520092345]
[1.186750257794952 0.4083247562494295 -0.41683660661589195; 0.4083247562494295 1.1931821052702223 0.37596945723725056; -0.41683660661589195 0.37596945723725056 1.2031353196872387]
[1.569157668354148 -0.7838527425800069 0.7798374861817957; -0.7838527425800069 1.1890482026363292 -0.4042946649907728; 0.7798374861817957 -0.4042946649907728 1.1869531407088576]
[1.5495521051085808 -0.7680572608620736 0.7616997425172962; -0.7680572608620736 1.1772086778863429 -0.352949926175418; 0.7616997425172962 -0.352949926175418 1.1854006398827968]
[1.1791146261060075 -0.42720083620292126 -0.40941998214127306; -0.42720083620292126 1.2105025524051634 -0.368068020950638; -0.40941998214127306 -0.368068020950638 1.1980867173949856]
[1.1848771398340199 -0.42430555163220546 -0.40022966023349343; -0.42430555163220546 1.1974987064696956 -0.3702317181447817; -0.40022966023349343 -0.3702317181447817 1.194635098098114]
[1.1936642078752133 0.40590922808953306 -0.40535490254617795; 0.40590922808953306 1.190540147166512 0.3817592761693019; -0.40535490254617795 0.3817592761693019 1.1901311840366098]
[1.1838697441029873 0.3935170810372203 0.4017936029502222; 0.3935170810372203 1.1900394487282027 -0.3941519427816572; 0.4017936029502222 -0.3941519427816572 1.196717925011357]
[1.1826604775792597 -0.400316226129335 -0.3887602147794281; -0.400316226129335 1.203724353174076 -0.3956911086957537; -0.3887602147794281 -0.3956911086957537 1.1796117679448772]
[1.1888522516140163 0.3727186338408866 0.4037818158249146; 0.3727186338408866 1.1879252430925278 -0.4065073925565169; 0.4037818158249146 -0.4065073925565169 1.1878061608548283]
[1.190316000753323 -0.40120481633821264 -0.40527067750333573; -0.40120481633821264 1.1931312846125635 -0.3802273014997112; -0.40527067750333573 -0.3802273014997112 1.1846050581175545]
[1.1894606216757238 0.4066840683549505 -0.4000869172636454; 0.4066840683549505 1.19858451052172 0.3820755323140218; -0.4000869172636454 0.3820755323140218 1.1821452234846463]
[1.1887671483863078 0.3923494443598502 0.398534593212655; 0.3923494443598502 1.1913062179134846 -0.3932286143979733; 0.398534593212655 -0.3932286143979733 1.1851927956168233]
[1.183249805411158 -0.4076245378281462 0.41706041293039015; -0.4076245378281462 1.1917040982774392 0.3753291909638234; 0.41706041293039015 0.3753291909638234 1.2071346428893657]
[1.1882609737330025 0.38056109916589387 0.4050328970987997; 0.38056109916589387 1.1963713703228764 -0.40527458375721065; 0.4050328970987997 -0.40527458375721065 1.1876594054697407]
[1.5561579686828222 -0.7759099605084544 -0.7619143050473866; -0.7759099605084544 1.1836228311129633 0.3996301481567996; -0.7619143050473866 0.3996301481567996 1.1800691255523679]
[1.192695126693877 0.41183714727808063 0.39555223394014916; 0.41183714727808063 1.2097038343352466 -0.39232920919696496; 0.39555223394014916 -0.39232920919696496 1.178667954672699]
[1.1917509644267041 -0.4085503602643443 0.403433905322752; -0.4085503602643443 1.1962014419765166 0.3784954936762096; 0.403433905322752 0.3784954936762096 1.1839495246039584]
[1.1847275502727337 0.4110336253963582 0.41619871301276307; 0.4110336253963582 1.196815595458253 -0.37510016190238327; 0.41619871301276307 -0.37510016190238327 1.202883422768791]
[1.1760338301779454 -0.4123020843389512 0.4105378239718701; -0.4123020843389512 1.1981556465983234 0.3720107410051844; 0.4105378239718701 0.3720107410051844 1.203014614570483]
[1.1929968076084996 -0.39848686935816724 -0.3880784500379562; -0.39848686935816724 1.1894243165798328 -0.39502283864725607; -0.3880784500379562 -0.39502283864725607 1.1803543262745575]
[1.1892140920991574 -0.40795791178483803 -0.40336447036675505; -0.40795791178483803 1.1940895183166647 -0.370797174201383; -0.40336447036675505 -0.370797174201383 1.1804586569938345]
[1.1920733225883817 0.4106355635737058 0.40311395906859016; 0.4106355635737058 1.1918565270137131 -0.3795147750749969; 0.40311395906859016 -0.3795147750749969 1.1907580417256987]
[1.5633396870105327 -0.7782807083404257 -0.7774703516726951; -0.7782807083404257 1.182703602030335 0.37099350789605273; -0.7774703516726951 0.37099350789605273 1.191316530134841]
[1.1851583871328697 -0.39783820185269214 0.40062294864063136; -0.39783820185269214 1.1924084829941204 0.39438547044048716; 0.40062294864063136 0.39438547044048716 1.1964420267018634]
[1.1830041245751914 -0.40746267655909746 0.4143860469018095; -0.40746267655909746 1.198921454088682 0.3736806285038277; 0.4143860469018095 0.3736806285038277 1.1956008345292917]
[1.1913131345289298 0.40049278826062085 0.4040263469080343; 0.40049278826062085 1.1879495788791876 -0.38377144006588587; 0.4040263469080343 -0.38377144006588587 1.1902617250529623]
[1.563656033020577 0.7784313411178535 0.7701474249105098; 0.7784313411178535 1.1915162528406442 0.35918836165950246; 0.7701474249105098 0.35918836165950246 1.175489592923389]
[1.1940814771645694 -0.39753114298561504 0.41224290452294826; -0.39753114298561504 1.1779609524226113 0.3826787390435646; 0.41224290452294826 0.3826787390435646 1.201776817614602]
[1.5666217560199667 -0.7829067685885477 0.782628192041427; -0.7829067685885477 1.1949018483515652 -0.39188165501248756; 0.782628192041427 -0.39188165501248756 1.1852447276711369]
[1.2010440784212368 -0.42305380750715227 -0.4065131277585244; -0.42305380750715227 1.196576622969839 -0.37552951823011205; -0.4065131277585244 -0.37552951823011205 1.1892515507555401]
[1.1838942784248927 0.3584112795030463 0.4133422445890839; 0.3584112795030463 1.1796882980109442 -0.403538785768672; 0.4133422445890839 -0.403538785768672 1.193775325741091]
[1.1784610448577382 -0.36810708334656644 -0.4099444756679264; -0.36810708334656644 1.1896450784512653 -0.4068559905214797; -0.4099444756679264 -0.4068559905214797 1.1984625026207838]
[1.1953378306555316 -0.41971566583907416 -0.39035825697383614; -0.41971566583907416 1.207288397685038 -0.3904933498924366; -0.39035825697383614 -0.3904933498924366 1.1793569734244531]
[1.1900413121255817 -0.39347995827125787 -0.395211570679134; -0.39347995827125787 1.193209372245685 -0.3969269539183727; -0.395211570679134 -0.3969269539183727 1.1835135685237759]
[1.184531375251245 0.37302939834947246 -0.4022696973041486; 0.37302939834947246 1.1912513360276091 0.40242529072764077; -0.4022696973041486 0.40242529072764077 1.1835413516676205]
[1.1831367500325995 -0.42372520981214395 0.4074895822707945; -0.42372520981214395 1.201000241578448 0.3706920359725624; 0.4074895822707945 0.3706920359725624 1.2002625781092335]
[1.5791634139031339 0.7833354417474717 0.7847554331390474; 0.7833354417474717 1.184629740298194 0.3850454961561732; 0.7847554331390474 0.3850454961561732 1.1854774205896081]
[1.1784402795258562 -0.4027762424411759 -0.41430323144561443; -0.4027762424411759 1.1924007795138063 -0.37646519939200956; -0.41430323144561443 -0.37646519939200956 1.2046641140851937]
[1.1774038463295293 -0.4010905590282328 0.4029927027292108; -0.4010905590282328 1.1924348681673071 0.3786827639104748; 0.4029927027292108 0.3786827639104748 1.1945210121935792]
[1.1992042810746384 0.3874998294089368 -0.4019738711470088; 0.3874998294089368 1.1903793426298725 0.4017835097921752; -0.4019738711470088 0.4017835097921752 1.182994340528695]
[1.2032722326429741 -0.3995768383696279 -0.40119189218318746; -0.3995768383696279 1.1838207347187713 -0.3907639366621007; -0.40119189218318746 -0.3907639366621007 1.185614456981437]
[1.1832406410012375 -0.39196751469692753 -0.39976056878823635; -0.39196751469692753 1.19875666190037 -0.39432080070566594; -0.39976056878823635 -0.39432080070566594 1.1852876732604252]
[1.1874399839091854 -0.3980412569856794 -0.39520743078491827; -0.3980412569856794 1.1874005715380385 -0.3938647338859652; -0.39520743078491827 -0.3938647338859652 1.1934052162157074]
[1.200450264252564 -0.4001031999128289 0.40921634044710864; -0.4001031999128289 1.1799975125684499 0.38308678515556394; 0.40921634044710864 0.38308678515556394 1.193220915283825]
[1.1949929717131478 0.4185728063993726 0.40722055191209383; 0.4185728063993726 1.2058969516483187 -0.378664747313614; 0.40722055191209383 -0.378664747313614 1.1853095470366395]
[1.2063761344542758 -0.4179330797225966 0.4128578522419696; -0.4179330797225966 1.1861255507208182 0.35982389323116126; 0.4128578522419696 0.35982389323116126 1.1801383255859421]
[1.1952762236743664 0.37938776332993135 -0.3985768448041661; 0.37938776332993135 1.1874864273501728 0.40603381630792607; -0.3985768448041661 0.40603381630792607 1.182731843205499]
[1.1861837448727037 0.40161959680544845 -0.39288239664098357; 0.40161959680544845 1.1881435951498154 0.3876996028051246; -0.39288239664098357 0.3876996028051246 1.1890821725700391]
[1.1822304655387286 -0.3855235310577785 0.40083338324642553; -0.3855235310577785 1.200833112161308 0.40559355215464415; 0.40083338324642553 0.40559355215464415 1.1901910422499742]
[1.1818066906727338 -0.40357972915737284 -0.40653062095561104; -0.40357972915737284 1.1951934876143455 -0.37788674858077126; -0.40653062095561104 -0.37788674858077126 1.1925984341444844]
[1.1759347947217504 0.39622888602656375 -0.39551677984356004; 0.39622888602656375 1.1901866734767916 0.3828550936388794; -0.39551677984356004 0.3828550936388794 1.1898986244565812]
[1.1803152822034753 0.3965539370046614 -0.3968772405700803; 0.3965539370046614 1.1981127689602198 0.39623591093787625; -0.3968772405700803 0.39623591093787625 1.1924228758422977]
[1.183471873972068 0.3897914081437533 0.39399884560857434; 0.3897914081437533 1.197631872641245 -0.3963513852256903; 0.39399884560857434 -0.3963513852256903 1.1802919925028579]
[1.1951721526277217 0.40206964219549485 0.3939223143999546; 0.40206964219549485 1.1852638077620712 -0.3868954488982859; 0.3939223143999546 -0.3868954488982859 1.1836335600699086]
[1.551715330591099 0.7751468075520925 0.7675797934830341; 0.7751468075520925 1.180677797247641 0.38024733365340774; 0.7675797934830341 0.38024733365340774 1.1919083297359019]
[1.1849301878978187 -0.3884548173020562 0.3897670366753498; -0.3884548173020562 1.1941179226935523 0.40036264802638877; 0.3897670366753498 0.40036264802638877 1.1807898446350726]
[1.539328523005962 0.7646268496472152 -0.765448113244284; 0.7646268496472152 1.1865906401783504 -0.3911991330863477; -0.765448113244284 -0.3911991330863477 1.185995684281276]
[1.5424519682191793 -0.7563719078754702 -0.7560422998733446; -0.7563719078754702 1.1775677693017181 0.3345073138515666; -0.7560422998733446 0.3345073138515666 1.1759076124813432]
[1.1996168335654096 0.40837689582663084 -0.404800727140321; 0.40837689582663084 1.1922347267179474 0.38276587956582137; -0.404800727140321 0.38276587956582137 1.1853786948613523]
[1.1912957731799927 0.38244331553000716 0.42515714885052214; 0.38244331553000716 1.1850178800747448 -0.3749997481418515; 0.42515714885052214 -0.3749997481418515 1.1882602739954666]
[1.1833770765760125 -0.40130821455982635 0.41849522913506715; -0.40130821455982635 1.1983099993857456 0.38243635689605876; 0.41849522913506715 0.38243635689605876 1.2023863099830516]
[1.1900141959277835 0.40355135720142965 0.39578206669464683; 0.40355135720142965 1.1828799731784514 -0.38293458118432805; 0.39578206669464683 -0.38293458118432805 1.1906553198084162]
[1.1950049458334775 0.40783190607555425 0.3987220868485829; 0.40783190607555425 1.203422913697351 -0.3914110898601612; 0.3987220868485829 -0.3914110898601612 1.1807904207545195]
[1.1954821331027723 -0.404209636999015 0.3912136529141515; -0.404209636999015 1.2002351229036199 0.39946021557682304; 0.3912136529141515 0.39946021557682304 1.1803543560567917]
[1.578488263401306 -0.789031263563848 -0.7878041045931883; -0.789031263563848 1.1891495851938694 0.40019131043045836; -0.7878041045931883 0.40019131043045836 1.190372565785516]
[1.1766498181602152 -0.41344869125845424 -0.4158648335079467; -0.41344869125845424 1.1991620854139458 -0.3672694968498128; -0.4158648335079467 -0.3672694968498128 1.2034941083209014]
[1.1868944883732735 0.4084397364421359 -0.4160225002880719; 0.4084397364421359 1.1937002063941136 0.37608463510209095; -0.4160225002880719 0.37608463510209095 1.2018513630754155]
[1.5672484035088299 -0.7821995147204884 0.7773979514553451; -0.7821995147204884 1.1882523950229067 -0.40258977601986584; 0.7773979514553451 -0.40258977601986584 1.1855893845705747]
[1.5498421970818057 -0.7685484633399824 0.76173254922966; -0.7685484633399824 1.1775986500618993 -0.3532611669458381; 0.76173254922966 -0.3532611669458381 1.1852297406861336]
[1.1789886014823336 -0.42710854026082584 -0.40937407436374895; -0.42710854026082584 1.2104455627920394 -0.3680260745268202; -0.40937407436374895 -0.3680260745268202 1.19808941323411]
[1.1848563230111864 -0.4243008134262092 -0.400239527881769; -0.4243008134262092 1.1975470527723135 -0.3702373771087166; -0.400239527881769 -0.3702373771087166 1.1946185322252365]
[1.1926586346526658 0.40584830715322423 -0.4050114513206437; 0.40584830715322423 1.1909137819107454 0.3816803986211711; -0.4050114513206437 0.3816803986211711 1.1902872379710283]
[1.1835818756299874 0.3930195920915657 0.4019819373698081; 0.3930195920915657 1.189838640371186 -0.3942659580462215; 0.4019819373698081 -0.3942659580462215 1.1970148594877958]
[1.1828604942637457 -0.40086855188453463 -0.38819232092997447; -0.40086855188453463 1.203567337553388 -0.39596557111077973; -0.38819232092997447 -0.39596557111077973 1.1798222380896144]
[1.1888826362748008 0.3726874530469279 0.40374913261962614; 0.3726874530469279 1.1878926469067919 -0.406531389596518; 0.40374913261962614 -0.406531389596518 1.1877701802747422]
[1.1904843368063573 -0.4011539793000865 -0.4052843007786955; -0.4011539793000865 1.1930486805455978 -0.3802523833578146; -0.4052843007786955 -0.3802523833578146 1.1845046470885994]
[1.189470215079343 0.40666529460786655 -0.4001065979298388; 0.40666529460786655 1.1985390200579566 0.38207212640706606; -0.4001065979298388 0.38207212640706606 1.1821781435368515]
[1.203454859140312 0.4075895941937209 -0.4190452296473875; 0.4075895941937209 1.1764158833750653 0.36552539292295044; -0.4190452296473875 0.36552539292295044 1.1941350146857501]
[1.18319838844388 -0.40771684567114924 0.41757673620603464; -0.40771684567114924 1.1917230331555686 0.3751651088383897; 0.41757673620603464 0.3751651088383897 1.2076433511192297]
[1.2063784982872965 0.3686092067125943 -0.4214241011217518; 0.3686092067125943 1.2069289670984216 0.4161350320817325; -0.4214241011217518 0.4161350320817325 1.176042020893614]
[1.5562714533772184 -0.7758735827681289 -0.7619855415200839; -0.7758735827681289 1.1836216809783628 0.39956334350124884; -0.7619855415200839 0.39956334350124884 1.1799859133083839]
[1.1979971906767741 0.4112520103608811 0.3991282771860729; 0.4112520103608811 1.2043793730226133 -0.386656109311548; 0.3991282771860729 -0.386656109311548 1.1760081324989196]
[1.1916467153940564 -0.4085105799967494 0.40348548184815103; -0.4085105799967494 1.1962261366832854 0.3784536229635669; 0.40348548184815103 0.3784536229635669 1.1840015020021497]
[1.5824743838580522 0.7856842804967701 0.7871178881830123; 0.7856842804967701 1.19044546287222 0.3868758162928403; 0.7871178881830123 0.3868758162928403 1.1810758419241092]
[1.1832941248437006 0.4079470414122923 0.4129246701402809; 0.4079470414122923 1.193795167813373 -0.37590203978963027; 0.4129246701402809 -0.37590203978963027 1.201578275321705]
[1.1767549121119039 -0.41276764350951783 0.4108676225397214; -0.41276764350951783 1.198724870223036 0.37190766434189326; 0.4108676225397214 0.37190766434189326 1.2024144546466555]
[1.1929453300313726 -0.3983445857233309 -0.3882559360404141; -0.3983445857233309 1.1894409568846995 -0.3948436496686217; -0.3882559360404141 -0.3948436496686217 1.1802443037741268]
[1.1890550685149437 -0.4082464728215692 -0.4022919370474031; -0.4082464728215692 1.1953007702149359 -0.37267257574325835; -0.4022919370474031 -0.37267257574325835 1.1804426451722119]
[1.1920325155416844 0.41063712907798494 0.4030395058196651; 0.41063712907798494 1.1918508662052347 -0.3795252676152819; 0.4030395058196651 -0.3795252676152819 1.1907415786132018]
[1.5635007693588547 -0.7784508402517999 -0.7776454434120553; -0.7784508402517999 1.1827903094139534 0.3712592431992708; -0.7776454434120553 0.3712592431992708 1.191405871145603]
[1.1852232731044818 -0.3979329769537418 0.40048171862766957; -0.3979329769537418 1.1926971099289574 0.3945832953407723; 0.40048171862766957 0.3945832953407723 1.1962376964264911]
[1.1961192587879428 0.40227263044145395 0.41232812827405363; 0.40227263044145395 1.1783834044163768 -0.38249619283173353; 0.41232812827405363 -0.38249619283173353 1.2040314642386925]
[1.5636849243503665 0.7784618642592585 0.7701843534338365; 0.7784618642592585 1.191558768521538 0.35923120439132894; 0.7701843534338365 0.35923120439132894 1.1754841738243886]
[1.1932402954104984 -0.3979921708855896 0.4127577844662511; -0.3979921708855896 1.1783501902223092 0.3820639084506581; 0.4127577844662511 0.3820639084506581 1.20262332733028]
[1.5666341437172042 -0.7829134484317238 0.7826363350314723; -0.7829134484317238 1.1948966635100458 -0.39188426597951564; 0.7826363350314723 -0.39188426597951564 1.1852521535347214]
[1.2011551452391847 -0.4235024275620259 -0.40658419865045525; -0.4235024275620259 1.1967553214441804 -0.3754191168566857; -0.40658419865045525 -0.3754191168566857 1.1893903780396753]
[1.1838628770394612 0.35841005841351176 0.4133417781282081; 0.35841005841351176 1.1797434452375803 -0.40350839171889824; 0.4133417781282081 -0.40350839171889824 1.1937205280015277]
[1.17776746409197 -0.3677223977027987 -0.40954969097415994; -0.3677223977027987 1.1899611480872028 -0.40687695736361473; -0.40954969097415994 -0.40687695736361473 1.1980966901826928]
[1.1958349386618126 -0.41996157970820913 -0.3901616681793939; -0.41996157970820913 1.2072788955461533 -0.390174149006451; -0.3901616681793939 -0.390174149006451 1.1786043218484645]
[1.1877041149728744 0.4003699173163381 -0.39977066983038456; 0.4003699173163381 1.1891451905272858 0.38267110682142097; -0.39977066983038456 0.38267110682142097 1.1872202369233344]
[1.183994793244232 0.3745351074952964 -0.400760986344552; 0.3745351074952964 1.192622331199021 0.4017799739578673; -0.400760986344552 0.4017799739578673 1.1820333314673157]
[1.1831112950022422 -0.4237059025065 0.4074847223030729; -0.4237059025065 1.2010153642924575 0.3707246407395043; 0.4074847223030729 0.3707246407395043 1.2002805708650277]
[1.1839868759763446 -0.39953452405727236 0.38574537656696667; -0.39953452405727236 1.1960337898640199 0.3987764185481193; 0.38574537656696667 0.3987764185481193 1.1852085179697034]
[1.1790022688505386 -0.4048459587124902 -0.4150126886445633; -0.4048459587124902 1.1948118513520234 -0.37584460129280817; -0.4150126886445633 -0.37584460129280817 1.203926090121497]
[1.1774411863430583 -0.4009838379130456 0.4029535745827523; -0.4009838379130456 1.192352804995254 0.3787454388755294; 0.4029535745827523 0.3787454388755294 1.1944776574700382]
[1.199027386991449 0.38761794362007995 -0.4019072549856208; 0.38761794362007995 1.1906873750706282 0.4016061196593624; -0.4019072549856208 0.4016061196593624 1.1827353756810381]
[1.203810911437115 -0.40195207804269384 -0.4001341549284313; -0.40195207804269384 1.1848922208016557 -0.38976062305368303; -0.4001341549284313 -0.38976062305368303 1.1843251613279562]
[1.1832602626821753 -0.39196360521950707 -0.3997636671597556; -0.39196360521950707 1.198732097554695 -0.3943475428726434; -0.3997636671597556 -0.3943475428726434 1.1853177936766615]
[1.1874801306891027 -0.3980283581436536 -0.3952287416155097; -0.3980283581436536 1.18743433625455 -0.3938982774011442; -0.3952287416155097 -0.3938982774011442 1.1933725452375645]
[1.2005864759891591 -0.3999427773538244 0.40924719393348075; -0.3999427773538244 1.1798722813702576 0.3831281895267596; 0.40924719393348075 0.3831281895267596 1.193120710258415]
[1.1944262907223466 0.41857602271064953 0.4067554205540371; 0.41857602271064953 1.2064733574051119 -0.37866615807801635; 0.4067554205540371 -0.37866615807801635 1.184843438424668]
[1.1890384740714242 -0.3931309509104747 -0.3978403663869551; -0.3931309509104747 1.1915707117377063 -0.3929984539083835; -0.3978403663869551 -0.3929984539083835 1.1845115186756001]
[1.1956464711762147 0.37913228013433486 0.41781426376503056; 0.37913228013433486 1.1873121761526284 -0.4009281681841454; 0.41781426376503056 -0.4009281681841454 1.1964277158706276]
[1.186168432064238 0.40176364188205393 -0.39287805517550856; 0.40176364188205393 1.1881894541042692 0.3876622942359189; -0.39287805517550856 0.3876622942359189 1.1891556665445675]
[1.1822465460222749 -0.3855299254824472 0.4008284457101547; -0.3855299254824472 1.2008119893861569 0.40558570177734965; 0.4008284457101547 0.40558570177734965 1.1901892217262375]
[1.1818848337015404 -0.40350836900919423 -0.40654294847899075; -0.40350836900919423 1.194995034860627 -0.3779861511171555; -0.40654294847899075 -0.3779861511171555 1.1927530837475633]
[1.1759017492495 0.39622600865679536 -0.39550024674183965; 0.39622600865679536 1.1902065891746987 0.382850433994182; -0.39550024674183965 0.382850433994182 1.1898884701984422]
[1.1802529620878814 0.39671662323207385 -0.39710572301645514; 0.39671662323207385 1.1972762129137933 0.39511799063827424; -0.39710572301645514 0.39511799063827424 1.1926000973822846]
[1.1952458406053763 0.40198526067426227 0.3939811840411265; 0.40198526067426227 1.1851535591723534 -0.38696034055737205; 0.3939811840411265 -0.38696034055737205 1.1837087407018645]
[1.580081247638069 0.7859304470738521 -0.789733434841446; 0.7859304470738521 1.186679357890883 -0.3923297369995225; -0.789733434841446 -0.3923297369995225 1.1900286663970432]
[1.551960675905079 0.7751723746319388 0.7677281185904223; 0.7751723746319388 1.1806258319643894 0.3803157134379537; 0.7677281185904223 0.3803157134379537 1.1918829757819953]
[1.1847457323830202 -0.38967534922773145 0.3890748485619729; -0.38967534922773145 1.1946552756521747 0.40090851871987504; 0.3890748485619729 0.40090851871987504 1.1814914434997008]
[1.5394735992755149 0.7647729609105212 -0.765593729869319; 0.7647729609105212 1.1866642582798332 -0.39136527542187677; -0.765593729869319 -0.39136527542187677 1.186065987546896]
[1.5540884427248318 -0.7702201833771888 0.7629705252507044; -0.7702201833771888 1.1834558105047341 -0.3528032523117603; 0.7629705252507044 -0.3528032523117603 1.177972906858848]
[1.5752119811954188 0.783731540186708 0.7790859199824804; 0.783731540186708 1.1864300211386214 0.3962417684802219; 0.7790859199824804 0.3962417684802219 1.182461250604539]
[1.1880074548376531 -0.3909687566346371 -0.3971961575318939; -0.3909687566346371 1.1823072184590107 -0.39354460433506594; -0.3971961575318939 -0.39354460433506594 1.1925464406335309]
[1.5421363056062938 -0.7557483604946706 -0.7560505106871667; -0.7557483604946706 1.1769837010635866 0.33378590234915434; -0.7560505106871667 0.33378590234915434 1.1762493704326804]
[1.199732123109286 0.4088917659819778 -0.4053854394517236; 0.4088917659819778 1.1935848456409601 0.38257748793765517; -0.4053854394517236 0.38257748793765517 1.184846198829828]
[1.1914149911369454 0.38221559989863196 0.425496377298159; 0.38221559989863196 1.1846662550278757 -0.3748486458342679; 0.425496377298159 -0.3748486458342679 1.1884646259160299]
[1.1834140914389997 -0.40133267653274063 0.41846257779153856; -0.40133267653274063 1.1983029137240107 0.3824312943960821; 0.41846257779153856 0.3824312943960821 1.2023412098868451]
[1.1898583166186427 0.4038516571175243 0.3956882169395956; 0.4038516571175243 1.1827316874683504 -0.38266108272538574; 0.3956882169395956 -0.38266108272538574 1.190904330315184]
[1.194981754874859 0.4077815835139173 0.39878873416703214; 0.4077815835139173 1.2034269564963624 -0.39141274216074917; 0.39878873416703214 -0.39141274216074917 1.1808277626888954]
[1.1956188808241501 -0.4039672451067134 -0.40041922252144696; -0.4039672451067134 1.1998891260014717 -0.39618546758131695; -0.40041922252144696 -0.39618546758131695 1.1862508157833676]
[1.1765859562123158 -0.4134703257599698 -0.41578619966707764; -0.4134703257599698 1.1992567007905122 -0.3672694712214294; -0.41578619966707764 -0.3672694712214294 1.203406804154888]
[1.1862862506238214 0.4089319870268374 -0.415896161666513; 0.4089319870268374 1.1944261514813697 0.3757227249654855; -0.415896161666513 0.3757227249654855 1.2017749784223903]
[1.565159552356415 -0.780481706249546 0.7746965090665822; -0.780481706249546 1.1873648820514138 -0.4009332776696661; 0.7746965090665822 -0.4009332776696661 1.1841856974926706]
[1.5501327209244948 -0.7690041044010635 0.7617967957057021; -0.7690041044010635 1.1779538054181733 -0.35356904555084584; 0.7617967957057021 -0.35356904555084584 1.185089170769907]
[1.178861406853322 -0.4270093050146819 -0.4093292916110021; -0.4270093050146819 1.210386009025638 -0.3679866293094319; -0.4093292916110021 -0.3679866293094319 1.1980921840586694]
[1.1848352772002242 -0.42429649675225767 -0.40024893506579373; -0.42429649675225767 1.197596036211257 -0.3702429331470749; -0.40024893506579373 -0.3702429331470749 1.1946014351706031]
[1.1914739553239364 0.4057031938427923 -0.4045834854324769; 0.4057031938427923 1.1912862270768994 0.381613112493275; -0.4045834854324769 0.381613112493275 1.1904673544127855]
[1.1833046933998141 0.39258086042072243 0.4021560556427958; 0.39258086042072243 1.1896354279540085 -0.39433446701490316; 0.4021560556427958 -0.39433446701490316 1.197302898639989]
[1.1825212159703846 -0.39996548304173507 -0.3892703967257288; -0.39996548304173507 1.2040057242021247 -0.3953447275571647; -0.3892703967257288 -0.3953447275571647 1.1792908958506703]
[1.1889125591634921 0.3726547321558749 0.40371783957842605; 0.3726547321558749 1.1878609134595524 -0.40655502036102753; 0.40371783957842605 -0.40655502036102753 1.187733360288106]
[1.1906815232582564 -0.4010977106893079 -0.4052971808740668; -0.4010977106893079 1.1929541823300207 -0.38028184149023153; -0.4052971808740668 -0.38028184149023153 1.1843851062492008]
[1.1894773034092572 0.406648654637347 -0.40012540034601435; 0.406648654637347 1.19849814386504 0.38206894684603726; -0.40012540034601435 0.38206894684603726 1.1822105117141812]
[1.2025239706007673 0.40725260287035076 -0.41812855850138025; 0.40725260287035076 1.1780424941178198 0.3669654357816652; -0.41812855850138025 0.3669654357816652 1.1935625459257888]
[1.1831995644335425 -0.40789306436682893 0.4181832914430845; -0.40789306436682893 1.1917693674043395 0.37497242095764277; 0.4181832914430845 0.37497242095764277 1.2082239934632495]
[1.1876679665376884 0.3953989207371023 -0.3984452190516023; 0.3953989207371023 1.1926001814039344 0.394841657270619; -0.3984452190516023 0.394841657270619 1.1895372076525952]
[1.5563701414865836 -0.7758289967725908 -0.7620155022018379; -0.7758289967725908 1.1836482855414145 0.3994994962726185; -0.7620155022018379 0.3994994962726185 1.1798420615891936]
[1.1966127617912414 0.4154619197531821 0.39103290948343294; 0.4154619197531821 1.20509171560565 -0.38999450630858995; 0.39103290948343294 -0.38999450630858995 1.176114553140322]
[1.1915393990362986 -0.4084687417504679 0.4035386242332356; -0.4084687417504679 1.1962496304378913 0.37841227208233297; 0.4035386242332356 0.37841227208233297 1.184057811928359]
[1.582758641250676 0.7856896530364917 0.7871317373325094; 0.7856896530364917 1.1902352136162404 0.3870423539029784; 0.7871317373325094 0.3870423539029784 1.181018904458105]
[1.1832852396778433 0.40703852468219326 0.41041368836960757; 0.40703852468219326 1.1909324954634535 -0.37646757569827516; 0.41041368836960757 -0.37646757569827516 1.2014847961724684]
[1.17751207893331 -0.41310830108672203 0.41141929968638047; -0.41310830108672203 1.1990814318499754 0.3717694669110125; 0.41141929968638047 0.3717694669110125 1.2020572358437538]
[1.1997055439364517 -0.4180678658007276 -0.38781562586700563; -0.4180678658007276 1.1998038302318745 -0.38880861230035496; -0.38781562586700563 -0.38880861230035496 1.176542261904033]
[1.1928907858206403 -0.3982042198386693 -0.38842813639440943; -0.3982042198386693 1.1894579242340093 -0.3946722151221181; -0.38842813639440943 -0.3946722151221181 1.1801415385795786]
[1.1887161124920527 -0.4084125990607802 -0.4011523536626853; -0.4084125990607802 1.196398422976136 -0.3745122322184267; -0.4011523536626853 -0.3745122322184267 1.1805008015356768]
[1.1919920293733208 0.410639923398269 0.402964204077313; 0.410639923398269 1.1918450661670184 -0.3795355670829341; 0.402964204077313 -0.3795355670829341 1.1907251434361483]
[1.5636594973639217 -0.7786157380317904 -0.7778190205148656; -0.7786157380317904 1.1828714556807607 0.3715197708764966; -0.7778190205148656 0.3715197708764966 1.1914966184468183]
[1.1852867144348724 -0.39802132864046574 0.4003444592229537; -0.39802132864046574 1.1929792694920767 0.39478451443110074; 0.4003444592229537 0.39478451443110074 1.196042363936012]
[1.1814985461766425 -0.4087697170794665 0.40880985336620806; -0.4087697170794665 1.1916450958846483 0.36990298010732087; 0.40880985336620806 0.36990298010732087 1.1963281107365575]
[1.195888320347855 0.4001535783321233 -0.38276212986282143; 0.4001535783321233 1.175838853931461 0.3928357561709958; -0.38276212986282143 0.3928357561709958 1.185470294725419]
[1.5637150142633989 0.7784927486743761 0.7702216083614757; 0.7784927486743761 1.1916013583679403 0.3592740409318839; 0.7702216083614757 0.3592740409318839 1.1754781715007878]
[1.1925336243915856 -0.3985599572814062 0.4132335853126422; -0.3985599572814062 1.1789024301367033 0.38147883874981514; 0.4132335853126422 0.38147883874981514 1.2032697551668718]
[1.5666410217809577 -0.7829170637345884 0.7826414075469383; -0.7829170637345884 1.194891658443707 -0.391884692222113; 0.7826414075469383 -0.391884692222113 1.1852588341562573]
[1.2012384639929456 -0.4239740578135612 -0.40663272021244873; -0.4239740578135612 1.1969742039560236 -0.37530049508519364; -0.40663272021244873 -0.37530049508519364 1.1895102254092849]
[1.1838306522562794 0.3584053500311201 0.4133442907497137; 0.3584053500311201 1.1797964469368751 -0.4034773210048246; 0.4133442907497137 -0.4034773210048246 1.1936676819104743]
[1.17853864749073 -0.36785238284220834 -0.4103047648608934; -0.36785238284220834 1.1893275881868963 -0.40663790260688476; -0.4103047648608934 -0.40663790260688476 1.1985983816218397]
[1.19633164265905 -0.42021244289460924 -0.38992669965350807; -0.42021244289460924 1.207367986675191 -0.3898184132158941; -0.38992669965350807 -0.3898184132158941 1.1776852030162759]
[1.1905831927372812 -0.3923301562159221 -0.39601545979632413; -0.3923301562159221 1.1913761120424182 -0.39549231356073994; -0.39601545979632413 -0.39549231356073994 1.1830357417792083]
[1.1835345788134313 0.3760338231971444 -0.3995795967650633; 0.3760338231971444 1.1940367548795048 0.4016581099080945; -0.3995795967650633 0.4016581099080945 1.1812444748168365]
[1.1830856572723525 -0.42368641701250165 0.4074801657914662; -0.42368641701250165 1.201030358769317 0.3707573817981914; 0.4074801657914662 0.3707573817981914 1.200299147420438]
[1.1837464652611385 -0.3980399450036268 0.3859650783605929; -0.3980399450036268 1.1940750554093174 0.3977308581714801; 0.3859650783605929 0.3977308581714801 1.185090336831869]
[1.1779303250991644 -0.4033797954433586 -0.4145910436186127; -0.4033797954433586 1.1931723230286666 -0.3760663771001949; -0.4145910436186127 -0.3760663771001949 1.2049517024072818]
[1.1774801911590176 -0.40087806371789086 0.4029151157035238; -0.40087806371789086 1.1922704524496406 0.37880667920267797; 0.4029151157035238 0.37880667920267797 1.194433158594289]
[1.1988432954169317 0.38772421980375915 -0.4018481641437436; 0.38772421980375915 1.1909947119732518 0.40144154858158093; -0.4018481641437436 0.40144154858158093 1.182493105294113]
[1.2033202840308126 -0.4037345493248292 -0.3994959834125603; -0.4037345493248292 1.1857903239288343 -0.3885630190775304; -0.3994959834125603 -0.3885630190775304 1.1838668346549124]
[1.1832793058276359 -0.3919601617036733 -0.39976673854154793; -0.3919601617036733 1.1987092464116667 -0.39437293156622705; -0.39976673854154793 -0.39437293156622705 1.1853459097297463]
[1.1875175204831956 -0.3980138206361521 -0.3952505150801242; -0.3980138206361521 1.187469483049911 -0.3939320084686503; -0.3952505150801242 -0.3939320084686503 1.1933402687791534]
[1.2007167441257658 -0.3997881346521616 0.4092759308636647; -0.3997881346521616 1.1797524328322109 0.3831682913139671; 0.4092759308636647 0.3831682913139671 1.1930235409501708]
[1.1938430025856093 0.4184840780595866 0.406341869425779; 0.4184840780595866 1.2068399126016558 -0.37866191705877916; 0.406341869425779 -0.37866191705877916 1.18455160828156]
[1.2006274980314549 -0.4123105249100146 0.4157009930146204; -0.4123105249100146 1.177962955074778 0.35438224478791064; 0.4157009930146204 0.35438224478791064 1.1860729119559263]
[1.1965863467960052 0.3873689248653805 0.4104330688703204; 0.3873689248653805 1.191478540443522 -0.3975388441566251; 0.4104330688703204 -0.3975388441566251 1.188587682038009]
[1.1861904083142545 0.40199179808487523 -0.3928894263968104; 0.40199179808487523 1.1882979463675938 0.3876312034539746; -0.3928894263968104 0.3876312034539746 1.1892352196049791]
[1.1822610509234581 -0.38553650619431606 0.4008230529420263; -0.38553650619431606 1.2007904352454881 0.40557522318471606; 0.4008230529420263 0.40557522318471606 1.1901864959818533]
[1.1818992420333168 -0.40348545585608975 -0.4064944823414777; -0.40348545585608975 1.1950090573642085 -0.3779923507420636; -0.4064944823414777 -0.3779923507420636 1.1926575919517477]
[1.1758687537730645 0.3962234564182429 -0.39548316886742874; 0.3962234564182429 1.190228062491846 0.382847704628109; -0.39548316886742874 0.382847704628109 1.1898783743105574]
[1.1806207397127444 0.39687423042024517 -0.39777316049953604; 0.39687423042024517 1.1964439778296996 0.3940818173558693; -0.39777316049953604 0.3940818173558693 1.1928574051772662]
[1.1953301764668645 0.4018840634302438 0.39404412709115655; 0.4018840634302438 1.185029668593703 -0.38703836231624617; 0.39404412709115655 -0.38703836231624617 1.1837872125485924]
[1.191768972118313 -0.3963673324230553 -0.4069687449324876; -0.3963673324230553 1.187656120095602 -0.38370763624409604; -0.4069687449324876 -0.38370763624409604 1.1888702029327667]
[1.5522181429349111 0.7751947232005825 0.7678838848173793; 0.7751947232005825 1.180565087707635 0.38038914929483725; 0.7678838848173793 0.38038914929483725 1.191858284367952]
[1.1843631279742255 -0.39184056647416693 0.3888104381554006; -0.39184056647416693 1.1957476210482887 0.4008233567549377; 0.3888104381554006 0.4008233567549377 1.1825639990051922]
[1.5396078865140665 0.7649106500524514 -0.765730824578673; 0.7649106500524514 1.1867345358727246 -0.39152751149352516; -0.765730824578673 -0.39152751149352516 1.186133847790292]
[1.5535315288414113 -0.7693972270258921 0.7639024569870133; -0.7693972270258921 1.179494146588545 -0.35368020404679457; 0.7639024569870133 -0.35368020404679457 1.1825724911123026]
[1.5747175773080013 0.7845947613212125 0.7820023428749662; 0.7845947613212125 1.1862652620585536 0.40027449462780795; 0.7820023428749662 0.40027449462780795 1.186922674735341]
[1.1858178438606466 -0.3910236892791127 -0.3966865120491789; -0.3910236892791127 1.1839232252387712 -0.39582915619890857; -0.3966865120491789 -0.39582915619890857 1.1949425272819123]
[1.5417686458347188 -0.7550918860435926 -0.7559977798736395; -0.7550918860435926 1.1764175807358328 0.3329770212991248; -0.7559977798736395 0.3329770212991248 1.176539292654575]
[1.185340228675359 0.39204233463776395 0.39803189089399205; 0.39204233463776395 1.1900532159579162 -0.39161782738706435; 0.39803189089399205 -0.39161782738706435 1.1874645330988967]
[1.1994897205564288 0.41001469607383323 -0.4063277556058771; 0.41001469607383323 1.1956056527940453 0.3820056111236957; -0.4063277556058771 0.3820056111236957 1.1846095573579651]
[1.1915435076619751 0.38196829316904857 0.4258617621492881; 0.38196829316904857 1.184282258694957 -0.3746779271900905; 0.4258617621492881 -0.3746779271900905 1.1886803204483574]
[1.1834524113903733 -0.40135814164164724 0.41843043671415747; -0.40135814164164724 1.19829566144372 0.38242597478155554; 0.41843043671415747 0.38242597478155554 1.2022962386929321]
[1.1897088550618378 0.4041722216131048 0.39561360221941183; 0.4041722216131048 1.1826069041317504 -0.38237908117397273; 0.39561360221941183 -0.38237908117397273 1.1911549612298646]
[1.194956591846864 0.4077290837104569 0.3988556961650183; 0.4077290837104569 1.2034336974828843 -0.39141665714176793; 0.3988556961650183 -0.39141665714176793 1.1808647992804848]
[1.1957650908039201 -0.4037194196303069 -0.4007781344625985; -0.4037194196303069 1.199535306084549 -0.3958290737188933; -0.4007781344625985 -0.3958290737188933 1.186212126686578]
[1.1765234370586806 -0.4134921137877229 -0.4157092850727773; -0.4134921137877229 1.199350798437428 -0.36726994236789035; -0.4157092850727773 -0.36726994236789035 1.2033210656603364]
[1.1853718167649516 0.40855373879480056 -0.4158148371396808; 0.40855373879480056 1.1951148041404303 0.3754174594526837; -0.4158148371396808 0.3754174594526837 1.201255250170227]
[1.5627801488352342 -0.7786697507274886 0.7716542643167191; -0.7786697507274886 1.1863800739385024 -0.39929241802669185; 0.7716542643167191 -0.39929241802669185 1.1827534239641482]
[1.5504140709186547 -0.7694175680275992 0.7618823423577293; -0.7694175680275992 1.1782688629317362 -0.35386384714586067; 0.7618823423577293 -0.35386384714586067 1.1849775779372236]
[1.1787348798099981 -0.4269033494956134 -0.4092864661292199; -0.4269033494956134 1.2103229088981504 -0.367948186592905; -0.4092864661292199 -0.367948186592905 1.1980937128311941]
[1.1848140228226216 -0.4242919937237765 -0.40025890704231626; -0.4242919937237765 1.197644807931984 -0.3702487265167954; -0.40025890704231626 -0.3702487265167954 1.1945853904196513]
[1.1899755325714596 0.405372067338692 -0.40409185535644027; 0.405372067338692 1.1916015691816453 0.3815427913092433; -0.40409185535644027 0.3815427913092433 1.1907680819448394]
[1.1830710757896685 0.3922133565030458 0.4022910106997472; 0.3922133565030458 1.1894253641593613 -0.3943640595100891; 0.4022910106997472 -0.3943640595100891 1.1975470071805527]
[1.18894560790148 0.37262745859128604 0.403680774775091; 0.37262745859128604 1.1878287906351883 -0.4065802473434616; 0.403680774775091 -0.4065802473434616 1.1876949339742016]
[1.19087956117729 -0.4010393797352163 -0.40531395115050806; -0.4010393797352163 1.1928571635805045 -0.38031099547249153; -0.40531395115050806 -0.38031099547249153 1.184268850337541]
[1.189487168177761 0.4066297990324038 -0.40014474937595124; 0.4066297990324038 1.1984539683018758 0.38206668181913195; -0.40014474937595124 0.38206668181913195 1.1822425627577473]
[1.2018080839889762 0.4069102421091645 -0.41723589466885175; 0.4069102421091645 1.179220870094 0.36878519872810367; -0.41723589466885175 0.36878519872810367 1.1936178428377708]
[1.183243545856907 -0.4081510375644749 0.41888994091449183; -0.4081510375644749 1.1918390799092586 0.3747483186298164; 0.41888994091449183 0.3747483186298164 1.2088966110792594]
[1.208029656987521 0.37766503412186125 0.414317784648074; 0.37766503412186125 1.1849789471484204 -0.4035136159813602; 0.414317784648074 -0.4035136159813602 1.1842927075560234]
[1.5564306216126156 -0.7757486938934327 -0.7619613238233626; -0.7757486938934327 1.1836915307295772 0.3994177957498858; -0.7619613238233626 0.3994177957498858 1.1796031500689566]
[1.1914358243813405 -0.4084279882178877 0.40359060274253294; -0.4084279882178877 1.1962714935329766 0.37837228722582367; 0.40359060274253294 0.37837228722582367 1.1841132336520357]
[1.5830143203323217 0.7856933772450937 0.7871484606688138; 0.7856933772450937 1.190043914268636 0.387192849274129; 0.7871484606688138 0.387192849274129 1.1809732063336267]
[1.1842144824962069 0.40787779107181527 0.4085054483582176; 0.40787779107181527 1.1900030270437219 -0.37677348465605437; 0.4085054483582176 -0.37677348465605437 1.20066266484814]
[1.1782262401029577 -0.4133000469830644 0.41213528709473735; -0.4133000469830644 1.1992497418231394 0.37160242749721595; 0.41213528709473735 0.37160242749721595 1.2019224295340611]
[1.2013771973587806 -0.405548547867304 -0.4010371423296584; -0.405548547867304 1.1968055191971387 -0.39258743507834987; -0.4010371423296584 -0.39258743507834987 1.1821979873967]
[1.1928363421202588 -0.39806704150174993 -0.38859486019525663; -0.39806704150174993 1.189474181932679 -0.39450814278004714; -0.38859486019525663 -0.39450814278004714 1.1800445943357232]
[1.1883046417965704 -0.40851142956652253 -0.4000689761532636; -0.40851142956652253 1.1973682250436086 -0.3761148052212308; -0.4000689761532636 -0.3761148052212308 1.1805219008544159]
[1.1919545592999037 0.4106473393251496 0.4028899823402122; 0.4106473393251496 1.1918387787237976 -0.3795422492892514; 0.4028899823402122 -0.3795422492892514 1.1907083997579326]
[1.5638169907591202 -0.7787817019053584 -0.7779930676694206; -0.7787817019053584 1.1829551892115264 0.37178300952851545; -0.7779930676694206 0.37178300952851545 1.1915875523445243]
[1.1853666286353362 -0.3981281802325624 0.4002158542415085; -0.3981281802325624 1.1932695268962874 0.3949590822737115; 0.4002158542415085 0.3949590822737115 1.1958231917479958]
[1.1958585370331418 0.39613581918034974 0.39612861266721006; 0.39613581918034974 1.1874427668022751 -0.3962716105669726; 0.39612861266721006 -0.3962716105669726 1.1863640521477585]
[1.1953668927269412 0.39949563183648046 0.40826593865794386; 0.39949563183648046 1.1809452022480382 -0.38396929587373807; 0.40826593865794386 -0.38396929587373807 1.1966846351218097]
[1.563742682161777 0.7785227001687955 0.7702581523637118; 0.7785227001687955 1.1916443233562053 0.35931672672869186; 0.7702581523637118 0.35931672672869186 1.1754725913953528]
[1.1919402783561868 -0.3991897862115735 0.41367938331747106; -0.3991897862115735 1.1795574381126335 0.38092538639016427; 0.41367938331747106 0.38092538639016427 1.203763714793835]
[1.1807435822142822 0.34252699858818364 -0.41632144934836157; 0.34252699858818364 1.1751424993615263 0.41444879372350124; -0.41632144934836157 0.41444879372350124 1.200342334907035]
[1.5666455230536958 -0.7829202058164016 0.7826454429605824; -0.7829202058164016 1.194887230493048 -0.3918842971600866; 0.7826454429605824 -0.3918842971600866 1.1852658244148875]
[1.2012898408983805 -0.4244669678875717 -0.40665698928309446; -0.4244669678875717 1.197234611067563 -0.3751753006233971; -0.40665698928309446 -0.3751753006233971 1.1896121413483751]
[1.1837976466217102 0.3583984929060772 0.41335008181353844; 0.3583984929060772 1.1798486679644837 -0.4034465193706233; 0.41335008181353844 -0.4034465193706233 1.1936178960035986]
[1.1779543443665066 -0.3670944706398654 -0.410369568780815; -0.3670944706398654 1.189145893111514 -0.40634831241676567; -0.410369568780815 -0.40634831241676567 1.1984085873312784]
[1.1968109210621216 -0.4204611389284707 -0.3896387400915741; -0.4204611389284707 1.2075662833568697 -0.38944129797197197; -0.3896387400915741 -0.38944129797197197 1.176599682639223]
[1.1961521450455472 0.3979719233742349 -0.4024840680513715; 0.3979719233742349 1.1833379646926607 0.3863444421796998; -0.4024840680513715 0.3863444421796998 1.1884776700412267]
[1.19066967072644 -0.39200250795864633 -0.3959727221980886; -0.39200250795864633 1.1912766168560882 -0.3953773577154916; -0.3959727221980886 -0.3953773577154916 1.182570843793546]
[1.1832391247669798 0.37737829182688215 -0.39872905503939954; 0.37737829182688215 1.1952291060505817 0.4017389830929172; -0.39872905503939954 0.4017389830929172 1.1808928512975616]
[1.183060378980412 -0.42366739326837805 0.40747555179937966; -0.42366739326837805 1.2010453102843581 0.3707900051852015; 0.40747555179937966 0.3707900051852015 1.2003177061441852]
[1.1765220240858245 -0.40174851034056835 -0.4141141047637356; -0.40174851034056835 1.1914293769275692 -0.37625812427956; -0.4141141047637356 -0.37625812427956 1.206180491417629]
[1.1775168053579073 -0.4007712924153858 0.40287621163749654; -0.4007712924153858 1.1921874774219088 0.37886868791751005; 0.40287621163749654 0.37886868791751005 1.1943910710335945]
[1.1986569395649647 0.38781925183944854 -0.4017989763613252; 0.38781925183944854 1.1912995405009028 0.4012862541398209; -0.4017989763613252 0.4012862541398209 1.1822638892518158]
[1.202644781870124 -0.40489422723168783 -0.3993702590750453; -0.40489422723168783 1.1865676260410376 -0.3875605202495293; -0.3993702590750453 -0.3875605202495293 1.183799672465933]
[1.1832995407503597 -0.3919562597244789 -0.3997686351627442; -0.3919562597244789 1.1986843100761833 -0.39440012664685703; -0.3997686351627442 -0.39440012664685703 1.185375037289578]
[1.1875535375671193 -0.39799963972788716 -0.3952698380457243; -0.39799963972788716 1.187505596824559 -0.393966405976438; -0.3952698380457243 -0.393966405976438 1.1933069839064814]
[1.2008424827870223 -0.3996369327815556 0.40930169538571626; -0.3996369327815556 1.1796377600969938 0.3832098191876122; 0.40930169538571626 0.3832098191876122 1.1929276710626997]
[1.19330689529159 0.41833282763494534 0.4060033961505522; 0.41833282763494534 1.2070312255983127 -0.3786577414410559; 0.4060033961505522 -0.3786577414410559 1.184401383689999]
[1.1805382792088013 -0.4030009522066409 -0.3877626057730748; -0.4030009522066409 1.1925916482949077 -0.39004762686652106; -0.3877626057730748 -0.39004762686652106 1.1889502948838]
[1.1862501294136911 0.4023123809468138 -0.3929188050080004; 0.4023123809468138 1.1884762272260045 0.3876082931871234; -0.3929188050080004 0.3876082931871234 1.189325899572612]
[1.1822885048933045 -0.38554955539831715 0.40082059692187333; -0.38554955539831715 1.2007586904553498 0.40555421027201244; 0.40082059692187333 0.40555421027201244 1.1901796427708662]
[1.181940017857905 -0.4036951093687537 -0.40620095864566685; -0.4036951093687537 1.1956109470354328 -0.3777781907547441; -0.40620095864566685 -0.3777781907547441 1.1917206344374025]
[1.179219623144087 -0.3953153646752796 -0.39755335299739775; -0.3953153646752796 1.2014636164854817 -0.39855206858837805; -0.39755335299739775 -0.39855206858837805 1.1919518299706466]
[1.175835643548208 0.3962213630153356 -0.39546603205366826; 0.3962213630153356 1.1902500103194436 0.3828438013171089; -0.39546603205366826 0.3828438013171089 1.189867176880043]
[1.1816651314400708 0.39725380753977413 -0.3991128869128748; 0.39725380753977413 1.1959477210821123 0.39267945836528484; -0.3991128869128748 0.39267945836528484 1.1926336001021653]
[1.1954206043318776 0.4017717210148765 0.3941125517185768; 0.4017717210148765 1.184895124981191 -0.38712129262476375; 0.3941125517185768 -0.38712129262476375 1.183869476557311]
[1.1922939656813327 -0.40467162952295055 -0.40770889394784365; -0.40467162952295055 1.1908139678691796 -0.37968249959688005; -0.40770889394784365 -0.37968249959688005 1.190335843274746]
[1.552486926948628 0.7752270887789116 0.7680434927288937; 0.7752270887789116 1.1805103818602019 0.38046549747512004; 0.7680434927288937 0.38046549747512004 1.1918299462955062]
[1.1839531009864284 -0.3945000363377563 0.3888686725598399; -0.3945000363377563 1.1975475175027193 0.4007366252277934; 0.3888686725598399 0.4007366252277934 1.1837774880187835]
[1.5397301969861996 0.7650387711117611 -0.765858546623002; 0.7650387711117611 1.1867999027181577 -0.39168487319228495; -0.765858546623002 -0.39168487319228495 1.1862000464545868]
[1.1771396058507078 -0.3918395073599551 -0.39387718370274494; -0.3918395073599551 1.192338423656363 -0.3910651926789628; -0.39387718370274494 -0.3910651926789628 1.1885596539036885]
[1.5737920318213683 0.785115526291756 0.7837044491873896; 0.785115526291756 1.1872489947104834 0.40267616054721755; 0.7837044491873896 0.40267616054721755 1.1891084565692986]
[1.1837086636747065 -0.39134928736179125 0.39640590246567114; -0.39134928736179125 1.1859210060237604 0.396443592589637; 0.39640590246567114 0.396443592589637 1.1957138747009088]
[1.5413384385638447 -0.7543970286994126 -0.7558739205133704; -0.7543970286994126 1.1758684973204134 0.33207567965218376; -0.7558739205133704 0.33207567965218376 1.176773739463771]
[1.1825713106641333 -0.39198813695910373 -0.3987890336752705; -0.39198813695910373 1.2010686918173636 -0.3989840996898153; -0.3987890336752705 -0.3989840996898153 1.1873418197895735]
[1.1861712375694886 0.39459923182493784 0.3966966122092236; 0.39459923182493784 1.188552226658649 -0.39168382614282293; 0.3966966122092236 -0.39168382614282293 1.1893966258695936]
[1.1990723524796358 0.4103081322148121 -0.4063975045061435; 0.4103081322148121 1.1957756419545524 0.3817357967989801; -0.4063975045061435 0.3817357967989801 1.1849617205332572]
[1.1916820163535162 0.3816999216178335 0.4262555291992968; 0.3816999216178335 1.1838624321639095 -0.37448394518985156; 0.4262555291992968 -0.37448394518985156 1.1889074292085353]
[1.183489995144704 -0.40138243934529705 0.41839856371077844; -0.40138243934529705 1.1982877453997562 0.382420672492989; 0.41839856371077844 0.382420672492989 1.2022517914764368]
[1.1895673134533737 0.40450511637256603 0.3955646165106989; 0.40450511637256603 1.182507118066843 -0.3820927689967428; 0.3955646165106989 -0.3820927689967428 1.1914066561120635]
[1.1949324006072723 0.4076786713509675 0.3989167605810926; 0.4076786713509675 1.2034391245457834 -0.39142148322129877; 0.3989167605810926 -0.39142148322129877 1.1808992331926604]
[1.1959217840462129 -0.40347210790775556 -0.4011356121649149; -0.40347210790775556 1.199174684769538 -0.395493976531433; -0.4011356121649149 -0.395493976531433 1.1861903674181746]
[1.5699673692903848 -0.7843150499596945 0.7838596795171183; -0.7843150499596945 1.1920391427191301 -0.38172305749574126; 0.7838596795171183 -0.38172305749574126 1.1874707780665008]
[1.1764620037784803 -0.41351484291600077 -0.41563457726753317; -0.41351484291600077 1.1994434581124234 -0.36726964109477; -0.41563457726753317 -0.36726964109477 1.2032381864375552]
[1.1841616138794047 0.4068452997492167 -0.41576808537395277; 0.4068452997492167 1.1958840222597784 0.37518734758779343; -0.41576808537395277 0.37518734758779343 1.1997005418160351]
[1.5599885130959577 -0.7767487039212093 0.7682004888395584; -0.7767487039212093 1.1853069192176577 -0.39765398565652105; 0.7682004888395584 -0.39765398565652105 1.1813243623481615]
[1.5506744043098426 -0.7697817334067021 0.7619759968789674; -0.7697817334067021 1.1785410431752692 -0.354133195707744; 0.7619759968789674 -0.354133195707744 1.1848899062506488]
[1.17861003111252 -0.42679345079159287 -0.40924561825652056; -0.42679345079159287 1.2102579185684539 -0.3679110429501878; -0.40924561825652056 -0.3679110429501878 1.1980945427168328]
[1.184793891480651 -0.4242884316889995 -0.40026917343580487; -0.4242884316889995 1.197693148992475 -0.3702538383452824; -0.40026917343580487 -0.3702538383452824 1.1945692410991655]
[1.1879435033430996 0.4046198456445307 -0.4037257735866876; 0.4046198456445307 1.1916436263928876 0.3814046461172446; -0.4037257735866876 0.3814046461172446 1.1915202251519186]
[1.1828803398469991 0.39190284000753806 0.4024111703048815; 0.39190284000753806 1.1892192609169945 -0.39435740973194117; 0.4024111703048815 -0.39435740973194117 1.1977499758019858]
[1.188975979079858 0.3725945308701566 0.40364658325058894; 0.3725945308701566 1.1877958881759039 -0.4066033280507935; 0.40364658325058894 -0.4066033280507935 1.1876552248763974]
[1.191078104713947 -0.4009837541778924 -0.405328460545986; -0.4009837541778924 1.1927603972679044 -0.38034154843852946; -0.405328460545986 -0.38034154843852946 1.1841536994585573]
[1.189497304707715 0.4066139151814992 -0.40016347559147164; 0.4066139151814992 1.198410829362262 0.3820633298515674; -0.40016347559147164 0.3820633298515674 1.182274612704394]
[1.2011478534167594 0.406660644384218 -0.4164050944109904; 0.406660644384218 1.18041363138104 0.3702897019038642; -0.4164050944109904 0.3702897019038642 1.1934551931091169]
[1.1841785788253967 -0.4090262203754893 0.41954533053078963; -0.4090262203754893 1.19220664012908 0.3745669627501274; 0.41954533053078963 0.3745669627501274 1.2089726616471934]
[1.2095912639824493 0.3766030130507976 -0.41382221237653716; 0.3766030130507976 1.1854213822294501 0.40256296474000625; -0.41382221237653716 0.40256296474000625 1.1799126790766985]
[1.5564378315732461 -0.775603302608015 -0.7617692588633727; -0.775603302608015 1.1837411636145405 0.3992927900635181; -0.7617692588633727 0.3992927900635181 1.1792131734969034]
[1.194592492437989 0.41632712805485605 0.3884107210733862; 0.41632712805485605 1.2082098723104855 -0.39605503866238156; 0.3884107210733862 -0.39605503866238156 1.179336859237964]
[1.1913298612810774 -0.4083846453068299 0.4036420342273535; -0.4083846453068299 1.1962927318240493 0.37833444114665554; 0.4036420342273535 0.37833444114665554 1.1841706361497808]
[1.583275279198981 0.785701665862267 0.7871818501889647; 0.785701665862267 1.189858593776014 0.3873358265733317; 0.7871818501889647 0.3873358265733317 1.1809377466850126]
[1.184850203583674 0.40911806481863333 0.4067298762136811; 0.40911806481863333 1.19052518143289 -0.37690715486489645; 0.4067298762136811 -0.37690715486489645 1.19906828054816]
[1.1788527059356328 -0.41335272970352593 0.412963603414873; -0.41335272970352593 1.1992704831079812 0.3714066628869484; 0.412963603414873 0.3714066628869484 1.2019722523929612]
[1.1992030896070112 -0.4095705593954873 -0.3977246921459936; -0.4095705593954873 1.2002599714929922 -0.39383652024795723; -0.3977246921459936 -0.39383652024795723 1.182894260937136]
[1.1927786101232294 -0.3979303396220864 -0.3887576918242241; -0.3979303396220864 1.1894908021727226 -0.3943507896767547; -0.3887576918242241 -0.3943507896767547 1.1799539839946613]
[1.1879037031042818 -0.4085803664045108 -0.39911173747375095; -0.4085803664045108 1.1982141711399645 -0.37743257296834454; -0.39911173747375095 -0.37743257296834454 1.1804780190498003]
[1.1919204743759053 0.4106653488692228 0.40281588662598206; 0.4106653488692228 1.191839416725248 -0.37954614799618114; 0.40281588662598206 -0.37954614799618114 1.1906895062962808]
[1.563977024649377 -0.7789451720299839 -0.7781698788940745; -0.7789451720299839 1.183034411409882 0.37204343962448955; -0.7781698788940745 0.37204343962448955 1.1916808838531667]
[1.1854458822025096 -0.3982281200886907 0.4000923793863224; -0.3982281200886907 1.1935522403757595 0.39513867451812335; 0.4000923793863224 0.39513867451812335 1.195615603366086]
[1.1908974356676731 -0.38650108570319586 0.3935114405149634; -0.38650108570319586 1.1885324812874332 0.40134262106204516; 0.3935114405149634 0.40134262106204516 1.1831825409436851]
[1.1969628452267849 0.3978356845054708 -0.4028538417370832; 0.3978356845054708 1.1876173833485648 0.393714993724105; -0.4028538417370832 0.393714993724105 1.190952942643774]
[1.195111467251801 0.40967572473213804 0.404998881284778; 0.40967572473213804 1.1915621882572556 -0.37668990557247317; 0.404998881284778 -0.37668990557247317 1.1861222031841718]
[1.5637711204385107 0.7785533997421183 0.7702943701606715; 0.7785533997421183 1.1916873119712281 0.359359239525472; 0.7702943701606715 0.359359239525472 1.1754666515621952]
[1.191435319158613 -0.39984046377354643 0.41409662017645715; -0.39984046377354643 1.180264198005086 0.3804064268969358; 0.41409662017645715 0.3804064268969358 1.2041441100862709]
[1.1805279699704179 0.34234399065064297 -0.416350961299902; 0.34234399065064297 1.1752434152238873 0.414585568336638; -0.416350961299902 0.414585568336638 1.2004510544327573]
[1.566653842083645 -0.7829247804490845 0.7826513505895991; -0.7829247804490845 1.1948817360268549 -0.3918849587454433; 0.7826513505895991 -0.3918849587454433 1.1852733246032163]
[1.2013026399034121 -0.42498348076163606 -0.40665108877159395; -0.42498348076163606 1.1975435125371108 -0.37504402436279216; -0.40665108877159395 -0.37504402436279216 1.189692782152081]
[1.1837634914676038 0.3583882593448671 0.41335850278311415; 0.3583882593448671 1.1798986587372986 -0.4034159276091037; 0.41335850278311415 -0.4034159276091037 1.1935710960666703]
[1.1759932719418462 -0.36525503501141376 -0.40989819680917233; -0.36525503501141376 1.189242703438465 -0.40584191766340816; -0.40989819680917233 -0.40584191766340816 1.197529504446596]
[1.1972570892096073 -0.4206949007879174 -0.3892787693571888; -0.4206949007879174 1.2078738422417312 -0.38905664771727916; -0.3892787693571888 -0.38905664771727916 1.1753455751371895]
[1.1830618280824114 0.3785415518128004 -0.39810202483935186; 0.3785415518128004 1.1961966663242747 0.40190449781716936; -0.39810202483935186 0.40190449781716936 1.180777786920137]
[1.183034949654987 -0.4236481327242648 0.4074704197134526; -0.4236481327242648 1.201060210881616 0.3708231630394532; 0.4074704197134526 0.3708231630394532 1.2003362114975347]
[1.177551537501949 -0.40066313252816027 0.40283788963896117; -0.40066313252816027 1.1921046061266056 0.3789306874281869; 0.40283788963896117 0.3789306874281869 1.1943500309592323]
[1.1984652377119023 0.38790386721781095 -0.40175541084534205; 0.38790386721781095 1.19160258557255 0.40114564936725344; -0.40175541084534205 0.40114564936725344 1.1820519615795408]
[1.2019269396022776 -0.40543453153823034 -0.3995743293104269; -0.40543453153823034 1.1872037252592211 -0.3868709177291086; -0.3995743293104269 -0.3868709177291086 1.1839381327123482]
[1.1833183689729752 -0.3919523191911286 -0.3997721982307847; -0.3919523191911286 1.1986603044377648 -0.3944254619591667; -0.3997721982307847 -0.3944254619591667 1.1854044593655495]
[1.1875875199399988 -0.39798713872823704 -0.3952861979892197; -0.39798713872823704 1.1875411831316047 -0.39399980597868955; -0.3952861979892197 -0.39399980597868955 1.1932740212863393]
[1.200961929814409 -0.39949225927599774 0.40932656589530353; -0.39949225927599774 1.179529116694859 0.3832497771168564; 0.40932656589530353 0.3832497771168564 1.1928362434817925]
[1.192844150880978 0.41814065122645006 0.40574252082930223; 0.41814065122645006 1.2070682129352017 -0.3786548004975997; 0.40574252082930223 -0.3786548004975997 1.184367925206753]
[1.1812077245886456 -0.40406095462244423 0.3946181138680685; -0.40406095462244423 1.1883768829305572 0.3885670919476872; 0.3946181138680685 0.3885670919476872 1.1990086752180364]
[1.1954781397873153 0.3959933819170165 -0.40312143738942696; 0.3959933819170165 1.1996981267478524 0.4005043153208842; -0.40312143738942696 0.4005043153208842 1.1856768179700343]
[1.1863589060194013 0.40274065578042983 -0.3929714712379776; 0.40274065578042983 1.1887353657040822 0.38759746329210626; -0.3929714712379776 0.38759746329210626 1.189429842811657]
[1.18229912524556 -0.3855525086924015 0.4008161540471937; -0.3855525086924015 1.2007407306242608 0.40555042466427316; 0.4008161540471937 0.40555042466427316 1.1901813423271264]
[1.1825589922428255 -0.4041638769380278 -0.40585435859766944; -0.4041638769380278 1.1960511979223916 -0.3777301320124526; -0.40585435859766944 -0.3777301320124526 1.190723549210475]
[1.1789801842004026 -0.39522522107375757 -0.39737937376572247; -0.39522522107375757 1.2014729786802436 -0.3985867802157135; -0.39737937376572247 -0.3985867802157135 1.1919535996326542]
[1.1758008852088382 0.3962184425991059 -0.39544843940562807; 0.3962184425991059 1.1902713749227989 0.38284063065983964; -0.39544843940562807 0.38284063065983964 1.1898576783292099]
[1.182967906184842 0.39789603353879555 -0.40142346758079095; 0.39789603353879555 1.1950724103360193 0.38809453899926627; -0.40142346758079095 0.38809453899926627 1.1906276324941278]
[1.1955198217668221 0.401642476471724 0.39418521005832047; 0.401642476471724 1.1847486083309418 -0.3872165114247612; 0.39418521005832047 -0.3872165114247612 1.1839544814451115]
[1.1857617282457777 -0.4118616013862283 -0.40263849731387946; -0.4118616013862283 1.204770905119024 -0.378129559839911; -0.40263849731387946 -0.378129559839911 1.1837476600185473]
[1.5527977879386794 0.775226346127383 0.7682417675164294; 0.775226346127383 1.1804018895993662 0.3805574156116392; 0.7682417675164294 0.3805574156116392 1.191817937719304]
[1.1837636199247143 -0.3970541422546186 0.38904178369688847; -0.3970541422546186 1.1997776456850338 0.40100206637088687; 0.38904178369688847 0.40100206637088687 1.1847201384608281]
[1.5400329592331867 0.7653111975066847 -0.7661280685603106; 0.7653111975066847 1.1869171508333787 -0.391916666329953; -0.7661280685603106 -0.391916666329953 1.1863146100439712]
[1.1761670215782565 -0.39550233064234186 -0.3908077673130645; -0.39550233064234186 1.190730270027618 -0.3873142441164529; -0.3908077673130645 -0.3873142441164529 1.1880559343092765]
[1.5741658448122748 0.7853442363532253 0.7835650511084893; 0.7853442363532253 1.1872862540101237 0.4023335732210582; 0.7835650511084893 0.4023335732210582 1.1887770805832738]
[1.1818326426020012 -0.39193643442856696 0.3948426292909469; -0.39193643442856696 1.188219424810567 0.39591240698999547; 0.3948426292909469 0.39591240698999547 1.1937914205605453]
[1.5409269186297119 -0.7538360842082803 -0.7556786162551591; -0.7538360842082803 1.1754885027793434 0.3312909095549437; -0.7556786162551591 0.3312909095549437 1.1768740387891732]
[1.182524663857971 -0.3919322335927553 -0.3988489137331816; -0.3919322335927553 1.2011034056301404 -0.3988812243015132; -0.3988489137331816 -0.3988812243015132 1.187257288949727]
[1.1987062177332648 0.4087578608509191 -0.4058212562854258; 0.4087578608509191 1.1928770459022437 0.3819482197566111; -0.4058212562854258 0.3819482197566111 1.1862644202702513]
[1.1918285424797015 0.3814063768961752 0.42667920886935934; 0.3814063768961752 1.1834031538935708 -0.3742635024480713; 0.42667920886935934 -0.3742635024480713 1.1891460346973939]
[1.183526944379974 -0.40140691338808643 0.4183659060993417; -0.40140691338808643 1.198280347710424 0.3824156893797842; 0.4183659060993417 0.3824156893797842 1.2022071650415729]
[1.189425882592284 0.4048508269533547 0.39553476862415327; 0.4048508269533547 1.1824332018232968 -0.38180294191047703; 0.39553476862415327 -0.38180294191047703 1.191661250048831]
[1.1949079666599929 0.4076286465827395 0.39897596883448916; 0.4076286465827395 1.2034441415948431 -0.3914258936681532; 0.39897596883448916 -0.3914258936681532 1.1809324296779156]
[1.1960917457122924 -0.4032169028486023 -0.40150072712900564; -0.4032169028486023 1.1987980909317684 -0.395170319657685; -0.40150072712900564 -0.395170319657685 1.1861826900698316]
[1.5559035970756696 -0.7727712125509099 0.7714431157748096; -0.7727712125509099 1.187880045202462 -0.36484022705291114; 0.7714431157748096 -0.36484022705291114 1.1822391304533701]
[1.17640537757842 -0.41354026407856154 -0.41556163736840723; -0.41354026407856154 1.1995356857950927 -0.36726914215488; -0.41556163736840723 -0.36726914215488 1.20315516694407]
[1.1827662213373082 0.40609469884826815 -0.41625845187529653; 0.40609469884826815 1.1968149835765394 0.3746101942505979; -0.41625845187529653 0.3746101942505979 1.1993887123791724]
[1.556612375847974 -0.7746900128138411 0.76421123965821; -0.7746900128138411 1.184154624468067 -0.39598680804764264; 0.76421123965821 -0.39598680804764264 1.1799169675512584]
[1.5509099392636987 -0.7700956146767123 0.762074063269592; -0.7700956146767123 1.1787688758486408 -0.35437575217517303; 0.762074063269592 -0.35437575217517303 1.184826800187977]
[1.1784884562495843 -0.42667768336716844 -0.4092081319785838; -0.42667768336716844 1.2101898414607462 -0.3678763889002682; -0.4092081319785838 -0.3678763889002682 1.1980947516084988]
[1.1847725938794416 -0.4242839480207346 -0.4002794658563238; -0.4242839480207346 1.1977418299656284 -0.3702595359388347; -0.4002794658563238 -0.3702595359388347 1.194553596401841]
[1.1868663871708778 0.40430977178703764 -0.4038662663778116; 0.40430977178703764 1.191738831572587 0.3811426944328497; -0.4038662663778116 0.3811426944328497 1.1920918770872218]
[1.1826955658385732 0.39165834723472215 0.4024879530510294; 0.39165834723472215 1.1890099790989128 -0.39432075777669623; 0.4024879530510294 -0.39432075777669623 1.1979426805979543]
[1.1890018566411271 0.3725639591666894 0.4036158864828733; 0.3725639591666894 1.1877669186314497 -0.40662749567852746; 0.4036158864828733 -0.40662749567852746 1.1876228514865228]
[1.1912790064519032 -0.4009281421778103 -0.40534454598326775; -0.4009281421778103 1.1926628442672225 -0.38037134293619146; -0.40534454598326775 -0.38037134293619146 1.1840378951301156]
[1.1895087759779017 0.40659665438331344 -0.40018136305536517; 0.40659665438331344 1.1983669395726841 0.3820614431896323; -0.40018136305536517 0.3820614431896323 1.1823052664166727]
[1.2005797239829827 0.4065652844628014 -0.4156871839970109; 0.4065652844628014 1.18165986671437 0.37127204775056755; -0.4156871839970109 0.37127204775056755 1.1929090906634572]
[1.1850269150798893 -0.41003343218487 0.4193433895896407; -0.41003343218487 1.1936943053367115 0.3743568608737757; 0.4193433895896407 0.3743568608737757 1.2072218773803198]
[1.186994348932395 0.39534314813299803 0.39993156363635624; 0.39534314813299803 1.179680557274954 -0.39010869885952976; 0.39993156363635624 -0.39010869885952976 1.1999305400416571]
[1.1912243609526942 -0.40834583529690827 0.4036962309141632; -0.40834583529690827 1.1963150779061513 0.37829327466841356; 0.4036962309141632 0.37829327466841356 1.1842306339941386]
[1.5835131224111891 0.7857053545762449 0.7872208888407982; 0.7857053545762449 1.189684130126284 0.3874639622841776; 0.7872208888407982 0.3874639622841776 1.1809158598186207]
[1.1849558676135807 0.4102526246559736 0.4051307253529633; 0.4102526246559736 1.191744769452128 -0.3769270533463284; 0.4051307253529633 -0.3769270533463284 1.1972820965488764]
[1.1793553204583282 -0.41329377276463797 0.41384063777138264; -0.41329377276463797 1.1991923209734732 0.3711915030263344; 0.41384063777138264 0.3711915030263344 1.2021672032509176]
[1.199531341957366 -0.4108046642106237 -0.3968669609160043; -0.4108046642106237 1.2006888706652064 -0.393134869176869; -0.3968669609160043 -0.393134869176869 1.1818257154374996]
[1.1927199864003324 -0.39779619956091833 -0.38891569709611706; -0.39779619956091833 1.1895067206867989 -0.39420105111411574; -0.38891569709611706 -0.39420105111411574 1.179870416157606]
[1.1875752642713409 -0.40865425452227294 -0.39832976146973487; -0.40865425452227294 1.1989306790986969 -0.3784308925828721; -0.39832976146973487 -0.3784308925828721 1.1803612728871802]
[1.1918867806844766 0.41067899009077713 0.40274598181045934; 0.41067899009077713 1.1918357329226639 -0.37954997742172203; 0.40274598181045934 -0.37954997742172203 1.190674270751267]
[1.5641352918923936 -0.7791089880244366 -0.7783456746699952; -0.7791089880244366 1.1831149410467063 0.3723057535913186; -0.7783456746699952 0.3723057535913186 1.1917740274148736]
[1.1855371698430561 -0.3983397236143608 0.3999776331207599; -0.3983397236143608 1.1938369159640605 0.3953000500606989; 0.3999776331207599 0.3953000500606989 1.1953964052138553]
[1.1833421666591648 -0.4075288568954814 0.41131581714556165; -0.4075288568954814 1.19437060449043 0.3724383818764699; 0.41131581714556165 0.3724383818764699 1.1954633624349145]
[1.563799422499886 0.7785834195097171 0.7703314198327103; 0.7785834195097171 1.1917288177959708 0.3594019974360187; 0.7703314198327103 0.3594019974360187 1.1754624607330877]
[1.1912185328558231 -0.4001454466355456 0.41428261338754613; -0.4001454466355456 1.180603228256939 0.3801729922980594; 0.41428261338754613 0.3801729922980594 1.2042950158537638]
[1.1803436041006308 0.3421708286748587 -0.4163887315930558; 0.3421708286748587 1.175317371193022 0.4146985345155923; -0.4163887315930558 0.4146985345155923 1.2005493258941928]
[1.5666605430127911 -0.7829287609646249 0.7826565012831648; -0.7829287609646249 1.194876546793553 -0.39188621230510934; 0.7826565012831648 -0.39188621230510934 1.1852808052778445]
[1.1837276300576078 0.3583745791273461 0.4133693944019526; 0.3583745791273461 1.17994722614249 -0.40338507937165763; 0.4133693944019526 -0.40338507937165763 1.1935263541387986]
[1.1809055916017912 -0.36601848923037966 -0.41477035908185544; -0.36601848923037966 1.1853364156630448 -0.40467803415145637; -0.41477035908185544 -0.40467803415145637 1.2009631253415498]
[1.2006249386754746 0.40316173289532026 -0.4035871700122341; 0.40316173289532026 1.1859637665922758 0.38627137690233526; -0.4035871700122341 0.38627137690233526 1.1876196806534298]
[1.1914646032233884 -0.3921183885680927 -0.3958199117185607; -0.3921183885680927 1.1902436755285524 -0.3952818553722857; -0.3958199117185607 -0.3952818553722857 1.1826741094906252]
[1.182968954414104 0.3795127457355757 -0.39763891443797644; 0.3795127457355757 1.196953004615556 0.402095463602425; -0.39763891443797644 0.402095463602425 1.1807908058925853]
[1.183010253812525 -0.42362942020240185 0.40746641298761166; -0.42362942020240185 1.201075261938539 0.3708561002749099; 0.40746641298761166 0.3708561002749099 1.2003553329406065]
[1.1925011663060467 -0.39191819545637985 0.4079210363093391; -0.39191819545637985 1.1833932281845514 0.3931975020922288; 0.4079210363093391 0.3931975020922288 1.1983195533400959]
[1.177586715294344 -0.40055452183684676 0.40280011245514724; -0.40055452183684676 1.1920209568067899 0.3789925513724859; 0.40280011245514724 0.3789925513724859 1.194309314521762]
[1.198271837692253 0.3879770142001543 -0.40172232444804135; 0.3879770142001543 1.1919028673516403 0.4010134875421216; -0.40172232444804135 0.4010134875421216 1.1818522885220162]
[1.2009971957692152 -0.40549862044982243 -0.3999297629105092; -0.40549862044982243 1.1877565940950783 -0.38639001060634304; -0.3999297629105092 -0.38639001060634304 1.1842531837105301]
[1.183336695070484 -0.39194763814114336 -0.3997734379282294; -0.39194763814114336 1.1986364287486497 -0.3944536780038226; -0.3997734379282294 -0.3944536780038226 1.185434041578064]
[1.1876189710828122 -0.39797644030965607 -0.39530112258247874; -0.39797644030965607 1.1875764399221682 -0.3940311335926745; -0.39530112258247874 -0.3940311335926745 1.1932422591057372]
[1.2010756666395566 -0.3993525093602325 0.4093491494503333; -0.3993525093602325 1.1794256739818803 0.38328925687792786; 0.4093491494503333 0.38328925687792786 1.1927475557100886]
[1.1924769155072756 0.41794014886124353 0.4055604817974806; 0.41794014886124353 1.2069985494248383 -0.3786539864497274; 0.4055604817974806 -0.3786539864497274 1.1844171324028656]
[1.1834337649475508 -0.40363986148754505 0.3999771957568545; -0.40363986148754505 1.1845097480601732 0.38188547547598556; 0.3999771957568545 0.38188547547598556 1.198998846235981]
[1.1949604618127256 0.39357612328841846 0.39755933274319066; 0.39357612328841846 1.1977867621725802 -0.40220880390563846; 0.39755933274319066 -0.40220880390563846 1.1818284027447516]
[1.1863161856900761 0.4027026138502511 -0.3929595232337139; 0.4027026138502511 1.1886887008646825 0.3875747316047133; -0.3929595232337139 0.3875747316047133 1.1894471512117994]
[1.1837760846858691 -0.40487361960933366 -0.40562218806219896; -0.40487361960933366 1.196153701917381 -0.37791120037895287; -0.40562218806219896 -0.37791120037895287 1.1900359742818587]
[1.1787379414505808 -0.39512170118928946 -0.3972180646766843; -0.39512170118928946 1.2014654075151878 -0.398622617569758; -0.3972180646766843 -0.398622617569758 1.1919755625965613]
[1.1757692487748124 0.3962159577060427 -0.3954318280931195; 0.3962159577060427 1.1902918464452434 0.3828367750021817; -0.3954318280931195 0.3828367750021817 1.1898466350080792]
[1.185348834669916 0.40009218918790634 -0.40303953641222806; 0.40009218918790634 1.1956075146860636 0.3835154087030258; -0.40303953641222806 0.3835154087030258 1.187019400451332]
[1.195627029617765 0.40150155714354546 0.39426461417702435; 0.40150155714354546 1.1845918573979988 -0.38731786797669304; 0.39426461417702435 -0.38731786797669304 1.1840429322162196]
[1.5766065152691398 0.776751063026559 0.7812992255218421; 0.776751063026559 1.1863816375722473 0.3922744886970504; 0.7812992255218421 0.3922744886970504 1.1764403951304914]
[1.5527679903629756 0.7753272437827209 0.7682001315933641; 0.7753272437827209 1.180536471423608 0.3805397496839551; 0.7682001315933641 0.3805397496839551 1.1917730097323753]
[1.1838068113000848 -0.3991694950220258 0.3891572395594981; -0.3991694950220258 1.20199940938744 0.4015882256869911; 0.3891572395594981 0.4015882256869911 1.1852782773936639]
[1.5408584421428875 0.7660041138477828 -0.7668090381996342; 0.7660041138477828 1.1871872772549819 -0.39236717365226836; -0.7668090381996342 -0.39236717365226836 1.1865701431094915]
[1.1760826864358174 -0.3944634868282896 -0.3913927909546951; -0.3944634868282896 1.190621980065679 -0.3878584021778541; -0.3913927909546951 -0.3878584021778541 1.188328831639213]
[1.5745395747099489 0.785525319042549 0.7834176254233666; 0.785525319042549 1.1872692574453934 0.40201249332907335; 0.7834176254233666 0.40201249332907335 1.188446358986196]
[1.1804326137772776 -0.39274576722861815 0.3935813234779587; -0.39274576722861815 1.1906040907919784 0.3954556867983859; 0.3935813234779587 0.3954556867983859 1.1919091049558614]
[1.5409301504121868 -0.7542132777496136 -0.7554013612831757; -0.7542132777496136 1.1759942376652368 0.33160280404495124; -0.7554013612831757 0.33160280404495124 1.1764374400481512]
[1.1824724978387497 -0.3918697362853148 -0.39891424249658897; -0.3918697362853148 1.2011438055501404 -0.39876769902584747; -0.39891424249658897 -0.39876769902584747 1.187161144256076]
[1.1926368864316992 0.4020930281282269 -0.40627627554902407; 0.4020930281282269 1.191885329786794 0.3906115144483422; -0.40627627554902407 0.3906115144483422 1.1956775965316961]
[1.1986621678483964 0.4087846560594148 -0.4057814930644125; 0.4087846560594148 1.1928684336154307 0.3819261065888039; -0.4057814930644125 0.3819261065888039 1.1862822637838928]
[1.191841620387411 0.38134661155335997 0.4267399883246023; 0.38134661155335997 1.1833468947517083 -0.3742943856825801; 0.4267399883246023 -0.3742943856825801 1.1892218949259787]
[1.1835646831811006 -0.40143165922519636 0.41833394418959324; -0.40143165922519636 1.1982727568951748 0.382410303394227; 0.41833394418959324 0.382410303394227 1.202162526295355]
[1.1892900778877866 0.4052084358936762 0.3955314987911393; 0.4052084358936762 1.182383935743593 -0.3815076599518499; 0.3955314987911393 -0.3815076599518499 1.191918988140339]
[1.1948823427820783 0.40757519988862356 0.3990376173243757; 0.40757519988862356 1.2034510963632663 -0.3914320654411957; 0.3990376173243757 -0.3914320654411957 1.1809656827718393]
[1.196271714305809 -0.4029342301625768 -0.4018861319823915; -0.4029342301625768 1.1983973991690635 -0.3948653528854267; -0.4018861319823915 -0.3948653528854267 1.186200763812028]
[1.1963725587253822 -0.4005160497082614 -0.40255716788076434; -0.4005160497082614 1.1892958380814627 -0.3923340580540611; -0.40255716788076434 -0.3923340580540611 1.1908748130229625]
[1.1763478251354567 -0.4135655049308835 -0.41548911019593154; -0.4135655049308835 1.1996276835350117 -0.36726972520598694; -0.41548911019593154 -0.36726972520598694 1.203074665708697]
[1.1840076774240686 0.4054920522836911 -0.4153946843072585; 0.4054920522836911 1.1952810752430618 0.3754520934216876; -0.4153946843072585 0.3754520934216876 1.1989412734341014]
[1.5539558727781126 -0.7739551499360481 0.7619972394174278; -0.7739551499360481 1.1839662174699286 -0.3955438978502329; 0.7619972394174278 -0.3955438978502329 1.1798900235529401]
[1.551116242112495 -0.7703553853853861 0.762169056632119; -0.7703553853853861 1.1789482900089407 -0.3545838843721311; 0.762169056632119 -0.3545838843721311 1.1847858151938908]
[1.1783662525132839 -0.4265562820632498 -0.4091721364684417; -0.4265562820632498 1.2101184721250362 -0.3678424544684325; -0.4091721364684417 -0.3678424544684325 1.1980952276279488]
[1.1847529610045449 -0.4242804725146683 -0.40029020229837725; -0.4242804725146683 1.1977898143839187 -0.37026424450313666; -0.40029020229837725 -0.37026424450313666 1.1945374735103393]
[1.1864738688225287 0.40445955610602546 -0.4040380495961126; 0.40445955610602546 1.1920740103971383 0.38089386313357815; -0.4040380495961126 0.38089386313357815 1.1922388556415875]
[1.1825286967493756 0.3914783582991516 0.40253285188361665; 0.3914783582991516 1.1887947797103897 -0.3942453948286348; 0.40253285188361665 -0.3942453948286348 1.198117159585063]
[1.2104503890742098 -0.419769722640767 0.4142692826815958; -0.419769722640767 1.1818514857085465 0.351871736890662; 0.4142692826815958 0.351871736890662 1.1759550144336077]
[1.1890312064066308 0.3725332623828386 0.4035805674572959; 0.3725332623828386 1.1877363340958091 -0.4066530373162459; 0.4035805674572959 -0.4066530373162459 1.1875853447415445]
[1.1914790706107674 -0.40087415744525295 -0.4053590896187511; -0.40087415744525295 1.192566153402399 -0.3804030244792491; -0.4053590896187511 -0.3804030244792491 1.1839240705974021]
[1.18952053681446 0.40657743585835315 -0.4002012715688971; 0.40657743585835315 1.1983205541521587 0.38205926142461694; -0.4002012715688971 0.38205926142461694 1.1823378769260446]
[1.2002303837207138 0.40676627517876934 -0.4152671968976507; 0.40676627517876934 1.1828796727853252 0.3711532027538399; -0.4152671968976507 0.3711532027538399 1.1916971581766778]
[1.1844987781889016 -0.4100055258246925 0.4189608655421207; -0.4100055258246925 1.1954820398715589 0.373977109321788; 0.4189608655421207 0.373977109321788 1.2051711468112523]
[1.1964221053454218 0.37574215925422066 -0.40288513955385563; 0.37574215925422066 1.1906019548262492 0.4046543211839624; -0.40288513955385563 0.4046543211839624 1.1779783506096042]
[1.191119676192014 -0.4083046207140283 0.40374879703936034; -0.4083046207140283 1.1963351377401419 0.37825495573372286; 0.40374879703936034 0.37825495573372286 1.1842908004551986]
[1.5837347667962185 0.7857112224732751 0.7872666013524632; 0.7857112224732751 1.1895274033536838 0.3875772789361328; 0.7872666013524632 0.3875772789361328 1.1809015470134374]
[1.1847338746017904 0.4111375358888664 0.40389011049313617; 0.4111375358888664 1.193122769518303 -0.37687469544369656; 0.40389011049313617 -0.37687469544369656 1.1957160700448646]
[1.1797320820133261 -0.4131573439440659 0.4147209459142329; -0.4131573439440659 1.1990593482600365 0.37096288641080327; 0.4147209459142329 0.37096288641080327 1.2024591908450137]
[1.1995781927960247 -0.40987973537989697 -0.39700365950599736; -0.40987973537989697 1.2000212026057324 -0.3937406282870829; -0.39700365950599736 -0.3937406282870829 1.1822501269350012]
[1.192658487237342 -0.39766377723392315 -0.38906790776706607; -0.39766377723392315 1.189523331124933 -0.39405896636397103; -0.38906790776706607 -0.39405896636397103 1.179792707825879]
[1.1873466587074317 -0.40874617521955264 -0.3977284435889012; -0.40874617521955264 1.1995255743272462 -0.37914702444318066; -0.3977284435889012 -0.37914702444318066 1.1801899464874643]
[1.191854971622629 0.41069755808155556 0.4026742381544215; 0.41069755808155556 1.1918339217120184 -0.3795526169725497; 0.4026742381544215 -0.3795526169725497 1.1906572520955816]
[1.5642956643065806 -0.779270338200811 -0.778525301013096; -0.779270338200811 1.183191459221114 0.3725663477989599; -0.778525301013096 0.3725663477989599 1.1918705746232432]
[1.1856263753614735 -0.39844190245885563 0.3998674007998767; -0.39844190245885563 1.1941115676369105 0.395469182226519; 0.3998674007998767 0.395469182226519 1.1951922718960866]
[1.1817082699966701 -0.4012057261741428 0.4183218962354673; -0.4012057261741428 1.1977238243608272 0.37054981529996056; 0.4183218962354673 0.37054981529996056 1.1927922893853766]
[1.1957371045147784 0.4131478838003774 0.4137194426593868; 0.4131478838003774 1.192535138305666 -0.37823885320986916; 0.4137194426593868 -0.37823885320986916 1.1985408678700074]
[1.5638284411965284 0.7786138715895656 0.7703683603534924; 0.7786138715895656 1.191770842687387 0.35944506945952703; 0.7703683603534924 0.35944506945952703 1.1754573444293595]
[1.1914462649860211 -0.39976650088516863 0.41407023261330983; -0.39976650088516863 1.1801667094974966 0.38044099582500585; 0.41407023261330983 0.38044099582500585 1.2041630651422286]
[1.180220831068254 0.34202544576630795 -0.4164433253608559; 0.34202544576630795 1.175342344006688 0.41475799485646264; -0.4164433253608559 0.41475799485646264 1.2006245225699532]
[1.566669025216035 -0.7829337670873668 0.7826625723149447; -0.7829337670873668 1.1948715889094315 -0.39188708274594325; 0.7826625723149447 -0.39188708274594325 1.1852882010782784]
[1.183691288141814 0.3583579983105912 0.4133836608264654; 0.3583579983105912 1.179994295886085 -0.40335448571017046; 0.4133836608264654 -0.40335448571017046 1.1934844572673882]
[1.182942537101008 -0.3639939922452381 -0.4195070591390839; -0.3639939922452381 1.1820627694087058 -0.4029199069248791; -0.4195070591390839 -0.4029199069248791 1.2032675886336144]
[1.1994812013699527 0.4058841725676261 -0.40359218524894386; 0.4058841725676261 1.189193974582514 0.3845828344559192; -0.40359218524894386 0.3845828344559192 1.186606312172862]
[1.1914240275768408 -0.3919399169543515 -0.3958638443152869; -0.3919399169543515 1.1903455499461064 -0.39502647839318167; -0.3958638443152869 -0.39502647839318167 1.1822290287740984]
[1.1829156993460557 0.38032040720926125 -0.3972784634012491; 0.38032040720926125 1.1975576049471028 0.4023008073381789; -0.3972784634012491 0.4023008073381789 1.1808731490929494]
[1.182984520490265 -0.42361027547717983 0.4074618605264682; -0.42361027547717983 1.201090865033742 0.37088931730282404; 0.4074618605264682 0.37088931730282404 1.200374235984717]
[1.191825720865597 -0.3923405639718378 -0.39183301930919107; -0.3923405639718378 1.1827747336115024 -0.3976745425825257; -0.39183301930919107 -0.3976745425825257 1.188429629425605]
[1.1776219317339798 -0.40044601362971555 0.4027628013659942; -0.40044601362971555 1.191936403531511 0.3790539741380315; 0.4027628013659942 0.3790539741380315 1.1942696497346859]
[1.19807700334405 0.38803990059352594 -0.40169637025460114; 0.38803990059352594 1.1922004069253636 0.40089282278211474; -0.40169637025460114 0.40089282278211474 1.1816654735260939]
[1.1997541587937122 -0.4052139895654339 -0.40025717036399694; -0.4052139895654339 1.1882228471375058 -0.38604625065159826; -0.40025717036399694 -0.38604625065159826 1.1847268711829566]
[1.1833564222602015 -0.39194354414368343 -0.3997756685366369; -0.39194354414368343 1.198611835912949 -0.39447966166445303; -0.3997756685366369 -0.39447966166445303 1.18546229968677]
[1.187649903258078 -0.39796455511922246 -0.3953162884493655; -0.39796455511922246 1.1876118593349547 -0.39406251024591876; -0.3953162884493655 -0.39406251024591876 1.1932099577516522]
[1.2011838819852665 -0.39921927381671174 0.4093693438356273; -0.39921927381671174 1.179328376619401 0.3833281343497125; 0.4093693438356273 0.3833281343497125 1.1926618354645526]
[1.1922060096643852 0.4177469495473184 0.40545081427920265; 0.4177469495473184 1.2068535315379871 -0.37865297771431045; 0.40545081427920265 -0.37865297771431045 1.18452431456911]
[1.1858124458473227 -0.40449391953213243 0.4036623382274915; -0.40449391953213243 1.1821163365108858 0.3754415365569019; 0.4036623382274915 0.3754415365569019 1.197242341006986]
[1.1859022752090602 0.4015755729941653 -0.3927863220715048; 0.4015755729941653 1.1879029618734946 0.3875170420290082; -0.3927863220715048 0.3875170420290082 1.1892882448771989]
[1.184882482831953 -0.40542301441918943 -0.40566247873127964; -0.40542301441918943 1.195888804975377 -0.37816857406846716; -0.40566247873127964 -0.37816857406846716 1.1900183299225473]
[1.1785051607907326 -0.39501118097760485 -0.3970747122296535; -0.39501118097760485 1.2014415170327561 -0.39865841898406357; -0.3970747122296535 -0.39865841898406357 1.1920152538618398]
[1.1757356909801868 0.3962142054232392 -0.3954141114652082; 0.3962142054232392 1.1903141127703245 0.382832396060686; -0.3954141114652082 0.382832396060686 1.1898348777620018]
[1.1880592083211774 0.40170960467791583 -0.4043444374147466; 0.40170960467791583 1.1960584169471087 0.38480771903994665; -0.4043444374147466 0.38480771903994665 1.188043888175551]
[1.212805219450762 0.4194411489363211 -0.42012183704560846; 0.4194411489363211 1.1751649434727074 0.3505447562260154; -0.42012183704560846 0.3505447562260154 1.184644358010611]
[1.1957387367631285 0.401342207206657 0.39434883844073676; 0.401342207206657 1.1844216150543287 -0.3874306787224398; 0.39434883844073676 -0.3874306787224398 1.1841381921708747]
[1.1855236690875899 -0.39844291048994 -0.4102857213173865; -0.39844291048994 1.180448056503516 -0.3801189141204934; -0.4102857213173865 -0.3801189141204934 1.204397658153813]
[1.1833957034009477 -0.4047251114060463 0.39467895942406883; -0.4047251114060463 1.2053343628094069 0.38876485044309755; 0.39467895942406883 0.38876485044309755 1.1807622163734137]
[1.5527271556921391 0.7754298017683997 0.7681491697837804; 0.7754298017683997 1.1806769514702982 0.3805187731749161; 0.7681491697837804 0.3805187731749161 1.1917258483193904]
[1.1838369869287781 -0.3998334365394624 0.3892114568604931; -0.3998334365394624 1.2028242188016651 0.40183843809598; 0.3892114568604931 0.40183843809598 1.185396757014177]
[1.5416892263778132 0.7666990912475424 -0.7674921214839205; 0.7666990912475424 1.1874581203437007 -0.39281729730269366; -0.7674921214839205 -0.39281729730269366 1.186824234054832]
[1.1762199604663945 -0.39355768802975555 -0.39202520869367935; -0.39355768802975555 1.1908473834191506 -0.3887525244306788; -0.39202520869367935 -0.3887525244306788 1.1885683534394373]
[1.5748956776409213 0.7856880166479828 0.7832918938287341; 0.7856880166479828 1.1872478488889286 0.401746577759036; 0.7832918938287341 0.401746577759036 1.1881426388890417]
[1.1797112314634153 -0.3936603490031877 0.3927979082219501; -0.3936603490031877 1.192755832420476 0.39503622384448434; 0.3927979082219501 0.39503622384448434 1.1902008021806854]
[1.5408620078299808 -0.7545251736234831 -0.7550582880105374; -0.7545251736234831 1.1764830165036317 0.33179661366765323; -0.7550582880105374 0.33179661366765323 1.175968049245059]
[1.1824183172093417 -0.3918021281318309 -0.39898518200467725; -0.3918021281318309 1.2011864326962236 -0.39864048221591275; -0.39898518200467725 -0.39864048221591275 1.1870519050047768]
[1.1819323100625616 0.39310519622902457 0.39007815876355817; 0.39310519622902457 1.1981430813891483 -0.39963706306584384; 0.39007815876355817 -0.39963706306584384 1.183931473045854]
[1.1988675529025565 0.4097602559581801 -0.4059714723579883; 0.4097602559581801 1.194650597708201 0.3818333038346998; -0.4059714723579883 0.3818333038346998 1.1853930614015453]
[1.1917070982191431 0.38155276813200634 0.42639351216411725; 0.38155276813200634 1.183745487565445 -0.3746105253000075; 0.42639351216411725 -0.3746105253000075 1.1891169242781063]
[1.1836013117228337 -0.40145613367971794 0.4183008574354331; -0.40145613367971794 1.1982660567049146 0.3824057498927676; 0.4183008574354331 0.3824057498927676 1.2021175232720296]
[1.1891528829044669 0.4055770866956056 0.3955488073995534; 0.4055770866956056 1.1823602450142643 -0.3812074965788659; 0.3955488073995534 -0.3812074965788659 1.192179771452981]
[1.1948559273768746 0.4075227989507002 0.3990923959713433; 0.4075227989507002 1.2034565588955943 -0.39143944682810383; 0.3990923959713433 -0.39143944682810383 1.1809965375268634]
[1.1964563272815423 -0.4026612974361723 -0.4022601695004642; -0.4026612974361723 1.198002934107505 -0.39458976590782735; -0.4022601695004642 -0.39458976590782735 1.186235956073756]
[1.5496577973426486 -0.7640675095266215 0.7625370303100409; -0.7640675095266215 1.1814727247696777 -0.34947664330284256; 0.7625370303100409 -0.34947664330284256 1.1779661393988623]
[1.196427838522653 -0.4006008012253226 -0.4025341827556033; -0.4006008012253226 1.189302327181695 -0.39230746232847585; -0.4025341827556033 -0.39230746232847585 1.190848570349451]
[1.176293562493163 -0.41359113916463397 -0.4154203348306709; -0.41359113916463397 1.199717323639461 -0.36727012686437216; -0.4154203348306709 -0.36727012686437216 1.2029972390532557]
[1.1852159247536145 0.40536389948142415 -0.4146823712639584; 0.40536389948142415 1.1940285412957035 0.3762075665714268; -0.4146823712639584 0.3762075665714268 1.1988151078797826]
[1.5528923327005946 -0.7750895350192302 0.7625569101289643; -0.7750895350192302 1.1851705602008256 -0.3967897123914174; 0.7625569101289643 -0.3967897123914174 1.1814466531529455]
[1.5512854902128517 -0.7705568774378162 0.7622518167925412; -0.7705568774378162 1.1790785872102298 -0.35474855955072676; 0.7622518167925412 -0.35474855955072676 1.1847625979052114]
[1.178246651891431 -0.4264295703280067 -0.4091395503819716; -0.4264295703280067 1.2100444247757238 -0.3678103608607979; -0.4091395503819716 -0.3678103608607979 1.1980953941637187]
[1.1847320950382154 -0.42427616003977797 -0.4003010827710002; -0.42427616003977797 1.1978380044488413 -0.3702699473073652; -0.4003010827710002 -0.3702699473073652 1.194522673030765]
[1.1855842648098336 0.4042334580857796 -0.40420927073768553; 0.4042334580857796 1.1921550138012693 0.3806503430676573; -0.40420927073768553 0.3806503430676573 1.1927705966777533]
[1.1824084973377254 0.3913249483658066 0.40258067697871847; 0.3913249483658066 1.1885938114977506 -0.39415729774468505; 0.40258067697871847 -0.39415729774468505 1.1982471058124387]
[1.2092827926097955 -0.41865522050594095 0.41412484052232507; -0.41865522050594095 1.1821394167750734 0.3536272404963326; 0.41412484052232507 0.3536272404963326 1.177244037609522]
[1.1890579739106444 0.3725050592311334 0.4035477717659618; 0.3725050592311334 1.1877084009872152 -0.40667946182458303; 0.4035477717659618 -0.40667946182458303 1.1875535253568315]
[1.1916802247847034 -0.40081768281588115 -0.405377403658173; -0.40081768281588115 1.19246683421743 -0.38043479746942527; -0.405377403658173 -0.38043479746942527 1.1838132368005165]
[1.1895319250604586 0.4065605770220657 -0.40022004595615285; 0.4065605770220657 1.1982770344212537 0.3820574016174469; -0.40022004595615285 0.3820574016174469 1.1823695765846116]
[1.1993772536577845 0.40593187123328545 -0.4143506214004189; 0.40593187123328545 1.183519154517175 0.37392652481532607; -0.4143506214004189 0.37392652481532607 1.1928537207470427]
[1.183210616292384 -0.40932182499130954 0.4190367748372772; -0.40932182499130954 1.1970076083745986 0.3734340504509875; 0.4190367748372772 0.3734340504509875 1.203819111906772]
[1.190140315475831 0.397672005065255 -0.3924049415927275; 0.397672005065255 1.1859816128636227 0.3948934398293865; -0.3924049415927275 0.3948934398293865 1.1899836368629304]
[1.1910143162199707 -0.4082626979953464 0.4038011294512882; -0.4082626979953464 1.1963545034463359 0.37821826118992047; 0.4038011294512882 0.37821826118992047 1.1843529992046136]
[1.583932928435276 0.7857134496053215 0.7873121335169984; 0.7857134496053215 1.1893806377042013 0.38767946136385695; 0.7873121335169984 0.38767946136385695 1.1808970720219538]
[1.1819474099438276 0.36382774416650776 0.4037557657632378; 0.36382774416650776 1.1871811941526704 -0.4091895520721024; 0.4037557657632378 -0.4091895520721024 1.18951315732074]
[1.184422554219752 0.4117554554914415 0.4030862956566227; 0.4117554554914415 1.194348420981943 -0.3767828163040204; 0.4030862956566227 -0.3767828163040204 1.1945301559745367]
[1.1799868846510984 -0.412988788669457 0.4155580591015224; -0.412988788669457 1.1989059207796984 0.3707279703009987; 0.4155580591015224 0.3707279703009987 1.202815454050368]
[1.179130753562399 -0.3534497284187704 -0.40948080892448985; -0.3534497284187704 1.1838500600276323 -0.407527418823339; -0.40948080892448985 -0.407527418823339 1.1898572772676579]
[1.1925943535539618 -0.3975336006329266 -0.38921362945220306; -0.3975336006329266 1.1895419043867608 -0.3939256716680657; -0.38921362945220306 -0.3939256716680657 1.1797203089273969]
[1.1872275125708518 -0.40886712824945326 -0.3973018512438574; -0.40886712824945326 1.1999971450052398 -0.3795968818589141; -0.3973018512438574 -0.3795968818589141 1.1799758139541503]
[1.1918249530365423 0.41072524505457836 0.4025998609922455; 0.41072524505457836 1.1918362860080043 -0.3795519377535575; 0.4025998609922455 -0.3795519377535575 1.1906376250142208]
[1.5644545554783407 -0.7794310265618555 -0.7787026578741018; -0.7794310265618555 1.18326822331276 0.3728265364769445; -0.7787026578741018 0.3728265364769445 1.1919654973922207]
[1.1857345238065968 -0.3985639087105815 0.3997704155361255; -0.3985639087105815 1.19438975065637 0.39560697597267447; 0.3997704155361255 0.39560697597267447 1.194967658269547]
[1.1769680862710339 -0.40746590404306404 0.414068739462077; -0.40746590404306404 1.199991668343183 0.37221010133255716; 0.414068739462077 0.37221010133255716 1.1990446219049604]
[1.1944712677897718 0.3907770695279384 0.3958500270349946; 0.3907770695279384 1.1848051366793546 -0.3922086099433404; 0.3958500270349946 -0.3922086099433404 1.1807750863831548]
[1.5638565095131993 0.7786439869733288 0.7704051625043633; 0.7786439869733288 1.1918121068044354 0.35948789701881223; 0.7704051625043633 0.35948789701881223 1.1754534784816077]
[1.1916213538016052 -0.399438091584724 0.4138923293288076; -0.399438091584724 1.1797889332229696 0.3806658256073863; 0.4138923293288076 0.3806658256073863 1.2040705543918813]
[1.1801444712196034 0.341904019164131 -0.4165072002019182; 0.341904019164131 1.175333172126433 0.4147792626411832; -0.4165072002019182 0.4147792626411832 1.200681126341543]
[1.566674615025808 -0.7829367433154557 0.782666921921964; -0.7829367433154557 1.1948666600128934 -0.3918869736973175; 0.782666921921964 -0.3918869736973175 1.1852947456464555]
[1.183653215966289 0.3583377232925393 0.4134010466850065; 0.3583377232925393 1.1800393266631162 -0.4033240878391577; 0.4134010466850065 -0.4033240878391577 1.1934461066363085]
[1.1830424767322842 -0.36342110420722884 -0.4202393971510725; -0.36342110420722884 1.1815151307130631 -0.4025540198897049; -0.4202393971510725 -0.4025540198897049 1.2035384501221713]
[1.1968515480128967 0.402210425892768 -0.40212748415302213; 0.402210425892768 1.187081463640358 0.38523304237619316; -0.40212748415302213 0.38523304237619316 1.1868208062788947]
[1.191808437359688 -0.392022024026537 -0.39573020427421013; -0.392022024026537 1.1899494535782376 -0.3950053245009618; -0.39573020427421013 -0.3950053245009618 1.1821681894071163]
[1.1828871253234439 0.3809855954835677 -0.39699420368500327; 0.3809855954835677 1.1980389581594328 0.40250414529528034; -0.39699420368500327 0.40250414529528034 1.180989088347163]
[1.1829592813380605 -0.4235916323957452 0.40745740258416185; -0.4235916323957452 1.201106047568947 0.37092217838597885; 0.40745740258416185 0.37092217838597885 1.200393327078009]
[1.1910957209911979 -0.3927380604298613 -0.39098856380855707; -0.3927380604298613 1.1816120956693872 -0.3966526633227296; -0.39098856380855707 -0.3966526633227296 1.1888662235219667]
[1.1776543447451853 -0.4003360733024639 0.4027251973772175; -0.4003360733024639 1.19185231088386 0.37911564040549195; 0.4027251973772175 0.37911564040549195 1.1942309366180273]
[1.1978829908401276 0.38809176769794224 -0.4016816206700966; 0.38809176769794224 1.1924928336822118 0.4007801618629495; -0.4016816206700966 0.4007801618629495 1.1814914599739068]
[1.1979231594604534 -0.4046614832366657 -0.4004924222109345; -0.4046614832366657 1.1886717968689462 -0.3856881930911702; -0.4004924222109345 -0.3856881930911702 1.1854322510963864]
[1.183374509834296 -0.39193938159564684 -0.39977579127484225; -0.39193938159564684 1.198588312372829 -0.39450851587493935; -0.39977579127484225 -0.39450851587493935 1.1854918003221988]
[1.1876787971358165 -0.39795337109350765 -0.3953292663974996; -0.39795337109350765 1.1876459031054551 -0.3940934298219249; -0.3953292663974996 -0.3940934298219249 1.1931791631696886]
[1.201284307145257 -0.39909299496119327 0.40938754397525257; -0.39909299496119327 1.1792373397164704 0.38336535790371407; 0.40938754397525257 0.38336535790371407 1.1925810312730332]
[1.1920425522207956 0.417586554444356 0.40541033330393333; 0.417586554444356 1.2066684278654674 -0.3786512999528456; 0.40541033330393333 -0.3786512999528456 1.1846657070244746]
[1.1882004518131162 -0.4023924890442767 0.4098988551314001; -0.4023924890442767 1.178465324309478 0.37046690511655644; 0.4098988551314001 0.37046690511655644 1.1978095847130332]
[1.1854816041238794 0.40040296454454993 -0.3926110696201528; 0.40040296454454993 1.1870800408624091 0.3874714404024963; -0.3926110696201528 0.3874714404024963 1.1891398799587232]
[1.1824445707349305 -0.4038765253427749 -0.406084169924418; -0.4038765253427749 1.19559593764153 -0.37783813354745277; -0.406084169924418 -0.37783813354745277 1.191341787562579]
[1.1782655986917165 -0.39488441505619093 -0.3969409591504339; -0.39488441505619093 1.2013978226992899 -0.39869375182112454; -0.3969409591504339 -0.39869375182112454 1.1920744528804699]
[1.175701340755417 0.3962115917915097 -0.3953965009617542; 0.3962115917915097 1.1903361895476194 0.3828284932690455; -0.3953965009617542 0.3828284932690455 1.1898238293989267]
[1.1890648347311943 0.40329937585408515 -0.4045765189928566; 0.40329937585408515 1.193370287128454 0.3854151689677088; -0.4045765189928566 0.3854151689677088 1.1921380332326739]
[1.2128343567933053 0.4195707153257391 -0.42003992415627533; 0.4195707153257391 1.175458656589545 0.3504635321343855; -0.42003992415627533 0.3504635321343855 1.1842899425202424]
[1.1958577146655203 0.401169527471416 0.3944413169227568; 0.401169527471416 1.1842394262535187 -0.38754977911533955; 0.3944413169227568 -0.38754977911533955 1.184239360914848]
[1.1851551001954965 0.40306649016223706 0.40916192134997564; 0.40306649016223706 1.1982523356716743 -0.37803016545184764; 0.40916192134997564 -0.37803016545184764 1.1884520196529524]
[1.5527059298849186 0.7755370020110448 0.7681100090512828; 0.7755370020110448 1.180817513046754 0.38050261178986394; 0.7681100090512828 0.38050261178986394 1.191674988464979]
[1.1838174178585357 -0.4000236196744234 0.3892651914215669; -0.4000236196744234 1.2031375762680174 0.4019255906763345; 0.3892651914215669 0.4019255906763345 1.1854362753655334]
[1.5425227944507807 0.7673942182026937 -0.7681752890110494; 0.7673942182026937 1.1877276085845305 -0.3932657563336701; -0.7681752890110494 -0.3932657563336701 1.1870775965913516]
[1.176538357403844 -0.392836504336658 -0.392675826246409; -0.392836504336658 1.1914015394155173 -0.389907882096582; -0.392675826246409 -0.389907882096582 1.1887572820992782]
[1.1891672267892883 -0.35299033945326164 0.4130208306799751; -0.35299033945326164 1.175455672962336 0.41261310224434994; 0.4130208306799751 0.41261310224434994 1.1964106462479855]
[1.5752527999142514 0.7858575384712461 0.7831897884542032; 0.7858575384712461 1.1872404981688909 0.40151756263511185; 0.7831897884542032 0.40151756263511185 1.1878549787871575]
[1.1797148766474 -0.394493187889733 0.3925752380057391; -0.394493187889733 1.1943028014642751 0.3946378757899495; 0.3925752380057391 0.3946378757899495 1.1888674998430209]
[1.5407256282060573 -0.7547705221649521 -0.7546554979455381; -0.7547705221649521 1.176950088684744 0.33187831737570617; -0.7546554979455381 0.33187831737570617 1.1754717263687526]
[1.18236246883628 -0.39172476394320965 -0.39906287171847404; -0.39172476394320965 1.201231194097069 -0.39850261894979544; -0.39906287171847404 -0.39850261894979544 1.186928917297285]
[1.1854081233763472 0.4016618185388038 -0.39654296187915; 0.4016618185388038 1.1934156208316573 0.39242156525776734; -0.39654296187915 0.39242156525776734 1.192971446088176]
[1.1990456117249615 0.4106378276956371 -0.40662254474169635; 0.4106378276956371 1.1963233420537456 0.38159578456015725; -0.40662254474169635 0.38159578456015725 1.1848699340361042]
[1.1915686853051946 0.3817538165332501 0.42604790463995634; 0.3817538165332501 1.1841410207784504 -0.3749222461461431; 0.42604790463995634 -0.3749222461461431 1.1890107703148187]
[1.1836385073317364 -0.4014806504796223 0.41826909400563067; -0.4014806504796223 1.198258603600906 0.3824005384700538; 0.41826909400563067 0.3824005384700538 1.2020734600573357]
[1.1890163307434984 0.4059517103152602 0.39559332939067826; 0.4059517103152602 1.1823651163646811 -0.3809063134445608; 0.39559332939067826 -0.3809063134445608 1.1924438088651879]
[1.1948321089691287 0.4074729654821791 0.39914444123540743; 0.4074729654821791 1.2034623549389747 -0.3914464194636163; 0.39914444123540743 -0.3914464194636163 1.1810239000578202]
[1.1966438206826386 -0.402381911723675 -0.40263313252411626; -0.402381911723675 1.1976044128124643 -0.39434056869127554; -0.40263313252411626 -0.39434056869127554 1.1862913420551742]
[1.5665377260311555 0.7832668508248662 0.77989600183886; 0.7832668508248662 1.1972850591608304 0.40167652559199324; 0.77989600183886 0.40167652559199324 1.180779103395671]
[1.196481949473595 -0.40068026150804964 -0.4025096633131317; -0.40068026150804964 1.1893080316196325 -0.3922846976881547; -0.4025096633131317 -0.3922846976881547 1.190821248869785]
[1.1762408208766837 -0.4136182373724396 -0.4153528359603641; -0.4136182373724396 1.1998069779188487 -0.36726957335861493; -0.4153528359603641 -0.36726957335861493 1.2029201487116523]
[1.1862948738382466 0.4054946174452424 -0.4142305441246947; 0.4054946174452424 1.1930190232176112 0.37681885867968146; -0.4142305441246947 0.37681885867968146 1.1989789786234166]
[1.552287773409756 -0.7759706730602318 0.7630537299484568; -0.7759706730602318 1.1859400444559764 -0.39773855504865224; 0.7630537299484568 -0.39773855504865224 1.1826644599277274]
[1.5514097601964876 -0.7706938531713963 0.7623157536997367; -0.7706938531713963 1.1791542332952951 -0.354863681773629; 0.7623157536997367 -0.354863681773629 1.1847580972781755]
[1.1781283904325128 -0.4262983672755138 -0.40910977712767715; -0.4262983672755138 1.2099675545870168 -0.36777960071311677; -0.40910977712767715 -0.36777960071311677 1.19809648228952]
[1.184711665166874 -0.42427190801808706 -0.4003119621123167; -0.42427190801808706 1.1978859953932304 -0.37027500881798886; -0.4003119621123167 -0.37027500881798886 1.1945070554365897]
[1.1840001775976157 0.4032565314327382 -0.404829714269675; 0.4032565314327382 1.1915080050081668 0.3803257153919896; -0.404829714269675 0.3803257153919896 1.194356611819722]
[1.1823047751605622 0.39122514030623246 0.4025975341329516; 0.39122514030623246 1.1883903793202253 -0.3940435639717782; 0.4025975341329516 -0.3940435639717782 1.1983597990672619]
[1.2082060692884056 -0.4176324457549654 0.4139617938236843; -0.4176324457549654 1.1824912110474906 0.3553201524957941; 0.4139617938236843 0.3553201524957941 1.1783959857904243]
[1.189080519387986 0.3724788471368777 0.40351917411156263; 0.3724788471368777 1.1876848600850565 -0.40670522737567905; 0.40351917411156263 -0.40670522737567905 1.1875269320287163]
[1.1918802456374502 -0.4007641421752807 -0.40539230106910373; -0.4007641421752807 1.1923666951864569 -0.38046594334134504; -0.40539230106910373 -0.38046594334134504 1.1837032970274617]
[1.1895441365560846 0.40654281868739855 -0.40023950855510815; 0.40654281868739855 1.198231885274742 0.38205542837239737; -0.40023950855510815 0.38205542837239737 1.1824017373251696]
[1.1911438053969785 0.3951390730605567 0.3966962022573865; 0.3951390730605567 1.1883716619543774 -0.3968960006781482; 0.3966962022573865 -0.3968960006781482 1.1903216427513172]
[1.1821215403513943 -0.4087120981191679 0.41945956720107497; -0.4087120981191679 1.198103563644282 0.3729086623434739; 0.41945956720107497 0.3729086623434739 1.2031540406139891]
[1.1931676124676889 0.377850891756463 0.40972039633753166; 0.377850891756463 1.1979938331304738 -0.40649284351368503; 0.40972039633753166 -0.40649284351368503 1.1845803346694994]
[1.2004008373691484 0.39300996868932747 0.40664783136694743; 0.39300996868932747 1.1889914730371147 -0.3941336029857108; 0.40664783136694743 -0.3941336029857108 1.1856169936288081]
[1.190911287791563 -0.408224028500048 0.40385460811493545; -0.408224028500048 1.1963739040558066 0.3781807995297444; 0.40385460811493545 0.3781807995297444 1.1844165286696604]
[1.584114850319377 0.7857182867308966 0.7873725823817777; 0.7857182867308966 1.189257514783192 0.3877578584384627; 0.7873725823817777 0.3877578584384627 1.180903017815305]
[1.1986120463826537 0.404196752476174 -0.398009764392611; 0.404196752476174 1.1999894534701228 0.3974320945179046; -0.398009764392611 0.3974320945179046 1.1822368851484366]
[1.1841684917500135 0.41214513220671106 0.4026759524909068; 0.41214513220671106 1.1952990234475096 -0.37667755289759586; 0.4026759524909068 -0.37667755289759586 1.1937165228562112]
[1.1801408464639525 -0.41282097588520394 0.41632072470348486; -0.41282097588520394 1.1987589433755108 0.37049674606694555; 0.41632072470348486 0.37049674606694555 1.2031981992928047]
[1.1841689564693025 -0.356229554069941 0.40826115129413404; -0.356229554069941 1.180727514452152 0.40834925444067915; 0.40826115129413404 0.40834925444067915 1.1901658956279597]
[1.1925295723893086 -0.3974058695071304 -0.38935459908912157; -0.3974058695071304 1.1895589941659854 -0.39379816917110644; -0.38935459908912157 -0.39379816917110644 1.1796536079433118]
[1.187210135995553 -0.40902261890393227 -0.3970279965073375; -0.40902261890393227 1.2003564417242294 -0.3798089444023318; -0.3970279965073375 -0.3798089444023318 1.1797264516884904]
[1.1917980365188352 0.4107528151223052 0.40253040053968; 0.4107528151223052 1.1918378961242877 -0.3795501536527756; 0.40253040053968 -0.3795501536527756 1.19061938659464]
[1.5646144408571214 -0.7795895845941786 -0.7788840262387511; -0.7795895845941786 1.1833419531064533 0.37308640555674155; -0.7788840262387511 0.37308640555674155 1.1920644439897763]
[1.185827804486937 -0.3986589414717378 0.39967468971063413; -0.3986589414717378 1.1946441668908925 0.39577388936798213; 0.39967468971063413 0.39577388936798213 1.1947851146785766]
[1.1829809487404563 -0.40393984849398207 0.41994504318475284; -0.40393984849398207 1.199576532548757 0.36913539490912783; 0.41994504318475284 0.36913539490912783 1.1927448791347757]
[1.1891934632732064 0.38494554468451786 0.39207538535954134; 0.38494554468451786 1.184568917368835 -0.39404209828862735; 0.39207538535954134 -0.39404209828862735 1.178648264217842]
[1.5638848749448333 0.7786742512041844 0.770441627066593; 0.7786742512041844 1.191853928061835 0.3595308675647141; 0.770441627066593 0.3595308675647141 1.1754485642400807]
[1.1917492992721734 -0.399146896738857 0.41374752693532985; -0.399146896738857 1.1794522394527114 0.380852053843252; 0.41374752693532985 0.380852053843252 1.2040189262410879]
[1.180093125478822 0.3417880577578047 -0.4165808963805922; 0.3417880577578047 1.1753002879186953 0.414778058439409; -0.4165808963805922 0.414778058439409 1.200728985156634]
[1.5666789191479613 -0.7829393292681711 0.7826711212161532; -0.7829393292681711 1.194861337556386 -0.3918864524122291; 0.7826711212161532 -0.3918864524122291 1.1853024327960036]
[1.183614141773022 0.3583138440963521 0.4134220220311155; 0.3583138440963521 1.1800822081879452 -0.4032938302080939; 0.4134220220311155 -0.4032938302080939 1.193411193728222]
[1.1820102116840017 -0.36400948680441186 -0.41813586393117197; -0.36400948680441186 1.1826368308889426 -0.40318153815012425; -0.41813586393117197 -0.40318153815012425 1.2025140309877431]
[1.1989799749521517 0.4004310608953172 -0.405186914431258; 0.4004310608953172 1.1825732011788246 0.3859998811631374; -0.405186914431258 0.3859998811631374 1.191257843445405]
[1.1913422120063948 -0.3926260229877196 -0.3957044970402703; -0.3926260229877196 1.1908739997136428 -0.39522890794824234; -0.3957044970402703 -0.39522890794824234 1.1825024028336544]
[1.182867874689747 0.38153283247437464 -0.3967636715629384; 0.38153283247437464 1.1984274097776146 0.4027020790580912; -0.3967636715629384 0.4027020790580912 1.1811217340265743]
[1.1829339883089196 -0.4235727560070277 0.4074533475875022; -0.4235727560070277 1.2011213494518325 0.37095550529183147; 0.4074533475875022 0.37095550529183147 1.2004129862450235]
[1.1933783753763478 -0.3997949751489146 -0.3893086889849247; -0.3997949751489146 1.1839851537982788 -0.39277743175378443; -0.3893086889849247 -0.39277743175378443 1.1857097414997286]
[1.177686694903931 -0.40022573469291084 0.402687687884966; -0.40022573469291084 1.1917674081617797 0.37917702439936213; 0.402687687884966 0.37917702439936213 1.1941925547755738]
[1.1976856441594177 0.38813227871812 -0.4016739358168435; 0.38813227871812 1.19278228930598 0.400679639095367; -0.4016739358168435 0.400679639095367 1.1813318745772448]
[1.1954819854233196 -0.4038556485630222 -0.4005738416047399; -0.4038556485630222 1.1890338862200924 -0.3852800374810142; -0.4005738416047399 -0.3852800374810142 1.1863819007756107]
[1.183393535572847 -0.3919352473992867 -0.3997782988282529; -0.3919352473992867 1.1985652479747646 -0.3945341765510429; -0.3997782988282529 -0.3945341765510429 1.1855191831161302]
[1.1877068442721412 -0.3979427634480743 -0.3953414836982848; -0.3979427634480743 1.187680477505775 -0.3941240162300707; -0.3953414836982848 -0.3941240162300707 1.193148180439693]
[1.201377809968214 -0.39897208707083964 0.4094043975342436; -0.39897208707083964 1.1791525727167844 0.38340204739188466; 0.4094043975342436 0.38340204739188466 1.1925044240567155]
[1.1919656558250726 0.41745527516948966 0.4054248640591013; 0.41745527516948966 1.2064547358360491 -0.3786483648792383; 0.4054248640591013 -0.3786483648792383 1.1848322857189362]
[1.1850550559647746 0.3991790714255514 -0.39243555983269796; 0.3991790714255514 1.1862161854438016 0.3874416591804966; -0.39243555983269796 0.3874416591804966 1.1890049162049363]
[1.1824336357112586 -0.40329684639835 -0.40639746933476967; -0.40329684639835 1.194397803730904 -0.37832220630014435; -0.40639746933476967 -0.37832220630014435 1.192750119847955]
[1.1780423546803347 -0.3947557017770915 -0.39682657925460557; -0.3947557017770915 1.2013411356901416 -0.39873154914251757; -0.39682657925460557 -0.39873154914251757 1.1921501110336703]
[1.1756675298632768 0.3962085078208648 -0.39537852561963066; 0.3962085078208648 1.190357263467067 0.3828252495556858; -0.39537852561963066 0.3828252495556858 1.18981304113448]
[1.1859456862069606 0.40283718674682895 -0.4020218394242079; 0.40283718674682895 1.1916197275352964 0.3867783785888761; -0.4020218394242079 0.3867783785888761 1.195348062092443]
[1.2128565835790137 0.41968947675264323 -0.41996507914864384; 0.41968947675264323 1.1757362641981266 0.3503776511665235; -0.41996507914864384 0.3503776511665235 1.1839505562802501]
[1.1959770102302583 0.400982079655167 0.39453858106594103; 0.400982079655167 1.18404856210677 -0.38767616245028264; 0.39453858106594103 -0.38767616245028264 1.1843462111287428]
[1.5526880901707736 0.7756326738642986 0.7680786744313282; 0.7756326738642986 1.1809441713129796 0.3804882457181551; 0.7680786744313282 0.3804882457181551 1.1916308411490737]
[1.1837916693681985 -0.4001826973058969 0.38930145463290355; -0.4001826973058969 1.2034031004148407 0.4020341452977275; 0.38930145463290355 0.4020341452977275 1.1855024251231838]
[1.543363295249437 0.7680923068609476 -0.7688612870653164; 0.7680923068609476 1.18799723819518 -0.39371359498523134; -0.7688612870653164 -0.39371359498523134 1.187330031563703]
[1.1766848256315066 -0.39216755860236124 -0.39323380872223573; -0.39216755860236124 1.1919717248345887 -0.39104359716152665; -0.39323380872223573 -0.39104359716152665 1.1890482609681923]
[1.1884427848978032 -0.3529460024236977 0.41210974090369207; -0.3529460024236977 1.1760338178630731 0.4128908905585473; 0.41210974090369207 0.4128908905585473 1.1958791446663843]
[1.5755848313309753 0.7860462896660333 0.7831448956053828; 0.7860462896660333 1.1872870464764134 0.4013804033402576; 0.7831448956053828 0.4013804033402576 1.1876160263162219]
[1.1802653992876018 -0.3951487766742654 0.3928235323742807; -0.3951487766742654 1.1951917761953232 0.3942326913685268; 0.3928235323742807 0.3942326913685268 1.1879266767961691]
[1.1822995731635622 -0.3916418652597841 -0.3991542785752145; -0.3916418652597841 1.2012856639381562 -0.3983432724502861; -0.3991542785752145 -0.3983432724502861 1.1867905608541234]
[1.197216430974408 0.4129324035244277 -0.410139583007088; 0.4129324035244277 1.1889172977549332 0.35728159762998507; -0.410139583007088 0.35728159762998507 1.1763604550347608]
[1.1993359549945912 0.4101506955576541 -0.4063497090777538; 0.4101506955576541 1.1957368170413571 0.3818948711925801; -0.4063497090777538 0.3818948711925801 1.184684481593537]
[1.1914292804872317 0.381950269584911 0.4257047584741291; 0.381950269584911 1.1845325449095054 -0.3752286131498061; 0.4257047584741291 -0.3752286131498061 1.1889026735433987]
[1.183674975017424 -0.401504586273642 0.41823668569171285; -0.401504586273642 1.1982510518654998 0.382395556021455; 0.41823668569171285 0.382395556021455 1.2020292084746724]
[1.188877565557451 0.4063362367743817 0.395659266711093; 0.4063362367743817 1.1823978026498503 -0.3806009861648981; 0.395659266711093 -0.3806009861648981 1.1927099092228515]
[1.1948053032311623 0.40742033800444016 0.3991934558934197; 0.40742033800444016 1.2034693328597303 -0.39145642076562903; 0.3991934558934197 -0.39145642076562903 1.1810502361155493]
[1.1968388047116236 -0.40209297215807943 -0.4030122391827318; -0.40209297215807943 1.1971965807408398 -0.3941124637990239; -0.4030122391827318 -0.3941124637990239 1.186366413769363]
[1.5643216856270978 -0.772895926533711 0.7786158902809456; -0.772895926533711 1.1764042740864773 -0.3654270081167421; 0.7786158902809456 -0.3654270081167421 1.1925765186579247]
[1.1965335365300382 -0.4007557604367965 -0.40248776535487607; -0.4007557604367965 1.1893118894113455 -0.39226244568617985; -0.40248776535487607 -0.39226244568617985 1.1907974736889868]
[1.1761903532769284 -0.41364465880133194 -0.41528782971227346; -0.41364465880133194 1.1998940414506654 -0.36726910206637325; -0.41528782971227346 -0.36726910206637325 1.2028452503627076]
[1.1873468949372092 0.40578063109824514 -0.4140375255045946; 0.40578063109824514 1.1920906325521625 0.3773273147602916; -0.4140375255045946 0.3773273147602916 1.1994194664321676]
[1.5531484066869847 -0.7761615829017285 0.763854616203149; -0.7761615829017285 1.185351288031988 -0.39770255194831355; 0.763854616203149 -0.39770255194831355 1.1833551921043386]
[1.5514863144399857 -0.7707631193326681 0.762356224685985; -0.7707631193326681 1.1791720138292394 -0.35492339940741374; 0.762356224685985 -0.35492339940741374 1.1847707002084218]
[1.178011384222282 -0.42616204814048464 -0.4090829782501812; -0.42616204814048464 1.2098879817086363 -0.3677503147798454; -0.4090829782501812 -0.3677503147798454 1.1980981040876457]
[1.184691116105244 -0.4242679468320125 -0.40032301073510157; -0.4242679468320125 1.1979343170707435 -0.3702808098244088; -0.40032301073510157 -0.3702808098244088 1.1944924387115288]
[1.1837593979651326 0.40215169496721603 -0.408064677392151; 0.40215169496721603 1.1891378057164539 0.3796312726012037; -0.408064677392151 0.3796312726012037 1.1984751552514643]
[1.1822151460593355 0.3911702599023721 0.40260098439063086; 0.3911702599023721 1.1881917046379773 -0.39390322004482486; 0.40260098439063086 -0.39390322004482486 1.1984585050468817]
[1.207238951668873 -0.4167124625984405 0.41379207613499014; -0.4167124625984405 1.1829039064215228 0.35693035395785255; 0.41379207613499014 0.35693035395785255 1.1793983708827012]
[1.1891067755583165 0.37244624925890535 0.40348529475608785; 0.37244624925890535 1.1876559537041391 -0.4067309945610113; 0.40348529475608785 -0.4067309945610113 1.187490670349165]
[1.1920826030820653 -0.40071101378263824 -0.4054075571797531; -0.40071101378263824 1.1922667251095707 -0.3804997655651266; -0.4054075571797531 -0.3804997655651266 1.183594308117444]
[1.1895590205371636 0.4065261826795336 -0.4002577227000366; 0.4065261826795336 1.1981862163601318 0.3820532645667381; -0.4002577227000366 0.3820532645667381 1.1824314028435121]
[1.1904410292173724 0.39539152078944984 0.39696231336094295; 0.39539152078944984 1.1881943046936043 -0.3956207062932896; 0.39696231336094295 -0.3956207062932896 1.1904447003623173]
[1.1851054715125537 -0.40980537386355803 0.4193963538318549; -0.40980537386355803 1.1958769242189262 0.37389333887661375; 0.4193963538318549 0.37389333887661375 1.204308781650924]
[1.1909815768167393 0.39450551012023327 -0.3959116582218477; 0.39450551012023327 1.1893932022910516 0.3952212242252976; -0.3959116582218477 0.3952212242252976 1.1863824650606025]
[1.2012836540209826 0.40486054869878857 0.3971377993420035; 0.40486054869878857 1.1953272413226326 -0.3946816329067611; 0.3971377993420035 -0.3946816329067611 1.1812529744802458]
[1.190806504672876 -0.4081833916187694 0.4039061390537262; -0.4081833916187694 1.1963917796773567 0.37814611690074923; 0.4039061390537262 0.37814611690074923 1.1844821252549096]
[1.584280241832183 0.7857252028475098 0.7874382746705813; 0.7857252028475098 1.189151122209657 0.38782177630086545; 0.7874382746705813 0.38782177630086545 1.180916226261029]
[1.1766024806089748 0.3395269719481661 -0.4184237988701171; 0.3395269719481661 1.17631494564591 0.4179099278234007; -0.4184237988701171 0.4179099278234007 1.206028981383369]
[1.1840389920318668 0.4123548358519552 0.40255855670757773; 0.4123548358519552 1.1959594333702084 -0.3765816548062032; 0.40255855670757773 -0.3765816548062032 1.193189387589393]
[1.180214123124903 -0.4126866297851716 0.41698623881757646; -0.4126866297851716 1.1986343975008467 0.37027607132847823; 0.41698623881757646 0.37027607132847823 1.203587263982841]
[1.192461477483873 -0.3972816972490632 -0.38948745217455155; -0.3972816972490632 1.189578964002294 -0.3936822156310556; -0.38948745217455155 -0.3936822156310556 1.1795943826216149]
[1.187276230126748 -0.4092107598869445 -0.39687914960533405; -0.4092107598869445 1.2006159666772036 -0.37981912804638834; -0.39687914960533405 -0.37981912804638834 1.1794530360886566]
[1.1917730133397513 0.4107941409823268 0.4024594922385993; 0.4107941409823268 1.1918456119080947 -0.37954300515171346; 0.4024594922385993 -0.37954300515171346 1.1906004378408492]
[1.5647728649722028 -0.7797488494355614 -0.7790636151558634; -0.7797488494355614 1.183416996586289 0.37334673573795507; -0.7790636151558634 0.37334673573795507 1.192162535140874]
[1.1859418967824304 -0.3987751625084314 0.39959165429368754; -0.3987751625084314 1.1949016153577312 0.3959090680310223; 0.39959165429368754 0.3959090680310223 1.1945811036042102]
[1.1758670787997827 -0.4077851240697366 0.410865265878116; -0.4077851240697366 1.1953013398956478 0.368976362674447; 0.410865265878116 0.368976362674447 1.198736162607844]
[1.1971519506599313 0.3970492902930881 0.3962645122866286; 0.3970492902930881 1.1868073667666705 -0.3956479948578994; 0.3962645122866286 -0.3956479948578994 1.1861370226074237]
[1.1855530557642768 0.38593017260107465 0.38976656595261383; 0.38593017260107465 1.1803464663115097 -0.39199768505567095; 0.38976656595261383 -0.39199768505567095 1.1831382330338533]
[1.5639132429419254 0.7787042093374518 0.7704780651646057; 0.7787042093374518 1.1918949011088968 0.3595731266465513; 0.7704780651646057 0.3595731266465513 1.1754441956849881]
[1.191834935976348 -0.39888956993651714 0.4136301235314572; -0.39888956993651714 1.1791522624078534 0.38100429564474647; 0.4136301235314572 0.38100429564474647 1.2040027465464922]
[1.1800868605576613 0.3416972142368546 -0.4166641950509861; 0.3416972142368546 1.1752341783183835 0.414736066724659; -0.4166641950509861 0.414736066724659 1.2007574380103416]
[1.5666887316897944 -0.7829447727704134 0.7826772639482706; -0.7829447727704134 1.1948560481578754 -0.39188744492691; 0.7826772639482706 -0.39188744492691 1.1853093258679017]
[1.1996617032548802 -0.42635089170851964 -0.40555879866952577; -0.42635089170851964 1.1997160849771586 -0.37476812202608023; -0.40555879866952577 -0.37476812202608023 1.1892238598289724]
[1.1835740096916179 0.3582878889985228 0.41344504723558717; 0.3582878889985228 1.180124289855622 -0.4032636887019553; 0.41344504723558717 -0.4032636887019553 1.1933783261721067]
[1.1828920591407421 -0.3627701199022096 -0.420679876522663; -0.3627701199022096 1.1809797966541429 -0.40209931334375004; -0.420679876522663 -0.40209931334375004 1.2035877699672168]
[1.1967666922502567 -0.4202973780187869 -0.39004573281396426; -0.4202973780187869 1.2069825178810216 -0.38913786988336213; -0.39004573281396426 -0.38913786988336213 1.1771611534252349]
[1.1915285220179679 -0.3931675275111915 -0.39539291369293667; -0.3931675275111915 1.1911901873044652 -0.39537465975959213; -0.39539291369293667 -0.39537465975959213 1.1823722999330564]
[1.1828530542204927 0.3819795979060577 -0.39657637691429204; 0.3819795979060577 1.1987429190730834 0.4028889495089442; -0.39657637691429204 0.4028889495089442 1.1812569906902657]
[1.182908459299148 -0.4235540645156807 0.4074486822393022; -0.4235540645156807 1.2011367401641686 0.3709889578521399; 0.4074486822393022 0.3709889578521399 1.2004324895823264]
[1.1925761413165417 -0.3979080189801927 -0.388690191507567; -0.3979080189801927 1.1802750240029887 -0.3920482682017305; -0.388690191507567 -0.3920482682017305 1.1870348129999424]
[1.1777181696249688 -0.40011519694518594 0.40265022494958413; -0.40011519694518594 1.1916825898694225 0.3792390275515562; 0.40265022494958413 0.3792390275515562 1.1941554797491711]
[1.1974934414833882 0.3881626602481981 -0.40167407320725546; 0.3881626602481981 1.1930609498813256 0.400589343184082; -0.40167407320725546 0.400589343184082 1.1811861363389975]
[1.1921186530754566 -0.4027135994187992 -0.4006555277613027; -0.4027135994187992 1.1892523884521062 -0.3846422543573685; -0.4006555277613027 -0.3846422543573685 1.1878457252332957]
[1.1834116305198503 -0.3919297002981379 -0.3997778172994602; -0.3919297002981379 1.1985418117807867 -0.39456374052242993; -0.3997778172994602 -0.39456374052242993 1.1855473279802613]
[1.187734248368622 -0.39793270199659136 -0.3953538119554639; -0.39793270199659136 1.1877145693580207 -0.39415329219948214; -0.3953538119554639 -0.39415329219948214 1.193117689499198]
[1.2014652571291808 -0.39886017541830604 0.40941995522226005; -0.39886017541830604 1.1790744447850667 0.3834366472555994; 0.40941995522226005 0.3834366472555994 1.1924329212103268]
[1.1919645978505153 0.4173566659887687 0.4054902287233294; 0.4173566659887687 1.2062237877857294 -0.3786407988106608; 0.4054902287233294 -0.3786407988106608 1.185019812226924]
[1.1774890624943093 -0.40634420692498113 0.42029716671223233; -0.40634420692498113 1.190865545619817 0.3719860813084314; 0.42029716671223233 0.3719860813084314 1.2127881176365602]
[1.1942671449467779 0.38969819305029196 0.40148867196583543; 0.38969819305029196 1.1933721220538727 -0.3997489461474315; 0.40148867196583543 -0.3997489461474315 1.1845185314727829]
[1.1853529762209056 0.3983286442115622 -0.3924659569169151; 0.3983286442115622 1.1858025285555147 0.38784376150351035; -0.3924659569169151 0.38784376150351035 1.1886935374807859]
[1.1852337806767157 -0.38655169845482507 -0.39938541400907707; -0.38655169845482507 1.1978805723750046 -0.4050782135560405; -0.39938541400907707 -0.4050782135560405 1.1891481196028466]
[1.1833754459355528 -0.4031211312116076 -0.4062466251197563; -0.4031211312116076 1.1933048115158629 -0.3789624267888738; -0.4062466251197563 -0.3789624267888738 1.1931689537622177]
[1.1778221374920073 -0.3946206939633891 -0.39672548583818773; -0.3946206939633891 1.201266764624713 -0.3987655682524358; -0.39672548583818773 -0.3987655682524358 1.1922436221718848]
[1.1756325386891693 0.39620678056710196 -0.3953597831194355; 0.39620678056710196 1.190380133176352 0.3828215288716496; -0.3953597831194355 0.3828215288716496 1.1898017906602614]
[1.185585594853241 0.401548739550842 -0.4029229280710574; 0.401548739550842 1.1918063508992167 0.3845076888554575; -0.4029229280710574 0.3845076888554575 1.192886201116601]
[1.2128405347875884 0.41979180954795187 -0.4198655107709374; 0.41979180954795187 1.176045388272691 0.35030745114198586; -0.4198655107709374 0.35030745114198586 1.1835912298109477]
[1.196092214969373 0.4007839122945655 0.39464209268644945; 0.4007839122945655 1.1838482870594191 -0.3878054753242811; 0.39464209268644945 -0.3878054753242811 1.1844650784385877]
[1.5877591883336932 0.7935827917838388 0.7925451495135644; 0.7935827917838388 1.191018913208667 0.3974081373869103; 0.7925451495135644 0.3974081373869103 1.1884554359481156]
[1.5526760561474313 0.775731002911047 0.7680478783309727; 0.775731002911047 1.1810729617962499 0.3804751886320262; 0.7680478783309727 0.3804751886320262 1.1915818370299718]
[1.1837596127787207 -0.4003140457314924 0.38931485490889717; -0.4003140457314924 1.203615162647413 0.4021658282181996; 0.38931485490889717 0.4021658282181996 1.1856005898603192]
[1.5442063826895744 0.7687905762422071 -0.7695470867479557; 0.7687905762422071 1.1882657459196504 -0.39416004838133345; -0.7695470867479557 -0.39416004838133345 1.187581470356652]
[1.1766510859204549 -0.3915371628730144 -0.3937040747640432; -0.3915371628730144 1.1925652253246708 -0.39217057578278336; -0.3937040747640432 -0.39217057578278336 1.1894435847070084]
[1.1877073036935002 -0.3528014385768347 0.4111753219743178; -0.3528014385768347 1.1765941427806832 0.4131888155155731; 0.4111753219743178 0.4131888155155731 1.195280905840821]
[1.5759386559178923 0.7862942382660538 0.7831494397648868; 0.7862942382660538 1.1874036889648623 0.4013018535492817; 0.7831494397648868 0.4013018535492817 1.1873936895169324]
[1.1811268606384173 -0.3955665649992806 0.3933923452945586; -0.3955665649992806 1.1954538915306363 0.3938418506101452; 0.3933923452945586 0.3938418506101452 1.1873945261171963]
[1.1822388194607603 -0.3915562094344473 -0.39924208064774885; -0.3915562094344473 1.2013392159766838 -0.39817477222394065; -0.39924208064774885 -0.39817477222394065 1.1866356735294414]
[1.199078018205904 0.41187647238087743 -0.414299871031512; 0.41187647238087743 1.1901538350760255 0.36058417915270763; -0.414299871031512 0.36058417915270763 1.179573526207699]
[1.1995665908381004 0.4092890778586663 -0.40559516519841216; 0.4092890778586663 1.1942837287127643 0.3823606524245719; -0.40559516519841216 0.3823606524245719 1.1847178681866308]
[1.1912870319097522 0.3821418922085311 0.4253629992951554; 0.3821418922085311 1.1849202952889824 -0.37553009441612184; 0.4253629992951554 -0.37553009441612184 1.1887933720916937]
[1.1837117861389304 -0.4015291279951214 0.4182041318506578; -0.4015291279951214 1.198244350669764 0.38239079880834004; 0.4182041318506578 0.38239079880834004 1.201984453259738]
[1.1889700727171875 0.40608609382892225 0.39600100632763924; 0.40608609382892225 1.1828542331706038 -0.380811143502021; 0.39600100632763924 -0.380811143502021 1.1924464341884071]
[1.1947784531489205 0.40736777182499695 0.3992408964505074; 0.40736777182499695 1.2034757532870575 -0.3914658856472917; 0.3992408964505074 -0.3914658856472917 1.1810751171574534]
[1.1970319247817407 -0.4018134082239214 -0.40337954872517634; -0.4018134082239214 1.1967988726473386 -0.3939133609513561; -0.40337954872517634 -0.3939133609513561 1.1864599768477897]
[1.5701469720338612 -0.7824401847346212 0.7847554745112684; -0.7824401847346212 1.185988360655574 -0.3780998791824697; 0.7847554745112684 -0.3780998791824697 1.19245326895323]
[1.1965869387961101 -0.40083573263374134 -0.4024622805328249; -0.40083573263374134 1.1893160341596294 -0.39223663325618785; -0.4024622805328249 -0.39223663325618785 1.1907689342784127]
[1.1761411557268142 -0.41367240571183717 -0.4152238545594472; -0.41367240571183717 1.1999815241702785 -0.36726984275738966; -0.4152238545594472 -0.36726984275738966 1.2027722537195549]
[1.1884528810127408 0.40619829898897825 -0.41414516234563253; 0.40619829898897825 1.1911447201362797 0.3777369597453726; -0.41414516234563253 0.3777369597453726 1.2001744336428715]
[1.5539430408211412 -0.7764421545642154 0.7646426538124791; -0.7764421545642154 1.1848271672218516 -0.3977909255481232; 0.7646426538124791 -0.3977909255481232 1.1841295044677351]
[1.5517826184395915 -0.7712354031611983 0.7624816729578179; -0.7712354031611983 1.1796447786282165 -0.3552905698352803; 0.7624816729578179 -0.3552905698352803 1.184581342837771]
[1.177898025933229 -0.42602175640018886 -0.40906001178475615; -0.42602175640018886 1.2098053537437174 -0.36772210988290516; -0.40906001178475615 -0.36772210988290516 1.1980998149838902]
[1.1846718820194009 -0.42426406255765825 -0.40033505833436317; -0.42426406255765825 1.1979811759022476 -0.37028516022486624; -0.40033505833436317 -0.37028516022486624 1.1944776171129037]
[1.1877686621123094 0.4059762597019448 -0.4098916589433896; 0.4059762597019448 1.1905039983089531 0.37886963792128525; -0.4098916589433896 0.37886963792128525 1.1980256077065476]
[1.1821579912489073 0.39114509190075264 0.4025853927378206; 0.39114509190075264 1.1879954181073806 -0.3937569829624649; 0.4025853927378206 -0.3937569829624649 1.198526649328563]
[1.2063922841837502 -0.41589652516469644 0.41362850199646733; -0.41589652516469644 1.1833738104205511 0.35844972477969844; 0.41362850199646733 0.35844972477969844 1.1802497934433391]
[1.18913266297214 0.37241729247236455 0.4034513528257711; 0.37241729247236455 1.1876283500450073 -0.40675766999718127; 0.4034513528257711 -0.40675766999718127 1.1874578098800455]
[1.1922835876391116 -0.40065834774228654 -0.4054244667904274; -0.40065834774228654 1.1921658203152978 -0.3805317029746374; -0.4054244667904274 -0.3805317029746374 1.1834879863899022]
[1.1895810587113316 0.40651190777063584 -0.40027091665931475; 0.40651190777063584 1.1981389994629084 0.3820549844358667; -0.40027091665931475 0.3820549844358667 1.1824565065631714]
[1.1906255085539688 0.39546715286255985 -0.3996341927026811; 0.39546715286255985 1.1872628998416597 0.39516977626637; -0.3996341927026811 0.39516977626637 1.1934929342336018]
[1.188539217005795 -0.41152664501061714 0.4203326655100305; -0.41152664501061714 1.1938921022951536 0.37453008482177985; 0.4203326655100305 0.37453008482177985 1.206135349095004]
[1.1948763620524179 0.37849902931297386 -0.4059414755587454; 0.37849902931297386 1.1856343137874983 0.3937405873264933; -0.4059414755587454 0.3937405873264933 1.179196195471012]
[1.1907028184836101 -0.40814141764244877 0.40395963606482166; -0.40814141764244877 1.1964078416822572 0.37811197490472437; 0.40395963606482166 0.37811197490472437 1.184549602084856]
[1.5844152205973288 0.7857280862370493 0.7875069181283769; 0.7857280862370493 1.189064204268698 0.38786671038144965; 0.7875069181283769 0.38786671038144965 1.1809394450579187]
[1.1842177046113889 0.41231397976464046 0.40266872267766923; 0.41231397976464046 1.1963408732381156 -0.37663031096481575; 0.40266872267766923 -0.37663031096481575 1.1927405832006162]
[1.1802301040259031 -0.4126107867143268 0.4175362239090202; -0.4126107867143268 1.1985413586183702 0.37007319848886283; 0.4175362239090202 0.37007319848886283 1.2039628545065097]
[1.1923919889913248 -0.397160482552664 -0.3896140483951168; -0.397160482552664 1.1895996848501156 -0.39357506463073894; -0.3896140483951168 -0.39357506463073894 1.1795413541569646]
[1.1874078482978023 -0.4094267266554505 -0.3968286701637569; -0.4094267266554505 1.2007856834691502 -0.37965637419377407; -0.3968286701637569 -0.37965637419377407 1.1791604096595405]
[1.1917496858743897 0.41083410967677786 0.4023906178992632; 0.41083410967677786 1.191853786564474 -0.37953656702758415; 0.4023906178992632 -0.37953656702758415 1.1905806834454267]
[1.5649341597903847 -0.7799060900303407 -0.7792470425274683; -0.7799060900303407 1.1834882790003334 0.37360613984125984; -0.7792470425274683 0.37360613984125984 1.1922634231795115]
[1.186065148032972 -0.3988957211255303 0.3995179789816394; -0.3988957211255303 1.1951529896880904 0.39603461786488603; 0.3995179789816394 0.39603461786488603 1.1943782295936851]
[1.1856911903513918 -0.4108205333395153 0.42038856313354533; -0.4108205333395153 1.2073114526395912 0.3691134751870351; 0.42038856313354533 0.3691134751870351 1.189810190637288]
[1.1865086872470585 0.39550039215049504 0.3878367987092176; 0.39550039215049504 1.1918048816369118 -0.3950503299827819; 0.3878367987092176 -0.3950503299827819 1.181262163256647]
[1.1980938459453288 0.39784191101163363 -0.4037040205511448; 0.39784191101163363 1.1873006947162286 0.3930166873169821; -0.4037040205511448 0.3930166873169821 1.1903058728084146]
[1.1752130918470185 0.4124859072176103 0.40432687229805125; 0.4124859072176103 1.2021089455895055 -0.37505787528270074; 0.40432687229805125 -0.37505787528270074 1.1966461911622017]
[1.5639413852800845 0.7787335974865838 0.7705146699485186; 0.7787335974865838 1.1919347979713042 0.3596156041080903; 0.7705146699485186 0.3596156041080903 1.1754407016214519]
[1.1918814050764326 -0.3986623682277297 0.4135357615024124; -0.3986623682277297 1.1788875234554965 0.3811278067954133; 0.4135357615024124 0.3811278067954133 1.2040170631880116]
[1.1801186474319043 0.34161912173739284 -0.4167600555366088; 0.34161912173739284 1.1751365608021207 0.4146619656175533; -0.4167600555366088 0.4146619656175533 1.2007718820755569]
[1.5666938862545392 -0.7829480217395418 0.7826816058751034; -0.7829480217395418 1.1948513945792445 -0.39188795457370385; 0.7826816058751034 -0.39188795457370385 1.1853162978341618]
[1.1990181085488807 -0.4262711643655761 -0.4051877080337007; -0.4262711643655761 1.2001782679289474 -0.3748187764020884; -0.4051877080337007 -0.3748187764020884 1.1890036561985453]
[1.1835320794497852 0.35825767709787054 0.41347139590173476; 0.35825767709787054 1.1801637444417281 -0.4032339813270218; 0.41347139590173476 -0.4032339813270218 1.1933495598626063]
[1.1820240951779601 -0.36401529872840804 -0.4181932512545343; -0.36401529872840804 1.1825642464255413 -0.40298602715929366; -0.4181932512545343 -0.40298602715929366 1.2024411746419563]
[1.1957495690719837 -0.41985927930346245 -0.3902093806213982; -0.41985927930346245 1.2065642419756988 -0.3899679292145229; -0.3902093806213982 -0.3899679292145229 1.1791373537511274]
[1.1920519049922713 -0.3930902754697016 -0.395178065372604; -0.3930902754697016 1.1913827685949585 -0.39427358992790246; -0.395178065372604 -0.39427358992790246 1.1802862172300532]
[1.182840021835987 0.38234520585922077 -0.39641964195506196; 0.38234520585922077 1.1990014398223203 0.4030656809967883; -0.39641964195506196 0.4030656809967883 1.1813886299454786]
[1.182883604187822 -0.42353579288022714 0.40744486425016957; -0.42353579288022714 1.2011525617344678 0.3710223340963409; 0.40744486425016957 0.3710223340963409 1.2004521047581038]
[1.1831659588345893 -0.397156215813508 0.3864696970753538; -0.397156215813508 1.1937517770410504 0.39674640492448837; 0.3864696970753538 0.39674640492448837 1.1846342596884156]
[1.193052543817516 -0.39682825752036377 -0.38911033867725525; -0.39682825752036377 1.180503649798437 -0.39322277665568217; -0.38911033867725525 -0.39322277665568217 1.1868336894812999]
[1.1777498766526917 -0.40000380944952846 0.4026144279443263; -0.40000380944952846 1.1915954764181302 0.3792995494026783; 0.4026144279443263 0.3792995494026783 1.1941198847669392]
[1.1973023496081703 0.38818324180223307 -0.40168056560259857; 0.38818324180223307 1.1933309294994747 0.40050987315794345; -0.40168056560259857 0.40050987315794345 1.1810555540383207]
[1.190578638915741 -0.40261060395512466 -0.40094308412794954; -0.40261060395512466 1.1895805665618489 -0.38403185386393285; -0.40094308412794954 -0.38403185386393285 1.1886538366781059]
[1.1834298292505743 -0.39192541183016866 -0.39977769479343234; -0.39192541183016866 1.1985191931429156 -0.39459269588170975; -0.39977769479343234 -0.39459269588170975 1.185575566802087]
[1.1877603964507435 -0.39792291598578755 -0.39536545711808685; -0.39792291598578755 1.1877480464790464 -0.39418202845061545; -0.39536545711808685 -0.39418202845061545 1.1930881433666423]
[1.2015430026865246 -0.3987557329127066 0.40943357331935487; -0.3987557329127066 1.179004138956233 0.383469388927753; 0.40943357331935487 0.383469388927753 1.1923670145140004]
[1.1920295936891356 0.41729547082295954 0.40559852530674484; 0.41729547082295954 1.205991941675191 -0.3786286115668486; 0.40559852530674484 -0.3786286115668486 1.1852188744152545]
[1.196039025156655 -0.39804619769407573 0.4001178797811596; -0.39804619769407573 1.18307217453006 0.3856262442843238; 0.4001178797811596 0.3856262442843238 1.1858545558269111]
[1.194353700413349 0.3912124342925022 0.3991768456963003; 0.3912124342925022 1.1939397816514674 -0.3991752449735329; 0.3991768456963003 -0.3991752449735329 1.1824814832767694]
[1.1865082917232603 0.3979332280490541 -0.39272786720560865; 0.3979332280490541 1.185926434592003 0.3887693543536401; -0.39272786720560865 0.3887693543536401 1.1881825650710953]
[1.184724315568173 -0.3862796409964638 -0.3991911032504827; -0.3862796409964638 1.1983058353560923 -0.4054760856681944; -0.3991911032504827 -0.4054760856681944 1.1891723630973774]
[1.1844768489425153 -0.40299624909302184 -0.4059740143824999; -0.40299624909302184 1.1924629236552646 -0.3795233063283551; -0.4059740143824999 -0.3795233063283551 1.1930268944086062]
[1.177603295879304 -0.3944710551592336 -0.3966347610252215; -0.3944710551592336 1.2011801796501653 -0.3988146787759462; -0.3966347610252215 -0.3988146787759462 1.1923587480543614]
[1.1755989008249732 0.39620443462316934 -0.3953417473911921; 0.39620443462316934 1.190401805330506 0.38281755489020153; -0.3953417473911921 0.38281755489020153 1.189790196797916]
[1.1881776712996963 0.40383932885038387 -0.4043671450942989; 0.40383932885038387 1.192478824176303 0.3780642920708817; -0.4043671450942989 0.3780642920708817 1.1870325802811794]
[1.2128077001953994 0.4198761216180795 -0.4197643056377117; 0.4198761216180795 1.1763455437341794 0.3502530257590706; -0.4197643056377117 0.3502530257590706 1.1832530613063144]
[1.1962035106758049 0.40057230404856364 0.3947520059027309; 0.40057230404856364 1.1836391158660595 -0.3879410261001658; 0.3947520059027309 -0.3879410261001658 1.1845959841211866]
[1.5526836360176397 0.7758193468385295 0.7680346381012928; 0.7758193468385295 1.1811827095886733 0.3804692140746884; 0.7680346381012928 0.3804692140746884 1.1915393669356753]
[1.183720798025306 -0.40043409589878326 0.3892998706443856; -0.40043409589878326 1.2037855752715887 0.4023335739726803; 0.3892998706443856 0.4023335739726803 1.1857433362494794]
[1.5450557981026385 0.7694925615651041 -0.7702348532764117; 0.7694925615651041 1.1885352178465374 -0.3946064623724463; -0.7702348532764117 -0.3946064623724463 1.1878316866695695]
[1.1764334095226225 -0.39094284566255505 -0.3940895450022827; -0.39094284566255505 1.1932144067856023 -0.3933182730377902; -0.3940895450022827 -0.3933182730377902 1.1899437025555741]
[1.1869694166778075 -0.3525373835320189 0.41020967365318206; -0.3525373835320189 1.1771247261762536 0.41351635291888816; 0.41020967365318206 0.41351635291888816 1.1946033395338258]
[1.5762474691148527 0.786578646326025 0.7832589545892829; 0.786578646326025 1.1876362903926894 0.4013835737729986; 0.7832589545892829 0.4013835737729986 1.1872431613603789]
[1.1820915871736384 -0.3957537167969836 0.39414530988177254; -0.3957537167969836 1.1952468190059686 0.39348200099741126; 0.39414530988177254 0.39348200099741126 1.1872106462157654]
[1.5414225519184483 -0.7556767150471116 -0.7549397930216284; -0.7556767150471116 1.1775734692606703 0.333011195815604; -0.7549397930216284 0.333011195815604 1.1752501729653508]
[1.1821711110343764 -0.3914601483379942 -0.39935438245900867; -0.3914601483379942 1.2014031879439453 -0.3979790455171087; -0.39935438245900867 -0.3979790455171087 1.1864650290710825]
[1.1996294442383106 0.4087636930472001 -0.4050202628761485; 0.4087636930472001 1.1931633535294297 0.3826341998116139; -0.4050202628761485 0.3826341998116139 1.1849250803301306]
[1.1911430958404152 0.3823281147804966 0.42502352454679176; 0.3823281147804966 1.1853037490570149 -0.37582587427380393; 0.42502352454679176 -0.37582587427380393 1.1886817874605755]
[1.1837490747504245 -0.4015536858922289 0.41817210935763843; -0.4015536858922289 1.1982366702209963 0.38238525977573357; 0.41817210935763843 0.38238525977573357 1.2019399806721291]
[1.1891321121763796 0.4057433646522953 0.39642579142623713; 0.4057433646522953 1.183413748123897 -0.3811096024566793; 0.39642579142623713 -0.3811096024566793 1.1920844505434955]
[1.1947527002412175 0.40731626489941153 0.3992841416801221; 0.40731626489941153 1.203482191211162 -0.39147618750130253; 0.3992841416801221 -0.39147618750130253 1.1810965625804475]
[1.1972332229623928 -0.40149885643541156 -0.403771288281356; -0.40149885643541156 1.196374205487238 -0.39373554140390876; -0.403771288281356 -0.39373554140390876 1.1865831938611267]
[1.5663377547509068 -0.7786053515241287 0.7812916218739309; -0.7786053515241287 1.1838527349759476 -0.37255552873895004; 0.7812916218739309 -0.37255552873895004 1.1912495181759581]
[1.1966395281525943 -0.4009137506565312 -0.4024380491130499; -0.4009137506565312 1.1893197943617857 -0.39221033535049016; -0.4024380491130499 -0.39221033535049016 1.1907404115655886]
[1.1760942041390665 -0.4137005724778679 -0.4151620458673808; -0.4137005724778679 1.200066309511082 -0.367269673801895; -0.4151620458673808 -0.367269673801895 1.202701425614002]
[1.5546589008611913 -0.7768237515023875 0.7654206968072838; -0.7768237515023875 1.184386120948367 -0.3980169528056493; 0.7654206968072838 -0.3980169528056493 1.1849960569367937]
[1.5522038245535748 -0.7718561028958872 0.7626994807186719; -0.7718561028958872 1.1802559977975748 -0.3558006929776415; 0.7626994807186719 -0.3558006929776415 1.1843624701114057]
[1.1777859491105735 -0.4258776624524621 -0.4090396653917668; -0.4258776624524621 1.20972087826185 -0.36769631042694734; -0.4090396653917668 -0.36769631042694734 1.1981031129654556]
[1.1846519870250622 -0.4242603240758506 -0.4003465974661191; -0.4242603240758506 1.198028717036817 -0.3702902566380391; -0.4003465974661191 -0.3702902566380391 1.1944631625431903]
[1.1896913079792222 0.40823027577602705 -0.4078400480576235; 0.40823027577602705 1.1932588275967941 0.3788279057804315; -0.4078400480576235 0.3788279057804315 1.1934611569533848]
[1.1996255763167052 -0.4015933945835413 0.4022428151685892; -0.4015933945835413 1.186543452489966 0.3884219840639435; 0.4022428151685892 0.3884219840639435 1.1872473404810748]
[1.1821206063947978 0.3911491143323253 0.402557047672843; 0.3911491143323253 1.187808497866209 -0.3936020642450775; 0.402557047672843 -0.3936020642450775 1.1985731649820452]
[1.205686780616687 -0.4151969476821337 0.4134867207664712; -0.4151969476821337 1.183898545850853 0.3598564609777174; 0.4134867207664712 0.3598564609777174 1.1809385520303826]
[1.1891477355381532 0.3724269270133041 0.40342610536287205; 0.3724269270133041 1.1876268425528889 -0.40677523368052954; 0.40342610536287205 -0.40677523368052954 1.1874462127803582]
[1.1924847607668758 -0.40060567471012204 -0.4054398494403858; -0.40060567471012204 1.1920655088841636 -0.380566080687149; -0.4054398494403858 -0.380566080687149 1.1833818030926049]
[1.1896028796496283 0.40649688390100785 -0.40028436460707484; 0.40649688390100785 1.1980926320603982 0.38205722508255324; -0.40028436460707484 0.38205722508255324 1.1824810043498224]
[1.2009605085330175 -0.39098803926793846 -0.41302192986532515; -0.39098803926793846 1.1817556313738333 -0.3926365894935312; -0.41302192986532515 -0.3926365894935312 1.1951857952354803]
[1.2076681253757289 0.3784752018787088 -0.4149036309992686; 0.3784752018787088 1.1804630906808802 0.3953301774377587; -0.4149036309992686 0.3953301774377587 1.1822775608386056]
[1.1905993011524256 -0.4081018470839466 0.40401258125581924; -0.4081018470839466 1.1964250831844825 0.3780769252477791; 0.40401258125581924 0.3780769252477791 1.1846167462944612]
[1.5845184998898991 0.7857302528793895 0.787583592530484; 0.7857302528793895 1.1890049845947983 0.38788519692251805; 0.787583592530484 0.38788519692251805 1.180974182774813]
[1.1833885024186506 0.39678048453014736 0.3865143992271187; 0.39678048453014736 1.1901965398818628 -0.396326718572613; 0.3865143992271187 -0.396326718572613 1.187221984581978]
[1.1774338756026264 0.37558033338739255 0.4053568518929553; 0.37558033338739255 1.198682419104017 -0.40756638889884894; 0.4053568518929553 -0.40756638889884894 1.193917358496004]
[1.185409224959062 0.4116630916726381 0.4030315016554955; 0.4116630916726381 1.1965052729368972 -0.37735066899161857; 0.4030315016554955 -0.37735066899161857 1.19175650750264]
[1.1802060568296255 -0.41260837422532615 0.4179659013547334; -0.41260837422532615 1.1984858052333482 0.3698908950679837; 0.4179659013547334 0.3698908950679837 1.204314001246807]
[1.2020891308369832 -0.3988325079506722 0.4055149355522246; -0.3988325079506722 1.1924467737470676 0.39263421635516715; 0.4055149355522246 0.39263421635516715 1.1836594956591318]
[1.1923205765334175 -0.39704189279909347 -0.38973464043770467; -0.39704189279909347 1.1896211060543904 -0.3934751967132614; -0.38973464043770467 -0.3934751967132614 1.1794935041734418]
[1.1875850996031727 -0.40966860466776117 -0.39685027502514447; -0.40966860466776117 1.2008801196793435 -0.37934150485175583; -0.39685027502514447 -0.37934150485175583 1.178846353475066]
[1.1917273728283648 0.41087989871813624 0.4023180983452158; 0.41087989871813624 1.1918614858808814 -0.3795275957343156; 0.4023180983452158 -0.3795275957343156 1.1905601487169217]
[1.565094800248225 -0.7800624228693486 -0.7794304537624099; -0.7800624228693486 1.1835588296678294 0.3738664947632428; -0.7794304537624099 0.3738664947632428 1.1923648132073466]
[1.1861864664053572 -0.39900616601712807 0.3994531159666995; -0.39900616601712807 1.1953824617387825 0.39616235345226936; 0.3994531159666995 0.39616235345226936 1.1942001762241432]
[1.1765159079562837 -0.40645999699921453 0.41239845301164635; -0.40645999699921453 1.2001509990285393 0.3699831537369417; 0.41239845301164635 0.3699831537369417 1.194429145014636]
[1.1866266358346171 0.39564806768681127 0.3877602941626189; 0.39564806768681127 1.191876516425716 -0.3954506788808172; 0.3877602941626189 -0.3954506788808172 1.1815402129047925]
[1.1983589335535139 0.39987208986567774 -0.40169018926757843; 0.39987208986567774 1.1888873470208954 0.3920843672345439; -0.40169018926757843 0.3920843672345439 1.1875352546096696]
[1.1938252329996693 0.3841385093957742 0.3976295536752723; 0.3841385093957742 1.1847815605555239 -0.39336331565865684; 0.3976295536752723 -0.39336331565865684 1.177888532416027]
[1.563968643396556 0.7787629913152635 0.7705500246743172; 0.7787629913152635 1.1919759367892415 0.3596570074985407; 0.7705500246743172 0.3596570074985407 1.1754356772429961]
[1.1918931793579646 -0.3984630638457813 0.41346242530213034; -0.3984630638457813 1.178652787233887 0.38122261333764745; 0.41346242530213034 0.38122261333764745 1.2040581796127894]
[1.5667023804143154 -0.7829523147004325 0.782688271421944; -0.7829523147004325 1.194845774744328 -0.3918884868358922; 0.782688271421944 -0.3918884868358922 1.1853242254948548]
[1.1983768496123446 -0.42618780484849067 -0.40483668499802494; -0.42618780484849067 1.2006357751730665 -0.3748699647723794; -0.40483668499802494 -0.3748699647723794 1.1888036264657371]
[1.1834890548892372 0.3582238757488998 0.41350128845901857; 0.3582238757488998 1.1802017807725085 -0.4032042368023821; 0.41350128845901857 -0.4032042368023821 1.193323401507033]
[1.178330523546252 -0.36476433434982053 -0.41298401660943873; -0.36476433434982053 1.1863260659263815 -0.40435126180618003; -0.41298401660943873 -0.40435126180618003 1.1992242163067912]
[1.193040059462316 -0.4146366215539413 -0.3898946781985873; -0.4146366215539413 1.2034409851075882 -0.39167496504870286; -0.3898946781985873 -0.39167496504870286 1.1810197291640252]
[1.1828691090729389 -0.39331152258814056 -0.3937686369484068; -0.39331152258814056 1.2030090055794644 -0.4045784582710678; -0.3937686369484068 -0.4045784582710678 1.186986402354305]
[1.1828235186022098 0.38264428130694844 -0.3962882527056719; 0.38264428130694844 1.1992165730567226 0.40323151434933474; -0.3962882527056719 0.40323151434933474 1.1815165847058493]
[1.182858124111501 -0.42351710215051375 0.4074404951192426; -0.42351710215051375 1.2011679521882055 0.3710559611411736; 0.4074404951192426 0.3710559611411736 1.2004720410989627]
[1.183035711236839 -0.3976241142838292 0.3866402132184505; -0.3976241142838292 1.1949651213100452 0.3972099030007214; 0.3866402132184505 0.3972099030007214 1.1846483364975375]
[1.1946910186483368 -0.39653940156967843 -0.39035276320576245; -0.39653940156967843 1.1818238676838024 -0.3948687446419522; -0.39035276320576245 -0.3948687446419522 1.1864483805285113]
[1.1777804879807743 -0.39989169174009637 0.402578643921236; -0.39989169174009637 1.1915085076570415 0.3793602150563361; 0.402578643921236 0.3793602150563361 1.1940847251074378]
[1.1971146274153042 0.38819147522079506 -0.40169789191954286; 0.38819147522079506 1.1935939892602945 0.40043792542740175; -0.40169789191954286 0.40043792542740175 1.1809348766655658]
[1.193250700751115 -0.4050531284181563 -0.4015079230245354; -0.4050531284181563 1.1908687116097023 -0.3836074793319369; -0.4015079230245354 -0.3836074793319369 1.187286718764887]
[1.1834481009251674 -0.3919206444893434 -0.3997776994250869; -0.3919206444893434 1.1984968623918126 -0.39462177857853337; -0.3997776994250869 -0.39462177857853337 1.1856032342791416]
[1.1877853309855233 -0.3979133019138793 -0.3953759462105568; -0.3979133019138793 1.18778168106728 -0.39421049662682445; -0.3953759462105568 -0.39421049662682445 1.1930584154413497]
[1.2016139612501942 -0.3986592141786364 0.4094453723130047; -0.3986592141786364 1.1789401207060008 0.3835004435860034; 0.4094453723130047 0.3835004435860034 1.1923060693914844]
[1.1921584733846848 0.41727233476107645 0.40574739621834155; 0.41727233476107645 1.2057589339832506 -0.37861039811977903; 0.40574739621834155 -0.37861039811977903 1.185428825265512]
[1.1950116252210747 -0.4038435715609161 0.39890803247584317; -0.4038435715609161 1.191643004046435 0.382691156865943; 0.39890803247584317 0.382691156865943 1.1800236058527467]
[1.1867362610694692 0.38600032707107174 0.3977255860954108; 0.38600032707107174 1.197513027301548 -0.4018648795078886; 0.3977255860954108 -0.4018648795078886 1.1826347965878627]
[1.1877169930721125 0.39752791443393726 -0.3929855668782118; 0.39752791443393726 1.186044634905544 0.3897701286995619; -0.3929855668782118 0.3897701286995619 1.187688400642229]
[1.1846320764782041 -0.38627763527513537 0.40007827473902785; -0.38627763527513537 1.1984288008090898 0.4054791477240186; 0.40007827473902785 0.4054791477240186 1.1900316732426657]
[1.1855796705599102 -0.40288521759537776 -0.40593804596056726; -0.40288521759537776 1.1918785773214466 -0.37990878924507343; -0.40593804596056726 -0.37990878924507343 1.1927123079872821]
[1.177398540685213 -0.3943233480972073 -0.39656069051403; -0.3943233480972073 1.2010783747814553 -0.39885596821779107; -0.39656069051403 -0.39885596821779107 1.1924856875083147]
[1.1755644086787593 0.39620222788617915 -0.39532364711128287; 0.39620222788617915 1.1904244519801952 0.38281359457028574; -0.39532364711128287 0.38281359457028574 1.1897785914473094]
[1.2127730765328102 0.4199530854195509 -0.4196741353953939; 0.4199530854195509 1.1766256845638023 0.3501840400481088; -0.4196741353953939 0.3501840400481088 1.18292674824586]
[1.1963013782863388 0.4003568420242565 0.39486717692252205; 0.4003568420242565 1.1834294384345339 -0.388071423866262; 0.39486717692252205 -0.388071423866262 1.18473715696921]
[1.1987175592555632 0.4063522879686316 0.4163321141056745; 0.4063522879686316 1.1831878491848076 -0.36633730431732275; 0.4163321141056745 -0.36633730431732275 1.188896589325408]
[1.5717614480083333 -0.7790315249342811 -0.7843680578370155; -0.7790315249342811 1.1905684465507047 0.4032638160874588; -0.7843680578370155 0.4032638160874588 1.1825797232150446]
[1.552691324787753 0.7759173640269464 0.7680177085443667; 0.7759173640269464 1.1813048009163818 0.3804617378701255; 0.7680177085443667 0.3804617378701255 1.1914904519969969]
[1.1836696191194611 -0.4005800195450096 -0.3938347399660981; -0.4005800195450096 1.2039592467673614 -0.4008165553040107; -0.3938347399660981 -0.4008165553040107 1.1887863786957118]
[1.5459083318088498 0.7701933726561456 -0.7709229498009629; 0.7701933726561456 1.1888024151991559 -0.3950500491239305; -0.7709229498009629 -0.3950500491239305 1.188080676706054]
[1.1760482891766364 -0.39039813771216697 -0.3943998815843699; -0.39039813771216697 1.1939885327661417 -0.39453877077663985; -0.3943998815843699 -0.39453877077663985 1.1905372610696294]
[1.1862593975163989 -0.3521316884071649 0.4092204914540646; -0.3521316884071649 1.1775949295976835 0.41387803683794383; 0.4092204914540646 0.41387803683794383 1.1938392001026916]
[1.5765715378229141 0.7869461208943783 0.7834511040071096; 0.7869461208943783 1.188008125667214 0.4015747971832845; 0.7834511040071096 0.4015747971832845 1.187103872201337]
[1.183042487234817 -0.3957415226618987 0.3950007161206804; -0.3957415226618987 1.1947016964457924 0.3931792129002704; 0.3950007161206804 0.3931792129002704 1.1873379732248026]
[1.542101670980746 -0.7561348966693263 -0.7555986699797824; -0.7561348966693263 1.1775789224781033 0.33382981656520394; -0.7555986699797824 0.33382981656520394 1.1756190536390652]
[1.1820640830601832 -0.39135562058619744 -0.3994008806084234; -0.39135562058619744 1.201518147609862 -0.39779135805052923; -0.3994008806084234 -0.39779135805052923 1.1862174513065846]
[1.1783165516238692 0.39686648978765615 0.38281127332024917; 0.39686648978765615 1.1958467601014497 -0.4009091491687545; 0.38281127332024917 -0.4009091491687545 1.187655600737935]
[1.1995254940449014 0.4085021021436635 -0.4046050334540053; 0.4085021021436635 1.1923187766441652 0.38273249593619857; -0.4046050334540053 0.38273249593619857 1.1852823312434553]
[1.1909971193555549 0.38250876676426776 0.4246867716565903; 0.38250876676426776 1.185682413799416 -0.3761157614963288; 0.4246867716565903 -0.3761157614963288 1.1885688402336052]
[1.1837851354848972 -0.4015780522664247 0.418138970706006; -0.4015780522664247 1.1982304676194313 0.3823806115257963; 0.418138970706006 0.3823806115257963 1.2018948301997912]
[1.1893117737333188 0.4054576747841903 0.3968743081363392; 0.4054576747841903 1.183980346658604 -0.3813759994681074; 0.3968743081363392 -0.3813759994681074 1.1917491563932796]
[1.1947296498402389 0.4072666043515269 0.3993272685609496; 0.4072666043515269 1.2034865473352825 -0.3914835176250946; 0.3993272685609496 -0.3914835176250946 1.1811161534549977]
[1.1974256570672241 -0.4012017223564503 -0.4041410060772547; -0.4012017223564503 1.1959743208239206 -0.3935913724638275; -0.4041410060772547 -0.3935913724638275 1.186719703222504]
[1.5662158586111354 0.7797122710045986 -0.7818514747820655; 0.7797122710045986 1.1922172038196155 -0.38355402250237997; -0.7818514747820655 -0.38355402250237997 1.1844190328127162]
[1.1966897138966737 -0.4009884630063007 -0.40241441580289244; -0.4009884630063007 1.189322029565782 -0.39218648387981453; -0.40241441580289244 -0.39218648387981453 1.1907155455179705]
[1.1760483390347303 -0.41372920142040204 -0.4151014435182246; -0.41372920142040204 1.2001505322226014 -0.3672698607816067; -0.4151014435182246 -0.3672698607816067 1.2026321202505381]
[1.5552696756635978 -0.7773205243335565 0.7661879864853655; -0.7773205243335565 1.184058596907679 -0.39840396306920106; 0.7661879864853655 -0.39840396306920106 1.1859647542818013]
[1.5526786092040958 -0.7724890679654789 0.7629857334966866; -0.7724890679654789 1.180849290618087 -0.35635327006007417; 0.7629857334966866 -0.35635327006007417 1.1841867814093567]
[1.1776769144585788 -0.42572961891476724 -0.4090236666308699; -0.42572961891476724 1.209634155514087 -0.3676721707948943; -0.4090236666308699 -0.3676721707948943 1.1981074625823092]
[1.1846318234760569 -0.42425565961548556 -0.40035848058567924; -0.42425565961548556 1.1980758605350565 -0.37029572932265054; -0.40035848058567924 -0.37029572932265054 1.194449138715862]
[1.1801695395598164 0.40533157265231234 -0.4076772962808694; 0.40533157265231234 1.19388269463442 0.3782652161471435; -0.4076772962808694 0.3782652161471435 1.1989333878783994]
[1.1980222879475562 -0.40143439493453636 0.40196047491799336; -0.40143439493453636 1.1869688435016912 0.38796711243391535; 0.40196047491799336 0.38796711243391535 1.187526313378012]
[1.1821001921708136 0.3911835785634694 0.4025190942286258; 0.3911835785634694 1.1876225644317813 -0.39342936368609727; 0.4025190942286258 -0.39342936368609727 1.1986046714420746]
[1.2051442319894208 -0.4146242889677205 0.4133866481593125; -0.4146242889677205 1.1844753733465518 0.3611300342320455; 0.4133866481593125 0.3611300342320455 1.1814559854410513]
[1.1891611256184762 0.37246856513687326 0.40340181653217716; 0.37246856513687326 1.1876427590075447 -0.40678845797521523; 0.40340181653217716 -0.40678845797521523 1.187446273516051]
[1.1942467236900165 -0.4227101688999165 0.40633246579336874; -0.4227101688999165 1.2104477230874162 0.37780363821534835; 0.40633246579336874 0.37780363821534835 1.1840793753013736]
[1.1926896781794323 -0.4005543341774705 -0.40545571611204667; -0.4005543341774705 1.191962192351854 -0.38060000624085877; -0.40545571611204667 -0.38060000624085877 1.1832762840057212]
[1.1896247748579558 0.40648085364873093 -0.4002975868215677; 0.40648085364873093 1.1980450529620483 0.3820602672515855; -0.4002975868215677 0.3820602672515855 1.1825061739406248]
[1.2020114000975122 -0.3917920024804827 0.398092414341732; -0.3917920024804827 1.1833996403624714 0.39716185925704883; 0.398092414341732 0.39716185925704883 1.182886895943846]
[1.1905883593317195 0.3967894944695036 0.4002633287589285; 0.3967894944695036 1.185534728210007 -0.3930999556169351; 0.4002633287589285 -0.3930999556169351 1.1951582794502857]
[1.5587176773455036 -0.7775014715718473 -0.7667630714184196; -0.7775014715718473 1.1832746815914938 0.40047116746985933; -0.7667630714184196 0.40047116746985933 1.1841208592521264]
[1.1904961021980685 -0.4080643995820684 0.4040653828780851; -0.4080643995820684 1.1964418407661168 0.37804370617315597; 0.4040653828780851 0.37804370617315597 1.184687863521078]
[1.5846012952258741 0.7857324650180187 0.7876621586773327; 0.7857324650180187 1.1889623945716872 0.3878885868105921; 0.7876621586773327 0.3878885868105921 1.1810148119550488]
[1.1836515233883573 0.3974819160270155 0.38598584365897554; 0.3974819160270155 1.1902919832853665 -0.39689656861349976; 0.38598584365897554 -0.39689656861349976 1.1876084825052253]
[1.1780383368916283 0.375928761512947 0.40625044891543527; 0.375928761512947 1.1982307165411599 -0.4090450014015731; 0.40625044891543527 -0.4090450014015731 1.1964689135901652]
[1.1864186801523104 0.4111992552906868 0.40324165737040685; 0.4111992552906868 1.196752663903707 -0.3779780089194733; 0.40324165737040685 -0.3779780089194733 1.1908266641060312]
[1.180155846609651 -0.41269001933299165 0.41827194748510066; -0.41269001933299165 1.1984681977346576 0.36973299338522064; 0.41827194748510066 0.36973299338522064 1.2046369423865884]
[1.192246763697883 -0.3969272584198916 -0.3898467335534501; -0.3969272584198916 1.1896447149415554 -0.3933867434757454; -0.3898467335534501 -0.3933867434757454 1.179452762643429]
[1.1877953973523945 -0.4099347960115731 -0.39692473348752155; -0.4099347960115731 1.2009094808463427 -0.37889304919372324; -0.39692473348752155 -0.37889304919372324 1.1785107697680386]
[1.1917083606838337 0.41093183853659343 0.40224887510963286; 0.41093183853659343 1.1918726197772862 -0.3795151283365124; 0.40224887510963286 -0.3795151283365124 1.1905390162338143]
[1.5652564757644418 -0.7802187256584344 -0.7796153095541665; -0.7802187256584344 1.183629102304055 0.37412652325231127; -0.7796153095541665 0.37412652325231127 1.192466949803347]
[1.1863069102696964 -0.3991085734786389 -0.38780478604218305; -0.3991085734786389 1.1955975204506328 -0.4001923181815995; -0.38780478604218305 -0.4001923181815995 1.1863482047658274]
[1.1903057720320622 -0.3912093906611946 0.38808975716313965; -0.3912093906611946 1.18874918865401 0.39691395239504773; 0.38808975716313965 0.39691395239504773 1.1784216157509828]
[1.1867721854169497 0.3958021407003532 0.38769138289012456; 0.3958021407003532 1.1919214633297954 -0.3958684274289602; 0.38769138289012456 -0.3958684274289602 1.1818487546465253]
[1.1889945573425258 0.38779122529901144 0.3913258228949207; 0.38779122529901144 1.1858424298559291 -0.3934680857469078; 0.3913258228949207 -0.3934680857469078 1.179038767856662]
[1.5639975797816348 0.778792358145718 0.7705868825033401; 0.778792358145718 1.1920152647750686 0.3596990319489962; 0.7705868825033401 0.3596990319489962 1.17543221276035]
[1.1918775884294324 -0.3982894836196759 0.4134060608935621; -0.3982894836196759 1.1784493749048475 0.38129603000000223; 0.4134060608935621 0.38129603000000223 1.2041180712156685]
[1.56670959907674 -0.7829564250134691 0.782693164965986; -0.7829564250134691 1.1948409744177515 -0.3918893471831385; 0.782693164965986 -0.3918893471831385 1.1853306739668115]
[1.1977383047038164 -0.42610137055607467 -0.4045051652188632; -0.42610137055607467 1.2010875850541725 -0.37492046356435754; -0.4045051652188632 -0.37492046356435754 1.188623180064702]
[1.1834449977519361 0.35818754601572256 0.4135335889125089; 0.35818754601572256 1.180237996163406 -0.40317483461635406; 0.4135335889125089 -0.40317483461635406 1.1933004207016915]
[1.1752455024416597 -0.36367644508615227 -0.41057367859959054; -0.36367644508615227 1.1882621343661266 -0.4046324240538358; -0.41057367859959054 -0.4046324240538358 1.1972119882759076]
[1.1928133853171576 -0.41396618147501935 -0.39010814075623507; -0.41396618147501935 1.2031365819520672 -0.39177642340335894; -0.39010814075623507 -0.39177642340335894 1.181182905950967]
[1.18251633649465 -0.39290423118572804 -0.39389963001791933; -0.39290423118572804 1.2033817290288442 -0.40462852341403144; -0.39389963001791933 -0.40462852341403144 1.1867499080790715]
[1.1828072497572406 0.38288457670150455 -0.3961789959494543; 0.38288457670150455 1.1993924173462398 0.4033813656883244; -0.3961789959494543 0.4033813656883244 1.181632354961474]
[1.1828325812479912 -0.4234988162891302 0.407435865989073; -0.4234988162891302 1.2011841205541276 0.3710897647227812; 0.407435865989073 0.3710897647227812 1.2004915924323385]
[1.1830207411063354 -0.39821165917066953 0.3867115457595275; -0.39821165917066953 1.1960979807257708 0.3976308523446763; 0.3867115457595275 0.3976308523446763 1.184607694689192]
[1.192906443713182 -0.3918885876376776 0.4087076793645561; -0.3918885876376776 1.1814929916245482 0.3919942386564286; 0.4087076793645561 0.3919942386564286 1.199386339531706]
[1.177809547966259 -0.39977819279771626 0.4025429711649088; -0.39977819279771626 1.1914209531040325 0.37942182502156313; 0.4025429711649088 0.37942182502156313 1.194051422885105]
[1.1969278323155155 0.3881908803267436 -0.4017210945940143; 0.3881908803267436 1.1938510865052876 0.400374250641916; -0.4017210945940143 0.400374250641916 1.180824777874345]
[1.1807015988373235 -0.39445265592563616 0.39889160059815487; -0.39445265592563616 1.2062290084023926 0.3989365895603931; 0.39889160059815487 0.3989365895603931 1.186641820202707]
[1.195192900401947 -0.4071983066730078 -0.40246899520150786; -0.4071983066730078 1.1924975110380558 -0.38292325209588257; -0.40246899520150786 -0.38292325209588257 1.1861680420698801]
[1.1834657370925241 -0.39191536148795764 -0.3997772695654915; -0.39191536148795764 1.1984731655343093 -0.3946505935559596; -0.3997772695654915 -0.3946505935559596 1.1856316762851948]
[1.187809011703218 -0.3979045805800912 -0.3953869765368085; -0.3979045805800912 1.187814711888169 -0.3942374622219536; -0.3953869765368085 -0.3942374622219536 1.193030502750184]
[1.2016759456731994 -0.39857286995870117 0.40945555623947; -0.39857286995870117 1.178883575257208 0.3835287602799484; 0.40945555623947 0.3835287602799484 1.1922524997279853]
[1.192335640649235 0.41728165456357263 0.40593300319977843; 0.41728165456357263 1.2055252443591795 -0.37858510503082093; 0.40593300319977843 -0.37858510503082093 1.185654381731465]
[1.191525588010625 0.38407069361809204 0.40016206994064607; 0.38407069361809204 1.1920427608475244 -0.4012526636729319; 0.40016206994064607 -0.4012526636729319 1.183227995810511]
[1.188981418775717 0.3971146129366718 -0.39323660268841304; 0.3971146129366718 1.1861612139721138 0.3908563284201371; -0.39323660268841304 0.3908563284201371 1.1872148954131547]
[1.184181610283154 -0.3861506997596359 0.40075461728939843; -0.3861506997596359 1.1988259899995268 0.40474048919616057; 0.40075461728939843 0.40474048919616057 1.1899042995775282]
[1.185860555669517 -0.4027498428233047 -0.40591777836349663; -0.4027498428233047 1.1917587070999247 -0.38001718268641677; -0.40591777836349663 -0.38001718268641677 1.1924936982981695]
[1.1772103833829484 -0.3941807438881613 -0.3965021750091333; -0.3941807438881613 1.2009668479405402 -0.3988943059365273; -0.3965021750091333 -0.3988943059365273 1.1926233512298003]
[1.1755296972022544 0.3962002139839474 -0.3953048286000512; 0.3962002139839474 1.190447110672811 0.3828087569984638; -0.3953048286000512 0.3828087569984638 1.189765817158885]
[1.1865931647048729 0.406642231117934 -0.40158735294373893; 0.406642231117934 1.1896029318581143 0.37773213099723757; -0.40158735294373893 0.37773213099723757 1.191224669011914]
[1.2127014192019643 0.42001028546684877 -0.4195609614919745; 0.42001028546684877 1.1769272238797024 0.35013555389396434; -0.4195609614919745 0.35013555389396434 1.182592412243021]
[1.1963806315479886 0.4001402714294362 0.3949843932715799; 0.4001402714294362 1.183219955724121 -0.38819712377932875; 0.3949843932715799 -0.38819712377932875 1.1848930623611178]
[1.1952036231186527 0.4070027628088409 0.4104026976597815; 0.4070027628088409 1.186944857985258 -0.36929187919530626; 0.4104026976597815 -0.36929187919530626 1.186190747263522]
[1.5673411603063374 0.7834066847499653 -0.7819787426100366; 0.7834066847499653 1.1908700058762163 -0.3822281022658009; -0.7819787426100366 -0.3822281022658009 1.1884673103698158]
[1.552701394575809 0.7760142474747114 0.7680015385609205; 0.7760142474747114 1.1814257546180316 0.38045570082866736; 0.7680015385609205 0.38045570082866736 1.1914398583732175]
[1.1835936996887266 -0.4008402965377905 -0.393577304147775; -0.4008402965377905 1.204255601909205 -0.4005011976713906; -0.393577304147775 -0.4005011976713906 1.1882567225871499]
[1.5467689036245542 0.7708982794487256 -0.7716144396174341; 0.7708982794487256 1.1890700284170743 -0.39549363672714194; -0.7716144396174341 -0.39549363672714194 1.1883290522616268]
[1.1755730105867686 -0.3899621765240742 -0.3946398584082425; -0.3899621765240742 1.1949811222726288 -0.395876617626626; -0.3946398584082425 -0.395876617626626 1.1911608068032433]
[1.1856133764926118 -0.35155368649391333 0.4082150906153166; -0.35155368649391333 1.1779655334881511 0.41428296415240423; 0.4082150906153166 0.41428296415240423 1.1929804699252033]
[1.576840654745905 0.7873442761966831 0.7837351291086644; 0.7873442761966831 1.1885466351529719 0.4019383597200895; 0.7837351291086644 0.4019383597200895 1.1869773668101558]
[1.1839075437785016 -0.3955424707319683 0.39592043081778594; -0.3955424707319683 1.1939111319334934 0.3929765771133884; 0.39592043081778594 0.3929765771133884 1.1877740937949548]
[1.5427796736478228 -0.7565804243760169 -0.75627039920277; -0.7565804243760169 1.17756666770233 0.3346333061230638; -0.75627039920277 0.3346333061230638 1.176009197063118]
[1.1820413009917612 -0.3913453211564225 -0.3994146054031849; -0.3913453211564225 1.201541022335291 -0.397704670200245; -0.3994146054031849 -0.397704670200245 1.1861357210767298]
[1.1992677783282544 0.40845388330112387 -0.40434652575963087; 0.40845388330112387 1.1917215964038832 0.38266987252365553; -0.40434652575963087 0.38266987252365553 1.1857637655101465]
[1.1908493061838274 0.382683582934104 0.42435322374569157; 0.382683582934104 1.18605603868646 -0.3764000445291742; 0.42435322374569157 -0.3764000445291742 1.188455074700655]
[1.1838207373454805 -0.4016020402208619 0.4181062784993017; -0.4016020402208619 1.1982235287923233 0.3823757738995174; 0.4181062784993017 0.3823757738995174 1.2018507779087222]
[1.1895061634186777 0.40522982480502917 0.39733789087871174; 0.40522982480502917 1.1845502600047362 -0.38160831095218617; 0.39733789087871174 -0.38160831095218617 1.1914373134104972]
[1.194701071184555 0.4072143394715743 0.3993623668419411; 0.4072143394715743 1.2034954086414813 -0.3914970019254303; 0.3993623668419411 -0.3914970019254303 1.1811322382416627]
[1.1976175289718074 -0.40088221427298104 -0.40452097594771735; -0.40088221427298104 1.195562924648535 -0.3934741573674076; -0.40452097594771735 -0.3934741573674076 1.1868832523144002]
[1.5657877183205609 -0.7814552304409867 -0.7815263971262854; -0.7814552304409867 1.1932099893192145 0.4027510862299958; -0.7815263971262854 0.4027510862299958 1.1854209601068495]
[1.1967403639673457 -0.40106218166789726 -0.4023884629854365; -0.40106218166789726 1.189324256827169 -0.392162116470875; -0.4023884629854365 -0.392162116470875 1.1906863782190666]
[1.1760049690363876 -0.4137576523430388 -0.41504337730957985; -0.4137576523430388 1.2002330118495421 -0.3672701620343909; -0.41504337730957985 -0.3672701620343909 1.2025645209327216]
[1.555759252709642 0.7778152150822342 0.7669392163019398; 0.7778152150822342 1.1837415406182124 0.3679735241879503; 0.7669392163019398 0.3679735241879503 1.1870328270396155]
[1.5532257050547889 -0.7731593764616552 0.7633522821184457; -0.7731593764616552 1.1814455921861529 -0.3569723704654165; 0.7633522821184457 -0.3569723704654165 1.1840504759647796]
[1.177570538773446 -0.42557947433374277 -0.4090105343132397; -0.42557947433374277 1.209545415144303 -0.36764809964289824; -0.4090105343132397 -0.36764809964289824 1.1981118973489084]
[1.1846123074147896 -0.4242517182735133 -0.40037090655321456; -0.4242517182735133 1.1981228120705865 -0.37030093658901725; -0.40037090655321456 -0.37030093658901725 1.1944356983522249]
[1.196288974594389 -0.40128370048374895 0.4016669183178448; -0.40128370048374895 1.1874523844776321 0.3874498009214896; 0.4016669183178448 0.3874498009214896 1.1878158587894343]
[1.1820964175123958 0.39124655443092876 0.4024675667029628; 0.39124655443092876 1.1874492961054857 -0.3932542072551229; 0.4024675667029628 -0.3932542072551229 1.1986191100398986]
[1.2047916653866837 -0.4141935047275469 0.4133519756423498; -0.4141935047275469 1.1850992365707156 0.36224143273144915; 0.4133519756423498 0.36224143273144915 1.1817906080749905]
[1.18917304098516 0.3725065944770234 0.4033789574253648; 0.3725065944770234 1.1876570224806269 -0.4068018041649671; 0.4033789574253648 -0.4068018041649671 1.1874475007215068]
[1.194241597264838 -0.4226208549372076 0.4063559994804992; -0.4226208549372076 1.2103221424619317 0.37780063802085856; 0.4063559994804992 0.37780063802085856 1.1841374488647045]
[1.1928924370161693 -0.4005022556334702 -0.40547289659990465; -0.4005022556334702 1.1918588253669904 -0.3806345085904197; -0.40547289659990465 -0.3806345085904197 1.183174211267017]
[1.189646779876431 0.4064670388742875 -0.4003109536405558; 0.4064670388742875 1.1979991429127004 0.382061678341853; -0.4003109536405558 0.382061678341853 1.1825303598866288]
[1.2021464859080144 -0.3930230468965522 -0.41110931873017204; -0.3930230468965522 1.1822374457253775 -0.39063502748661183; -0.41110931873017204 -0.39063502748661183 1.1916170686072305]
[1.1959151070827216 0.3999651598529245 0.40610889680887546; 0.3999651598529245 1.1855636628550537 -0.3822335751405324; 0.40610889680887546 -0.3822335751405324 1.188069370254147]
[1.5588843131519403 0.7787617302374945 -0.7691801655809181; 0.7787617302374945 1.185397379766242 -0.36511582186019315; -0.7691801655809181 -0.36511582186019315 1.1855108444730806]
[1.1792039411437936 0.34074080662101286 -0.4173907279391719; 0.34074080662101286 1.1758517150201853 0.41717798874033407; -0.4173907279391719 0.41717798874033407 1.2032924257090876]
[1.1903956979116972 -0.40802561217971806 0.4041168057149542; -0.40802561217971806 1.196456193559636 0.37801275789513444; 0.4041168057149542 0.37801275789513444 1.1847580231758557]
[1.584649063730671 0.7857324311052396 0.7877457927920835; 0.7857324311052396 1.1889472452873044 0.38786719449553; 0.7877457927920835 0.38786719449553 1.1810660322696598]
[1.1839229504845177 0.39830784128816615 0.3854273771505383; 0.39830784128816615 1.1904992906333702 -0.39751057105865995; 0.3854273771505383 -0.39751057105865995 1.1880151402184718]
[1.1798738408653133 0.37663683810383364 -0.3959738849176118; 0.37663683810383364 1.196778833637405 0.4100431095005749; -0.3959738849176118 0.4100431095005749 1.1874844583861792]
[1.1872548468687916 0.4108662634527826 0.4032984632325618; 0.4108662634527826 1.1970376273259555 -0.3785264165821678; 0.4032984632325618 -0.3785264165821678 1.1899408097758166]
[1.180087761362595 -0.41287353622584183 0.41844996979162036; -0.41287353622584183 1.198490939115392 0.36959719141070685; 0.41844996979162036 0.36959719141070685 1.204932291584772]
[1.1921707382566407 -0.396816887632788 -0.389949953043556; -0.396816887632788 1.1896704985600854 -0.3933076784065059; -0.389949953043556 -0.3933076784065059 1.1794168755322885]
[1.188022520629691 -0.41022391208930226 -0.39703090620693604; -0.41022391208930226 1.2008876296536724 -0.3783300730140921; -0.39703090620693604 -0.3783300730140921 1.1781524743035996]
[1.1916890251613377 0.4109903656831458 0.4021784411454226; 0.4109903656831458 1.191888408553593 -0.3795004119276776; 0.4021784411454226 -0.3795004119276776 1.1905168550713519]
[1.5654172773252828 -0.7803723653276464 -0.7798004013255341; -0.7803723653276464 1.1836966269710845 0.37438539516642255; -0.7798004013255341 0.37438539516642255 1.192570383471778]
[1.186422749068246 -0.3992000345297853 -0.3878814060166561; -0.3992000345297853 1.1957870656687315 -0.4001562565245046; -0.3878814060166561 -0.4001562565245046 1.186174397006859]
[1.1967279804291318 -0.3967708313192947 0.38962879879668283; -0.3967708313192947 1.1846605244754365 0.39559894917577043; 0.38962879879668283 0.39559894917577043 1.1818271539214804]
[1.1869518917905606 0.39597011004242727 0.3876212705293618; 0.39597011004242727 1.1919416733403547 -0.39631308037489676; 0.3876212705293618 -0.39631308037489676 1.1821875983577814]
[1.1889021095374304 0.3858412451301095 0.3943783833255053; 0.3858412451301095 1.185373550286064 -0.39158819006809903; 0.3943783833255053 -0.39158819006809903 1.1788518341073215]
[1.5640248039348759 0.7788209823198962 0.7706226601180769; 0.7788209823198962 1.1920546327965125 0.3597401108707966; 0.7706226601180769 0.3597401108707966 1.1754286496228494]
[1.1918372684209086 -0.3981400171081167 0.41336590997745415; -0.3981400171081167 1.1782711668779033 0.3813454219292631; 0.41336590997745415 0.3813454219292631 1.2041951574585323]
[1.5667182246602864 -0.7829614633247702 0.7826994371482375; -0.7829614633247702 1.1948357348659024 -0.3918904876155851; 0.7826994371482375 -0.3918904876155851 1.1853384383287506]
[1.1970991069788963 -0.4260111939586227 -0.40419033038261604; -0.4260111939586227 1.2015357592762994 -0.37497158409814463; -0.40419033038261604 -0.37497158409814463 1.1884613825249248]
[1.1833990452272158 0.35814643659218937 0.4135697448311246; 0.35814643659218937 1.1802720734199952 -0.40314552539823206; 0.4135697448311246 -0.40314552539823206 1.1932808645527342]
[1.179557739569591 -0.36438287574931216 -0.4147514744081287; -0.36438287574931216 1.1848192121458718 -0.4037342128811289; -0.4147514744081287 -0.4037342128811289 1.2002898771435984]
[1.1926179937313142 -0.4133818415836612 -0.3902930912168892; -0.4133818415836612 1.2028794737101312 -0.3918837634600232; -0.3902930912168892 -0.3918837634600232 1.1813329164604809]
[1.182051696551287 -0.3923509206580355 -0.3940912660919677; -0.3923509206580355 1.2036806899305448 -0.40468582244682777; -0.3940912660919677 -0.40468582244682777 1.1866219425584608]
[1.182789612919433 0.3830774230516273 -0.39608838048527617; 0.3830774230516273 1.1995375945992641 0.40351777345750917; -0.39608838048527617 0.40351777345750917 1.1817389934308566]
[1.1828075293802114 -0.42348076493107883 0.40743182510028547; -0.42348076493107883 1.201199832470413 0.37112329617421236; 0.40743182510028547 0.37112329617421236 1.2005116842787764]
[1.1831166871520673 -0.3988738942894868 0.3866476193655845; -0.3988738942894868 1.1970138134352104 0.39800375515148007; 0.3866476193655845 0.39800375515148007 1.1845664662478474]
[1.1935337993829929 -0.39226527077043927 0.40810002282697266; -0.39226527077043927 1.1806090772828586 0.3915424453621809; 0.40810002282697266 0.3915424453621809 1.1989561632662455]
[1.1778378992712906 -0.39966463938845487 0.4025077383575213; -0.39966463938845487 1.1913328712993767 0.37948293563117785; 0.4025077383575213 0.37948293563117785 1.1940193199106655]
[1.196747648922078 0.38818194588405297 -0.4017520004682228; 0.38818194588405297 1.1940992864666002 0.4003182314728912; -0.4017520004682228 0.4003182314728912 1.1807242415498405]
[1.1808879005178516 -0.3929397400759027 0.3941337452074601; -0.3929397400759027 1.1979461960236524 0.3975589455649193; 0.3941337452074601 0.3975589455649193 1.1869770523681211]
[1.195442539009856 -0.4091292844143121 -0.40410767828573557; -0.4091292844143121 1.1949147611773245 -0.38173904523962915; -0.40410767828573557 -0.38173904523962915 1.185954784160868]
[1.1834838001089774 -0.39191109189856366 -0.39977728336314405; -0.39191109189856366 1.198451558311404 -0.3946797436820699; -0.39977728336314405 -0.3946797436820699 1.1856594126742788]
[1.1878307622708637 -0.3978963494519172 -0.3953952419701774; -0.3978963494519172 1.1878466585786387 -0.394263836899574; -0.3953952419701774 -0.394263836899574 1.1930027674208437]
[1.201729786663883 -0.3984966987044196 0.4094640458631109; -0.3984966987044196 1.1788350379375678 0.3835544586905208; 0.4094640458631109 0.3835544586905208 1.1922049632978071]
[1.1925490708222763 0.41731345262734204 0.40615225604763106; 0.41731345262734204 1.205279471726165 -0.37855127579365805; 0.40615225604763106 -0.37855127579365805 1.1859042588917086]
[1.1932579559110068 0.378612780273194 0.40441115001068356; 0.378612780273194 1.1872759590659159 -0.40351187013766593; 0.40441115001068356 -0.40351187013766593 1.1874181280870906]
[1.189650693640696 0.39545962450836936 -0.3921109357208951; 0.39545962450836936 1.18396803660322 0.39337937607211887; -0.3921109357208951 0.39337937607211887 1.1884878623074435]
[1.1834830538796215 -0.38595311214481093 0.4012025542843754; -0.38595311214481093 1.199452120367495 0.4044121916694618; 0.4012025542843754 0.4044121916694618 1.189912177148624]
[1.1856626306761384 -0.40258974593251473 -0.40563383498456207; -0.40258974593251473 1.1917740546671405 -0.3800999247283305; -0.40563383498456207 -0.3800999247283305 1.19231021927273]
[1.1770282457392978 -0.3940302328586725 -0.39645552669701345; -0.3940302328586725 1.2008420948639207 -0.39893724814545134; -0.39645552669701345 -0.39893724814545134 1.1927767225560186]
[1.175495247651983 0.3961981746228828 -0.3952866695979604; 0.3961981746228828 1.190469615578935 0.382805336401645; -0.3952866695979604 0.382805336401645 1.1897549494760191]
[1.1903503453875384 0.4080338755254028 -0.4007490334407314; 0.4080338755254028 1.1983644334286523 0.3819708616540356; -0.4007490334407314 0.3819708616540356 1.1833903452025796]
[1.2126398807511112 0.42006256041472007 -0.4194673010329468; 0.42006256041472007 1.1771966459911445 0.350075366565558; -0.4194673010329468 0.350075366565558 1.182283940959531]
[1.1964333088112598 0.39992946155827486 0.3951053749609963; 0.39992946155827486 1.1830145712070983 -0.38831045995155766; 0.3951053749609963 -0.38831045995155766 1.1850686695849644]
[1.5769664205099756 0.7870488606703568 -0.7858838104757423; 0.7870488606703568 1.1905568859263849 -0.38466273385670985; -0.7858838104757423 -0.38466273385670985 1.1866166714863196]
[1.5527173245243688 0.776111201056284 0.7679911343342641; 0.776111201056284 1.181545507705625 0.38045113807994135; 0.7679911343342641 0.38045113807994135 1.1913902927650173]
[1.1834623239322697 -0.40139541223325514 -0.39302005789545075; -0.40139541223325514 1.204923485688394 -0.4000098082823592; -0.39302005789545075 -0.4000098082823592 1.1872348333595002]
[1.5476318766784742 0.7716028645234351 -0.7723054307670646; 0.7716028645234351 1.1893365322072182 -0.39593494995263584; -0.7723054307670646 -0.39593494995263584 1.1885758041200196]
[1.17516209672022 -0.3897391530399218 -0.3948022587107879; -0.3897391530399218 1.1962649395202376 -0.39733807966005186; -0.3948022587107879 -0.39733807966005186 1.1916888135644412]
[1.1839950111725175 -0.3628892857758332 0.4086283353173462; -0.3628892857758332 1.1866623077626395 0.40832265774441373; 0.4086283353173462 0.40832265774441373 1.191102951076093]
[1.577037022780848 0.787741327098844 0.784070062828974; 0.787741327098844 1.1892702916453848 0.4024455890305139; 0.784070062828974 0.4024455890305139 1.186790922417406]
[1.1845512855135336 -0.395173453519817 0.3967990713251946; -0.395173453519817 1.1930329482298727 0.3929528521173853; 0.3967990713251946 0.3929528521173853 1.1884879735273044]
[1.5434576828757494 -0.7570116513597706 -0.7569529129607862; -0.7570116513597706 1.1775369465106682 0.3354195767458901; -0.7569529129607862 0.3354195767458901 1.1764155635525635]
[1.182360537208701 -0.39170052668876654 -0.3991705928805745; -0.39170052668876654 1.2012653588517404 -0.3982625938689238; -0.3991705928805745 -0.3982625938689238 1.1867437726709935]
[1.1969836397717994 0.4101512788319085 -0.40674543013637154; 0.4101512788319085 1.1780680187816233 0.36902910933427924; -0.40674543013637154 0.36902910933427924 1.1925543511920342]
[1.1988668368353497 0.4085773852410893 -0.4042411714795187; 0.4085773852410893 1.191346394357009 0.38246255095804693; -0.4042411714795187 0.38246255095804693 1.1863541489011893]
[1.1907000390398814 0.3828524340616457 0.42402348338295937; 0.3828524340616457 1.1864243536439245 -0.376677316951732; 0.42402348338295937 -0.376677316951732 1.1883394934197429]
[1.1838568136341787 -0.40162609941613303 0.4180735972244786; -0.40162609941613303 1.1982167427254724 0.3823710651861662; 0.4180735972244786 0.3823710651861662 1.201806301110458]
[1.1897139656711362 0.40505838762242463 0.3978126769048143; 0.40505838762242463 1.1851246024112037 -0.3818097454207566; 0.3978126769048143 -0.3818097454207566 1.1911468517845798]
[1.1858636639941778 -0.39967192912899185 -0.40088385791542686; -0.39967192912899185 1.1987679493080345 -0.39404442508829096; -0.40088385791542686 -0.39404442508829096 1.191160224235403]
[1.1946787841145634 0.4071663191755179 0.39939491276582506; 0.4071663191755179 1.2034994414188243 -0.39150675004065183; 0.39939491276582506 -0.39150675004065183 1.1811447876712795]
[1.197799639483457 -0.40056839695085855 -0.4048860334430463; -0.40056839695085855 1.1951705036304936 -0.3933892176931612; -0.4048860334430463 -0.3933892176931612 1.1870607780902644]
[1.1914483403633485 -0.3962689667577528 -0.40349392629870234; -0.3962689667577528 1.1922558431847041 -0.39156785515085313; -0.40349392629870234 -0.39156785515085313 1.1887817460397865]
[1.1967907857964493 -0.4011353384475005 -0.4023625845128441; -0.4011353384475005 1.1893256194654238 -0.3921365545442198; -0.4023625845128441 -0.3921365545442198 1.1906566270820127]
[1.1759634924156737 -0.4137863712629389 -0.4149870509769293; -0.4137863712629389 1.200313630887762 -0.36727004204128716; -0.4149870509769293 -0.36727004204128716 1.202498490806262]
[1.556083739441214 0.7773808382374294 0.7676583991827586; 0.7773808382374294 1.1825414028979273 0.36793460710086; 0.7676583991827586 0.36793460710086 1.1881961972819062]
[1.5538535090448184 -0.7738718585653885 0.7638065989504642; -0.7738718585653885 1.1820415733406655 -0.3576646607031741; 0.7638065989504642 -0.3576646607031741 1.1839606332043553]
[1.177466447143668 -0.42542318036420845 -0.40900161381679806; -0.42542318036420845 1.2094525054121046 -0.36762605476916366; -0.40900161381679806 -0.36762605476916366 1.1981179877715162]
[1.1845932664140737 -0.42424831225946874 -0.40038364838640766; -0.42424831225946874 1.1981696854318848 -0.37030548548820685; -0.40038364838640766 -0.37030548548820685 1.194422088604211]
[1.183299490662712 0.4063610552625551 -0.4110359174980825; 0.4063610552625551 1.1983132900977456 0.3761901382738641; -0.4110359174980825 0.3761901382738641 1.1937608050950341]
[1.1944783358226159 -0.4011511927609135 0.4013758474772972; -0.4011511927609135 1.1879842413017427 0.38688491133557834; 0.4013758474772972 0.38688491133557834 1.1881124622864063]
[1.1821091625322777 0.3913067054659388 0.4024265438897806; 0.3913067054659388 1.1872789654206768 -0.3930758265602753; 0.4024265438897806 -0.3930758265602753 1.1986184903952193]
[1.2046650848487208 -0.4139249991685185 0.41341575173585005; -0.4139249991685185 1.185759647889474 0.36314714255248953; 0.41341575173585005 0.36314714255248953 1.1819283848162803]
[1.1891838591213821 0.3725412631299771 0.4033576373535201; 0.3725412631299771 1.1876712578926987 -0.40681635970048613; 0.4033576373535201 -0.40681635970048613 1.1874493581209513]
[1.1942414757848394 -0.42253552228914926 0.40638178348822296; -0.42253552228914926 1.2101961042819005 0.37779882410241705; 0.40638178348822296 0.37779882410241705 1.1841984828967318]
[1.1930972912204698 -0.4004519066689654 -0.4054893953773375; -0.4004519066689654 1.191754931383364 -0.3806687738539861; -0.4054893953773375 -0.3806687738539861 1.1830714385119843]
[1.189668833570255 0.40645177571506313 -0.4003249727230833; 0.40645177571506313 1.197951155608127 0.382063769521785; -0.4003249727230833 0.382063769521785 1.1825564211789699]
[1.2004979691785669 -0.3940941164415796 -0.40935255643048357; -0.3940941164415796 1.1838895780504903 -0.39115557906814985; -0.40935255643048357 -0.39115557906814985 1.1914152057408351]
[1.561049471019655 -0.7793233092585687 -0.7704017071917877; -0.7793233092585687 1.1889507761334577 0.4026472791249578; -0.7704017071917877 0.4026472791249578 1.181466383519291]
[1.199791100778334 0.40842417236920164 -0.4000522945798142; 0.40842417236920164 1.1981827708825576 0.39209356477235024; -0.4000522945798142 0.39209356477235024 1.1838134256496402]
[1.19029592605359 -0.4079890435986997 0.4041699768809033; -0.4079890435986997 1.1964707867552489 0.3779810510340785; 0.4041699768809033 0.3779810510340785 1.1848306017768828]
[1.5846691896889444 0.7857307938484307 0.7878274208906165; 0.7857307938484307 1.1889516956158939 0.3878290534699559; 0.7878274208906165 0.3878290534699559 1.1811218103784658]
[1.1842128159404641 0.39930667120183055 0.3848087924946963; 0.39930667120183055 1.1908260244637054 -0.3981792862978326; 0.3848087924946963 -0.3981792862978326 1.188454159310037]
[1.183116935981283 0.3774876680948922 -0.39735579863430187; 0.3774876680948922 1.1940142133598228 0.40597211665178795; -0.39735579863430187 0.40597211665178795 1.185130756700465]
[1.1879413687477518 0.4106140876250758 0.40323670356912056; 0.4106140876250758 1.1973197332537204 -0.3790085102485193; 0.40323670356912056 -0.3790085102485193 1.189110283109406]
[1.1800040799941425 -0.4131577309455892 0.41850810186944487; -0.4131577309455892 1.198558965871464 0.3694817980035731; 0.41850810186944487 0.3694817980035731 1.205198370975761]
[1.1798016355223735 -0.36981064160319965 -0.4047113759770956; -0.36981064160319965 1.1932998866617843 -0.4078974911957499; -0.4047113759770956 -0.4078974911957499 1.1909751239835942]
[1.1920920042894807 -0.3967103994557419 -0.39004499819748845; -0.3967103994557419 1.189698327960707 -0.3932380111218957; -0.39004499819748845 -0.3932380111218957 1.1793867741836888]
[1.188259919395747 -0.4105379946752841 -0.3971543491182197; -0.4105379946752841 1.2008263104979844 -0.37766404927350467; -0.3971543491182197 -0.37766404927350467 1.1777654055721942]
[1.1916730273168854 0.4110587234013847 0.40210622629616605; 0.4110587234013847 1.1919071164242845 -0.3794814196143575; 0.40210622629616605 -0.3794814196143575 1.1904924284259228]
[1.5655774055312348 -0.7805251200212606 -0.7799857296135744; -0.7805251200212606 1.1837635002669256 0.37464257465012946; -0.7799857296135744 0.37464257465012946 1.1926746324360455]
[1.1865532673306638 -0.39930173943649494 -0.3879495419563194; -0.39930173943649494 1.1959680766179168 -0.4001217596137085; -0.3879495419563194 -0.4001217596137085 1.1859979110213905]
[1.1916763919991007 -0.392186378586376 0.38828368731977797; -0.392186378586376 1.1898663425737936 0.39727791859176714; 0.38828368731977797 0.39727791859176714 1.1774668793408938]
[1.187017477773521 0.39607291291979313 0.38759816001142877; 0.39607291291979313 1.1922275311974218 -0.39685789934303417; 0.38759816001142877 -0.39685789934303417 1.182457127953439]
[1.1897054111289391 0.38832642519470273 0.39644070523603353; 0.38832642519470273 1.18663435022408 -0.3897261437894969; 0.39644070523603353 -0.3897261437894969 1.1794248244728596]
[1.5640523583306492 0.7788510972129609 0.7706592398080511; 0.7788510972129609 1.1920948733486458 0.3597832564647134; 0.7706592398080511 0.3597832564647134 1.1754260964793868]
[1.19177741170391 -0.39801577782914294 0.41333931622218684; -0.39801577782914294 1.1781220652576712 0.38137609843236675; 0.41333931622218684 0.38137609843236675 1.2042838275335659]
[1.5667261773848382 -0.7829657902981451 0.782705224227853; -0.7829657902981451 1.1948305669960333 -0.3918912146921298; 0.782705224227853 -0.3918912146921298 1.1853456196751198]
[1.1964649287635747 -0.42591836361418006 -0.4038948095752516; -0.42591836361418006 1.2019774960275615 -0.3750229207737823; -0.4038948095752516 -0.3750229207737823 1.1883186543845143]
[1.1833514416717088 0.358101959789063 0.41360939867040275; 0.358101959789063 1.1803047087774006 -0.403116313051677; 0.41360939867040275 -0.403116313051677 1.1932647832125702]
[1.1814189666175685 -0.363441327582341 -0.41794514703046604; -0.363441327582341 1.182424913432695 -0.4026997215389596; -0.41794514703046604 -0.4026997215389596 1.2020955002480882]
[1.1924398582159395 -0.4128706032239368 -0.3904506670190176; -0.4128706032239368 1.2026632254652603 -0.391995503881239; -0.3904506670190176 -0.391995503881239 1.1814765347796279]
[1.2012120835509874 0.40489197397299614 -0.4063241182359973; 0.40489197397299614 1.183474552419474 0.38513803909931693; -0.4063241182359973 0.38513803909931693 1.1929172468695244]
[1.1869612829613265 -0.40375766648543804 0.3966125946455192; -0.40375766648543804 1.2088010417131079 0.4006972322054111; 0.3966125946455192 0.4006972322054111 1.1865688974698647]
[1.1827706450465398 0.3832339203339043 -0.396011182203766; 0.3832339203339043 1.1996587793855629 0.403642625078258; -0.396011182203766 0.403642625078258 1.1818372842364142]
[1.1827825183859362 -0.42346260923598433 0.40742791204810996; -0.42346260923598433 1.201215872095732 0.3711573822470529; 0.40742791204810996 0.3711573822470529 1.2005319723233006]
[1.1833372683167729 -0.39962795815125646 0.38644349769592506; -0.39962795815125646 1.1977190056522147 0.3983691589812309; 0.38644349769592506 0.3983691589812309 1.1845566877601028]
[1.1943342580099918 -0.39187214865036324 0.4074363544395563; -0.39187214865036324 1.1811957283609713 0.3921068582134493; 0.4074363544395563 0.3921068582134493 1.1970611259985418]
[1.1778658563135038 -0.39955048444513874 0.40247281755679815; -0.39955048444513874 1.1912449390976134 0.3795444172337585; 0.40247281755679815 0.3795444172337585 1.193987581933655]
[1.1965747934400126 0.3881623277022642 -0.4017872529897512; 0.3881623277022642 1.1943318020934515 0.40027197666525344; -0.4017872529897512 0.40027197666525344 1.1806356876291948]
[1.5537514044469722 -0.7639661910884937 -0.7648541491519489; -0.7639661910884937 1.1787153858055395 0.34842223455932914; -0.7648541491519489 0.34842223455932914 1.1788805486980558]
[1.1931172006750193 -0.4058949579263315 -0.40275185996941215; -0.4058949579263315 1.1943429693283514 -0.3835862044846326; -0.40275185996941215 -0.3835862044846326 1.186043568966269]
[1.1835009841733315 -0.3919057037248025 -0.3997768837772931; -0.3919057037248025 1.1984288762097313 -0.3947079449150428; -0.3997768837772931 -0.3947079449150428 1.1856866365297245]
[1.1878491623882947 -0.3978886996217256 -0.3954046032504292; -0.3978886996217256 1.1878770074339748 -0.39428710709822; -0.3954046032504292 -0.39428710709822 1.192978599164383]
[1.201772980920343 -0.3984291439614159 0.4094727878198059; -0.3984291439614159 1.1787950184626488 0.3835770604934685; 0.4094727878198059 0.3835770604934685 1.1921653712439835]
[1.1927880307059955 0.41736349641239384 0.4064014035483792; 0.41736349641239384 1.2050243837480614 -0.37850907397145067; 0.4064014035483792 -0.37850907397145067 1.1861786659104532]
[1.1913014780776163 -0.4101968281373876 0.4157126625375525; -0.4101968281373876 1.1953681511734313 0.3738958422707791; 0.4157126625375525 0.3738958422707791 1.1949825663480524]
[1.1921542214981826 0.3746717135469025 0.4059579586312488; 0.3746717135469025 1.1855895143711832 -0.4042787402167594; 0.4059579586312488 -0.4042787402167594 1.1886765826574697]
[1.1909086934052715 0.3951156878145065 -0.3903639337903025; 0.3951156878145065 1.1826756581771463 0.3957418190023597; -0.3903639337903025 0.3957418190023597 1.1888191488186843]
[1.1832793823097687 -0.38592099748820596 0.4012340436068899; -0.38592099748820596 1.1996582676223062 0.4044352966677174; 0.4012340436068899 0.4044352966677174 1.1899356303325974]
[1.1860049481203407 -0.40246232331844156 -0.40549885137567043; -0.40246232331844156 1.1915560708483204 -0.3803050496202057; -0.40549885137567043 -0.3803050496202057 1.1921136073527365]
[1.1768566372282632 -0.3938790418802088 -0.39642078026054545; -0.3938790418802088 1.2007076455819516 -0.39898452926013095; -0.39642078026054545 -0.39898452926013095 1.1929447286951498]
[1.175460191727792 0.39619567159794994 -0.3952676928887588; 0.39619567159794994 1.1904919929512727 0.3828019110243912; -0.3952676928887588 0.3828019110243912 1.1897435422646994]
[1.2125614620360934 0.4201018455043098 -0.41936826776096126; 0.4201018455043098 1.1774628679363168 0.3500179551488812; -0.41936826776096126 0.3500179551488812 1.1819797437053778]
[1.1964478788226744 0.39973088450908567 0.395223886512178; 0.39973088450908567 1.1828229336986051 -0.3884067296432773; 0.395223886512178 -0.3884067296432773 1.1852613699063304]
[1.1890505416661112 0.3921661827981463 -0.3975411542312824; 0.3921661827981463 1.18951283243442 0.39382586546916876; -0.3975411542312824 0.39382586546916876 1.1861101229612685]
[1.5795866827397458 0.7864581690685237 -0.7887105582483943; 0.7864581690685237 1.1877470274585593 -0.38470351840262773; -0.7887105582483943 -0.38470351840262773 1.1890393122521685]
[1.5527491428283855 0.7762001746563763 0.767993198290146; 0.7762001746563763 1.1816498164271263 0.3804524573567644; 0.767993198290146 0.3804524573567644 1.1913443973654165]
[1.1831830834765331 -0.402678152232765 -0.3917224536311995; -0.402678152232765 1.2065997906579786 -0.3991659260602111; -0.3917224536311995 -0.3991659260602111 1.1850032465633673]
[1.5484998878438618 0.7723092878627219 -0.7729970387555649; 0.7723092878627219 1.189602590384238 -0.3963739881739016; -0.7729970387555649 -0.3963739881739016 1.1888208281603545]
[1.17502195966228 -0.38984413155392095 -0.39485917429326733; -0.38984413155392095 1.1977945973690918 -0.3988256925769824; -0.39485917429326733 -0.3988256925769824 1.1919482816687572]
[1.1801833533297674 -0.36172194861182017 0.41132855820678565; -0.36172194861182017 1.188412050588209 0.40550704657441494; 0.41132855820678565 0.40550704657441494 1.1919476463441914]
[1.5770644092267867 0.7843635787044757 -0.7880095789964433; 0.7843635787044757 1.1864562050932672 -0.40306064352037424; -0.7880095789964433 -0.40306064352037424 1.1901464971141256]
[1.1848470558542579 -0.39467366396760317 0.3975048340948351; -0.39467366396760317 1.1922892080205578 0.3931543102761874; 0.3975048340948351 0.3931543102761874 1.1893389785821655]
[1.5441316611991818 -0.7574280153277094 -0.7576383504217931; -0.7574280153277094 1.1774927668123476 0.3361832729236003; -0.7576383504217931 0.3361832729236003 1.1768310858678357]
[1.1826668849613522 -0.39206256317866806 -0.39886619573646387; -0.39206256317866806 1.201038672102183 -0.3987697542594171; -0.39886619573646387 -0.3987697542594171 1.1872139791258702]
[1.1978132274232314 0.4081269570768214 -0.40645164976115167; 0.4081269570768214 1.1849407132730643 0.3820318450088478; -0.40645164976115167 0.3820318450088478 1.1952076791759088]
[1.1983235618179007 0.4088302458378688 -0.40428526149522725; 0.4088302458378688 1.1911732205431913 0.38212760451574856; -0.40428526149522725 0.38212760451574856 1.187043130949863]
[1.1905495318595414 0.3830149077894487 0.42369788242527856; 0.3830149077894487 1.186786466385383 -0.37694830769996424; 0.42369788242527856 -0.37694830769996424 1.1882233825391497]
[1.183892602198991 -0.4016500393308149 0.41804095700949634; -0.4016500393308149 1.1982098369640306 0.3823662196906732; 0.41804095700949634 0.3823662196906732 1.2017620289570305]
[1.1899318235481398 0.40493973658242405 0.39829928253076263; 0.40493973658242405 1.1857069149148975 -0.38197979913159147; 0.39829928253076263 -0.38197979913159147 1.190873944458661]
[1.1858258824725671 -0.3996245732178878 -0.40084371231586985; -0.3996245732178878 1.1987907394975592 -0.39415745133121316; -0.40084371231586985 -0.39415745133121316 1.191199952239866]
[1.194654359203128 0.4071164637812254 0.3994256725275345; 0.4071164637812254 1.2035062891975823 -0.3915180011575288; 0.3994256725275345 -0.3915180011575288 1.1811545562975039]
[1.1979834659400994 -0.4002495816368147 -0.4052554831074704; -0.4002495816368147 1.194774767016613 -0.3933247721612486; -0.4052554831074704 -0.3933247721612486 1.1872599803575492]
[1.1949489876946908 0.3972347766838786 -0.40779778783755355; 0.3972347766838786 1.1965278653501348 0.39011619195806874; -0.40779778783755355 0.39011619195806874 1.184936503539376]
[1.196840338349217 -0.4012046009872838 -0.40233724868790016; -0.4012046009872838 1.1893261845893783 -0.39211283653478596; -0.40233724868790016 -0.39211283653478596 1.1906270188457444]
[1.17592331572697 -0.41381628611074556 -0.4149301103297803; -0.41381628611074556 1.2003950418817866 -0.36727074979319163; -0.4149301103297803 -0.36727074979319163 1.2024317200083594]
[1.1978218062283847 -0.3874011441026992 -0.40072553968537206; -0.3874011441026992 1.1856481312834157 -0.39091268550671016; -0.40072553968537206 -0.39091268550671016 1.1769060786158487]
[1.5562169510295771 0.7766182508279339 0.7683242214599452; 0.7766182508279339 1.181082710432983 0.36763673227501026; 0.7683242214599452 0.36763673227501026 1.1894376732287273]
[1.5545277160018605 -0.7745900015087591 0.764317683693463; -0.7745900015087591 1.1826068708292055 -0.3583879578842924; 0.764317683693463 -0.3583879578842924 1.1839165408145969]
[1.177365011599763 -0.4252667630886954 -0.4089961261322273; -0.4252667630886954 1.2093597563950507 -0.36760512126944167; -0.4089961261322273 -0.36760512126944167 1.1981257003116081]
[1.184573365477051 -0.42424464801495343 -0.4003959822748734; -0.42424464801495343 1.198217192302729 -0.3703108190245167; -0.4003959822748734 -0.3703108190245167 1.1944088173090905]
[1.1924292065297213 -0.4010207001985181 0.40105738040962474; -0.4010207001985181 1.188609814787754 0.3862217713469536; 0.40105738040962474 0.3862217713469536 1.1884371305906691]
[1.1821367821823392 0.39141343007516 0.4023534312012702; 0.39141343007516 1.1871099959144145 -0.39288458474176347; 0.4023534312012702 -0.39288458474176347 1.1986030036812814]
[1.2048115101783825 -0.41384541043174555 0.4136243029590805; -0.41384541043174555 1.1864503512322384 0.36379747888917163; 0.4136243029590805 0.36379747888917163 1.1818539714042011]
[1.1891962638176863 0.3725780317110187 0.4033366916453105; 0.3725780317110187 1.1876850777136834 -0.4068296993713377; 0.4033366916453105 -0.4068296993713377 1.1874512349638566]
[1.1942376557517338 -0.4224537870906037 0.4064061754772932; -0.4224537870906037 1.2100759907193535 0.3777949453203378; 0.4064061754772932 0.3777949453203378 1.1842577091691684]
[1.193298822310641 -0.4004005421289068 -0.4055050536264507; -0.4004005421289068 1.1916511041591114 -0.3807060753277443; -0.4055050536264507 -0.3807060753277443 1.182973118246379]
[1.1896928299004927 0.4064350857164541 -0.4003404298539038; 0.4064350857164541 1.1978998487313077 0.3820650795126547; -0.4003404298539038 0.3820650795126547 1.1825830590672537]
[1.1909525916702413 0.3954534158747263 0.39690747356381806; 0.3954534158747263 1.1883875350295172 -0.39648999712931193; 0.39690747356381806 -0.39648999712931193 1.190615263997569]
[1.1991992773554396 -0.39503928023023854 -0.408210503309871; -0.39503928023023854 1.1852300559989248 -0.391431339042598; -0.408210503309871 -0.391431339042598 1.1914325755706345]
[1.5612857971838912 -0.7801386807000039 -0.7710561646244909; -0.7801386807000039 1.1929154099530084 0.4036598780754592; -0.7710561646244909 0.4036598780754592 1.1787479595393215]
[1.2014313621957506 0.40159897268860145 0.39531353444129586; 0.40159897268860145 1.1926645538624545 -0.3961615687502215; 0.39531353444129586 -0.3961615687502215 1.1801657059280224]
[1.190196285437177 -0.40795458079164665 0.4042224633235885; -0.40795458079164665 1.1964841216525786 0.3779496132400503; 0.4042224633235885 0.3779496132400503 1.1849060164011382]
[1.584653902538392 0.7857289534977218 0.7879139643658968; 0.7857289534977218 1.1889884501500994 0.38776317904424235; 0.7879139643658968 0.38776317904424235 1.1811856711389719]
[1.1845318908919575 0.40051858534078144 -0.399912004326755; 0.40051858534078144 1.1912562194170186 0.39183197716509205; -0.399912004326755 0.39183197716509205 1.1976837983754172]
[1.1874573669859494 0.37797966892105656 -0.4003800533256056; 0.37797966892105656 1.189940287983262 0.40160609579581874; -0.4003800533256056 0.40160609579581874 1.1839916557227503]
[1.1885093041419938 0.4103974056165438 0.4030839725322726; 0.4103974056165438 1.1975490895843548 -0.37943886885068; 0.4030839725322726 -0.37943886885068 1.1883482084112957]
[1.1799118035254084 -0.4132384064718812 0.418684351476243; -0.4132384064718812 1.1985799656180591 0.369374185111771; 0.418684351476243 0.369374185111771 1.2054391817912153]
[1.1922285749621737 -0.4088351244684767 -0.3928111291400432; -0.4088351244684767 1.199961066457139 -0.3904688541900132; -0.3928111291400432 -0.3904688541900132 1.181135897329138]
[1.1920120021653744 -0.3966085990705878 -0.3901321411574774; -0.3966085990705878 1.189727592223286 -0.39317901546234657; -0.3901321411574774 -0.39317901546234657 1.1793639515945304]
[1.188503534639802 -0.41087363632349 -0.3972871455448404; -0.41087363632349 1.2007308805897885 -0.37690595293778545; -0.3972871455448404 -0.37690595293778545 1.17734788626342]
[1.1916353710223493 0.4109984264619522 0.40204665979470827; 0.4109984264619522 1.1918656812756399 -0.3795161679621527; 0.40204665979470827 -0.3795161679621527 1.1904843732098347]
[1.565738242511308 -0.7806766560663831 -0.7801729657830871; -0.7806766560663831 1.1838287889347516 0.37490128254020455; -0.7801729657830871 0.37490128254020455 1.1927804652429388]
[1.1866585014026751 -0.3993702655497651 -0.3880273543401519; -0.3993702655497651 1.1961113687370353 -0.4000569271551649; -0.3880273543401519 -0.4000569271551649 1.1858305155001043]
[1.191840532756798 -0.3870778984830463 0.39225403140190807; -0.3870778984830463 1.1860423504984334 0.4004700384407059; 0.39225403140190807 0.4004700384407059 1.1831828201549384]
[1.1870372789729924 0.3961333113671411 0.3875709472623441; 0.3961333113671411 1.1926374494096756 -0.39749740534142197; 0.3875709472623441 -0.39749740534142197 1.182697230834494]
[1.1907208725176468 0.39306344585757996 0.3962178754605869; 0.39306344585757996 1.1876850920568076 -0.38909574731079455; 0.3962178754605869 -0.38909574731079455 1.1811656500941548]
[1.5640809933852182 0.7788802318476702 0.770695082575375; 0.7788802318476702 1.1921329836994081 0.3598246594711123; 0.770695082575375 0.3598246594711123 1.1754229229050612]
[1.1917007130927544 -0.39791396651583355 0.4133240062225274; -0.39791396651583355 1.1779982829958766 0.38138968306352783; 0.4133240062225274 0.38138968306352783 1.204381568496417]
[1.5667361654013587 -0.7829714213296304 0.7827120837952395; -0.7829714213296304 1.1948255709938114 -0.3918927323079305; 0.7827120837952395 -0.3918927323079305 1.1853529491624852]
[1.1958347898850703 -0.4258224141705825 -0.4036173441297076; -0.4258224141705825 1.2024133342008576 -0.3750732350274313; -0.4036173441297076 -0.3750732350274313 1.1881924369168806]
[1.1833025270390773 0.35805491430330594 0.4136507184815794; 0.35805491430330594 1.1803354087493974 -0.403087992766467; 0.4136507184815794 -0.403087992766467 1.1932520311456898]
[1.1815015848479573 -0.36320878771991133 -0.4182778671778151; -0.36320878771991133 1.1821526717828397 -0.4025392981611057; -0.4182778671778151 -0.4025392981611057 1.202236660345221]
[1.1922761132614066 -0.41242336261423085 -0.39058265858619856; -0.41242336261423085 1.2024878080752919 -0.3921173202697624; -0.39058265858619856 -0.3921173202697624 1.1816147449679824]
[1.197983707054186 0.4015967852306224 -0.40318985178289934; 0.4015967852306224 1.185302149571273 0.3857757298111864; -0.40318985178289934 0.3857757298111864 1.1884568939588198]
[1.192656381185824 -0.39204691267482394 -0.3954695415537448; -0.39204691267482394 1.1899659088056638 -0.39355500660406356; -0.3954695415537448 -0.39355500660406356 1.1796473629249806]
[1.1827525124854747 0.3833553298414417 -0.3959479307159865; 0.3833553298414417 1.1997566608544328 0.4037516555388187; -0.3959479307159865 0.4037516555388187 1.1819219003444743]
[1.1827571670808246 -0.42344468584678024 0.40742360883257595; -0.42344468584678024 1.2012318874567642 0.37119129139581464; 0.40742360883257595 0.37119129139581464 1.2005523100616504]
[1.579474530591951 0.7838453469204592 0.7837423916337037; 0.7838453469204592 1.1872910664176572 0.3853247299721776; 0.7837423916337037 0.3853247299721776 1.1820082838944883]
[1.1958523922773745 -0.39089529603280476 0.4082713198097393; -0.39089529603280476 1.1824127657747652 0.39293447864085507; 0.4082713198097393 0.39293447864085507 1.1950167219187355]
[1.1778932509423468 -0.39943467461669413 0.4024387689041449; -0.39943467461669413 1.1911545640289343 0.3796049243796448; 0.4024387689041449 0.3796049243796448 1.1939571624544847]
[1.1964073382820462 0.3881364796511253 -0.40182700695190327; 0.3881364796511253 1.1945565288109978 0.40023429390446424; -0.40182700695190327 0.40023429390446424 1.1805565398081013]
[1.5711598893573162 0.7821388724485641 -0.7820170402684646; 0.7821388724485641 1.1898513580179229 -0.4004995977250872; -0.7820170402684646 -0.4004995977250872 1.1844906430808597]
[1.1878233902263262 -0.40004244771773906 -0.3999419063137397; -0.40004244771773906 1.1933283524908083 -0.38559678414367066; -0.3999419063137397 -0.38559678414367066 1.1856527592533757]
[1.1835173997430555 -0.39189990950851017 -0.39977450840662665; -0.39189990950851017 1.198406818198164 -0.3947395430825004; -0.39977450840662665 -0.3947395430825004 1.1857149895395636]
[1.1878686735716597 -0.39788179663444345 -0.3954118907084571; -0.39788179663444345 1.1879042204811914 -0.39431091298546406; -0.3954118907084571 -0.39431091298546406 1.19295568367263]
[1.1860039285921071 -0.39660311124612113 0.39004692027481797; -0.39660311124612113 1.1953904703279081 0.3972779961724061; 0.39004692027481797 0.3972779961724061 1.1836801890681607]
[1.1928882928483797 0.4173772782808963 0.4065446091403343; 0.4173772782808963 1.2048561519306267 -0.3784745565962628; 0.4065446091403343 -0.3784745565962628 1.1863701297459188]
[1.1927259598414073 0.3780532646037332 0.40469377841003773; 0.3780532646037332 1.1868947343460265 -0.4033910736696475; 0.40469377841003773 -0.4033910736696475 1.1879367458134864]
[1.191746288739894 0.39595162670359896 -0.38937495979729503; 0.39595162670359896 1.1828052182371587 0.39618046312416666; -0.38937495979729503 0.39618046312416666 1.188149725408685]
[1.1830957916543308 -0.3858828749827659 0.4012203340022697; -0.3858828749827659 1.199845958964093 0.4045198621736474; 0.4012203340022697 0.4045198621736474 1.1899673387117333]
[1.1858767146849765 -0.4023585898427458 -0.4052954841131477; -0.4023585898427458 1.1915603920533908 -0.38036948653870306; -0.4052954841131477 -0.38036948653870306 1.1919914125332847]
[1.176703612455348 -0.3937357732088811 -0.3963986250873755; -0.3937357732088811 1.2005645025615799 -0.3990266460588229; -0.3963986250873755 -0.3990266460588229 1.1931180511144575]
[1.1754254429372646 0.3961940092813346 -0.39524895359220336; 0.3961940092813346 1.1905154753160792 0.3827974648922436; -0.39524895359220336 0.3827974648922436 1.1897308018464512]
[1.2124967463679328 0.4201395545110433 -0.4192911214516667; 0.4201395545110433 1.1776948019948177 0.34994218059994836; -0.4192911214516667 0.34994218059994836 1.1816993945765732]
[1.1964171155030234 0.3995542910546795 0.39534138870609215; 0.3995542910546795 1.182646594739314 -0.38847759306853724; 0.39534138870609215 -0.38847759306853724 1.185479702819402]
[1.1946129260790537 0.4094808965555069 0.40380828487056664; 0.4094808965555069 1.191016904154461 -0.3801165423083822; 0.40380828487056664 -0.3801165423083822 1.1891380833650589]
[1.5708868347203582 -0.7839511791660073 -0.7839378010275955; -0.7839511791660073 1.199584326704819 0.40139261818413147; -0.7839378010275955 0.40139261818413147 1.178851333960493]
[1.552785318126748 0.7762856983387307 0.7679987256723726; 0.7762856983387307 1.181749931362657 0.38045478425037793; 0.7679987256723726 0.38045478425037793 1.1912982283525686]
[1.5493723130306218 0.7730159867966455 -0.7736895100697077; 0.7730159867966455 1.1898671095840594 -0.39681122141260317; -0.7736895100697077 -0.39681122141260317 1.18906456940415]
[1.1752711883725464 -0.3903038348326243 -0.39478361308126203; -0.3903038348326243 1.199403932435648 -0.40020656081431827; -0.39478361308126203 -0.40020656081431827 1.1918526329667676]
[1.1808330191678196 -0.3695184941677859 0.40549078099211355; -0.3695184941677859 1.1920638850024083 0.40404676944837914; 0.40549078099211355 0.40404676944837914 1.1878515737920337]
[1.5771852005748879 0.7843705398150418 -0.7882968141669577; 0.7843705398150418 1.1858055349382826 -0.403220002052277; -0.7882968141669577 -0.403220002052277 1.1909718497853734]
[1.1847647786063051 -0.39415205000518366 0.39790356166159974; -0.39415205000518366 1.1919033760769082 0.3935255280523661; 0.39790356166159974 0.3935255280523661 1.190053724113188]
[1.5447971932973148 -0.757830984815929 -0.7583219899651603; -0.757830984815929 1.1774398888315856 0.3369213599755582; -0.7583219899651603 0.3369213599755582 1.1772514027546612]
[1.1830104208903953 -0.3924333056454283 -0.3985692382420057; -0.3924333056454283 1.2007979839958909 -0.3992094416213824; -0.3985692382420057 -0.3992094416213824 1.1876111908847509]
[1.1812812621498674 0.3957906283727344 0.3928380019288695; 0.3957906283727344 1.190493576142524 -0.3871396703866407; 0.3928380019288695 -0.3871396703866407 1.185246499807559]
[1.1980489869404853 0.4090114447167737 -0.404330990797363; 0.4090114447167737 1.1912038341447395 0.3819424549480197; -0.404330990797363 0.3819424549480197 1.1873361310589543]
[1.1799901049150734 0.40680459815898107 0.3966085701789683; 0.40680459815898107 1.2037976627624558 -0.38053067942723795; 0.3966085701789683 -0.38053067942723795 1.1817035201654247]
[1.1839279457267256 -0.40167414007615515 0.41800814572412; -0.40167414007615515 1.198203776556589 0.3823618923300028; 0.41800814572412 0.3823618923300028 1.2017178773226596]
[1.1901577558387042 0.4048716271835841 0.3987900229944004; 0.4048716271835841 1.1862902340810428 -0.38212020977472183; 0.3987900229944004 -0.38212020977472183 1.1906192650455356]
[1.1857906467369226 -0.3995792331130801 -0.40080574195518504; -0.3995792331130801 1.1988101842979537 -0.39426418344265834; -0.40080574195518504 -0.39426418344265834 1.1912384105746971]
[1.1946302160779876 0.40706659568918685 0.39945250265170906; 0.40706659568918685 1.2035121759930298 -0.39152961591271285; 0.39945250265170906 -0.39152961591271285 1.1811613865446855]
[1.1981466164548513 -0.39992672457868406 -0.4056094717580432; -0.39992672457868406 1.1943988138562847 -0.3932938992717665; -0.4056094717580432 -0.3932938992717665 1.1874742067437565]
[1.190682819077951 0.3962793485890763 -0.40491904820169267; 0.3962793485890763 1.1965241534995805 0.3873311425440107; -0.40491904820169267 0.3873311425440107 1.1826016693656993]
[1.196889530444493 -0.4012746254910152 -0.4023113778529348; -0.4012746254910152 1.1893267493298039 -0.3920883074785691; -0.4023113778529348 -0.3920883074785691 1.1905971956949621]
[1.1758851222341768 -0.41384550154595384 -0.4148779860164768; -0.41384550154595384 1.2004725921646417 -0.36727146426309926; -0.4148779860164768 -0.36727146426309926 1.2023710523239013]
[1.1978585204679366 -0.38741011565166844 -0.4007715083052247; -0.38741011565166844 1.1856267200878676 -0.39091644265944575; -0.4007715083052247 -0.39091644265944575 1.1769489163364317]
[1.5561203298022377 0.7754853617101637 0.7689059646555777; 0.7754853617101637 1.179356252214595 0.3670334546837275; 0.7689059646555777 0.3670334546837275 1.190734659676883]
[1.5552421358938815 -0.7753118784123512 0.7648773824266837; -0.7753118784123512 1.1831396901346107 -0.3591387458402402; 0.7648773824266837 -0.3591387458402402 1.1839163687714482]
[1.177266802082157 -0.42510730881228775 -0.4089943755426852; -0.42510730881228775 1.2092649028776232 -0.36758571560307324; -0.4089943755426852 -0.36758571560307324 1.1981343292346316]
[1.1845539554967193 -0.4242404867331078 -0.40040904773970015; -0.4242404867331078 1.1982634865543 -0.370315603811169; -0.40040904773970015 -0.370315603811169 1.1943959520645455]
[1.1902476432867644 -0.4009106801307407 0.40073689882759916; -0.4009106801307407 1.1893047837340698 0.3854852984722987; 0.40073689882759916 0.3854852984722987 1.188778258129561]
[1.1821757194936298 0.3915071080920509 0.4023006969379245; 0.3915071080920509 1.1869531637276751 -0.39269917813145266; 0.4023006969379245 -0.39269917813145266 1.198577232665186]
[1.2052839623232945 -0.413980769724232 0.41403709433231717; -0.413980769724232 1.1871487568134604 0.36412354938441444; 0.41403709433231717 0.36412354938441444 1.1815567305654653]
[1.1892069157537586 0.3726103364717568 0.4033162329294821; 0.3726103364717568 1.1876974509525866 -0.40684391341380943; 0.4033162329294821 -0.40684391341380943 1.1874533477976037]
[1.1942355637643292 -0.422375944545803 0.40643089620972006; -0.422375944545803 1.2099599203000866 0.37779105087976816; 0.40643089620972006 0.37779105087976816 1.1843155431444208]
[1.1935081407964738 -0.40035121831222276 -0.4055221731210543; -0.40035121831222276 1.1915446212016458 -0.3807415971969351; -0.4055221731210543 -0.3807415971969351 1.1828714591389884]
[1.189744096302524 0.40636873076818625 -0.40037479098513473; 0.40636873076818625 1.1977692390162158 0.3820826342493921; -0.40037479098513473 0.3820826342493921 1.1826456881609957]
[1.190949492026442 0.3954901469273834 0.39689957437118284; 0.3954901469273834 1.1883590025157778 -0.3964467722452545; 0.39689957437118284 -0.3964467722452545 1.1906324971150035]
[1.1982189798495912 -0.39580288326729707 -0.40755218410548893; -0.39580288326729707 1.1863077674498144 -0.39161702073274096; -0.40755218410548893 -0.39161702073274096 1.1916157819452393]
[1.1984117543470347 0.4035491760970074 0.4070147120812574; 0.4035491760970074 1.1817792322676668 -0.38350103546387826; 0.4070147120812574 -0.38350103546387826 1.1951506381322068]
[1.56017326855078 -0.7795181257416633 -0.7705097550778102; -0.7795181257416633 1.1937988842019451 0.4028878556756874; -0.7705097550778102 0.4028878556756874 1.177810220643812]
[1.193189378826554 0.4008556623378871 0.3940437810533698; 0.4008556623378871 1.202624330584961 -0.4002191593325193; 0.3940437810533698 -0.4002191593325193 1.180503899689797]
[1.190099290900671 -0.40792130071895355 0.40427479496419916; -0.40792130071895355 1.1964971767246901 0.3779195149924001; 0.40427479496419916 0.3779195149924001 1.184981397362546]
[1.5845978054915233 0.7857281081762929 0.7880098892949101; 0.7857281081762929 1.1890646178696425 0.38766471781421874; 0.7880098892949101 0.38766471781421874 1.1812616574826114]
[1.1847560440176856 0.4003457679112785 -0.4005001195506321; 0.4003457679112785 1.1905279631698578 0.39111992994436123; -0.4005001195506321 0.39111992994436123 1.1978979055170909]
[1.1919203024252765 0.3776731989718272 -0.4047473459367083; 0.3776731989718272 1.1852711663492248 0.39801117987106; -0.4047473459367083 0.39801117987106 1.184674455955893]
[1.1889809983820099 0.4101980572368519 0.40287873265977964; 0.4101980572368519 1.1977237849499034 -0.37982477205365234; 0.40287873265977964 -0.37982477205365234 1.187660787532579]
[1.1797335669850453 -0.4117482221540713 0.4200349345569966; -0.4117482221540713 1.1983210917881306 0.36917733502685174; 0.4200349345569966 0.36917733502685174 1.2055530945222996]
[1.1963802032700943 -0.4136739499315131 -0.39099182666726634; -0.4136739499315131 1.199729063920345 -0.3885220852491328; -0.39099182666726634 -0.3885220852491328 1.1783543175372406]
[1.1919733456922132 -0.3965853785432561 -0.3901199706912035; -0.3965853785432561 1.1897563742068844 -0.39319846548186455; -0.3901199706912035 -0.39319846548186455 1.1793579988954155]
[1.1887468139267432 -0.41123721080541553 -0.39741627177480293; -0.41123721080541553 1.200612061364346 -0.3760634544360028; -0.39741627177480293 -0.3760634544360028 1.176896979222148]
[1.191595693141522 0.41092342154987793 0.4019835932601971; 0.41092342154987793 1.1918141273491052 -0.37955799310776345; 0.4019835932601971 -0.37955799310776345 1.1904768995082164]
[1.5659007777173268 -0.7808273559949619 -0.7803616615935997; -0.7808273559949619 1.1838918953484436 0.37515937555822676; -0.7803616615935997 0.37515937555822676 1.1928874905683606]
[1.186779987453634 -0.3994531212957142 -0.38809389625200597; -0.3994531212957142 1.1962465105281173 -0.39999634641912024; -0.38809389625200597 -0.39999634641912024 1.1856624702349687]
[1.1769454036451135 -0.4081044474183647 0.41156760550235005; -0.4081044474183647 1.2017358307939894 0.3698634245523384; 0.41156760550235005 0.3698634245523384 1.1931216141794458]
[1.1868948913733506 0.39594993583293286 0.38790319466184914; 0.39594993583293286 1.1929381249179503 -0.39753347494985736; 0.38790319466184914 -0.39753347494985736 1.1827212260568378]
[1.193041594178315 0.40314858221423105 0.3943397084417995; 0.40314858221423105 1.1912270675591077 -0.3934396769939639; 0.3943397084417995 -0.3934396769939639 1.1877865374603966]
[1.1887170702755254 0.411094530044187 0.41142836138993577; 0.411094530044187 1.197876028074024 -0.3775003057814135; 0.41142836138993577 -0.3775003057814135 1.1951724200036062]
[1.5641082391520065 0.7789085828981515 0.7707315245219384; 0.7789085828981515 1.1921723044361847 0.3598664644627042; 0.7707315245219384 0.3598664644627042 1.1754197491683736]
[1.1916134197688955 -0.39783431187399926 0.4133193001076162; -0.39783431187399926 1.1779002426678544 0.3813877397818195; 0.4133193001076162 0.3813877397818195 1.2044821333044717]
[1.5667374080271375 -0.7829724104730683 0.7827142708451443; -0.7829724104730683 1.1948202678145725 -0.39189110903332053; 0.7827142708451443 -0.39189110903332053 1.185360101885179]
[1.1952122867611112 -0.42572515824427104 -0.4033589159369445; -0.42572515824427104 1.2028414631124091 -0.375122997995898; -0.4033589159369445 -0.375122997995898 1.188084207150655]
[1.1832513354759917 0.35800274287162215 0.4136963614876893; 0.35800274287162215 1.180363970364605 -0.40306005493229874; 0.4136963614876893 -0.40306005493229874 1.193243509295652]
[1.1816135380065358 -0.36292910043003707 -0.4186971581585163; -0.36292910043003707 1.1818185891885382 -0.402342310973813; -0.4186971581585163 -0.402342310973813 1.2024160362127891]
[1.1921233403019524 -0.4120298266263876 -0.3906936123309657; -0.4120298266263876 1.2023470404945253 -0.3922476577812469; -0.3906936123309657 -0.3922476577812469 1.1817495926356998]
[1.1952889313024702 0.39885899329736785 -0.4024130366762599; 0.39885899329736785 1.1865172609329382 0.38529249990084014; -0.4024130366762599 0.38529249990084014 1.1859378815868793]
[1.196925977392575 -0.3863154853777398 0.4213846112805502; -0.3863154853777398 1.1772437576311119 0.37659034151546217; 0.4213846112805502 0.37659034151546217 1.191739553518042]
[1.1827348707745262 0.3834499312359265 -0.3958968108460854; 0.3834499312359265 1.1998366253280484 0.4038471746261714; -0.3958968108460854 0.4038471746261714 1.1819963628962868]
[1.1827321434293654 -0.42342718546750124 0.40741962623027794; -0.42342718546750124 1.2012484535258001 0.3712252842015043; 0.40741962623027794 0.3712252842015043 1.2005726146711873]
[1.57901657767123 0.7830938554702888 0.7837970663211928; 0.7830938554702888 1.1869304615342016 0.38565305203013894; 0.7837970663211928 0.38565305203013894 1.1821301295670956]
[1.1901025595721457 -0.4087981473686793 -0.4218902164317125; -0.4087981473686793 1.1924241197540297 -0.3756134578709787; -0.4218902164317125 -0.3756134578709787 1.205847194125656]
[1.1779185810339146 -0.39931785415773113 0.4024055979920582; -0.39931785415773113 1.1910646658433004 0.3796658899137483; 0.4024055979920582 0.3796658899137483 1.1939287425829506]
[1.1962444384360928 0.3881013757931806 -0.4018724628170903; 0.3881013757931806 1.1947719965671546 0.4002021235318252; -0.4018724628170903 0.4002021235318252 1.1804842775191438]
[1.1803684503488503 -0.39473326080787624 0.39931900549152477; -0.39473326080787624 1.208487860253261 0.4000742991030687; 0.39931900549152477 0.4000742991030687 1.186602459235609]
[1.1933543419392156 -0.3975656279667504 -0.40062267008236907; -0.3975656279667504 1.1840578865394815 -0.38692672445088516; -0.40062267008236907 -0.38692672445088516 1.1888626795085402]
[1.1835355085330117 -0.391895422243035 -0.3997741770931962; -0.391895422243035 1.1983847853748186 -0.39476834560829194; -0.3997741770931962 -0.39476834560829194 1.1857422042025263]
[1.187889466504587 -0.39787517288533675 -0.3954204057423245; -0.39787517288533675 1.187928059916878 -0.39433371684118224; -0.3954204057423245 -0.39433371684118224 1.192935383674179]
[1.1920749691532029 -0.39769708233778067 0.3919198401144346; -0.39769708233778067 1.194123801693796 0.3910661633215196; 0.3919198401144346 0.3910661633215196 1.1756954370613084]
[1.1923207941736524 0.4171557595378485 0.4061407214123077; 0.4171557595378485 1.2050631318814695 -0.3785078465693016; 0.4061407214123077 -0.3785078465693016 1.186134216774601]
[1.1992513239851486 0.4120647317076956 -0.4111988937636428; 0.4120647317076956 1.1944176436015037 0.3801323168773173; -0.4111988937636428 0.3801323168773173 1.1912389434419417]
[1.1917415571235803 0.3806988078017288 0.4030960180436272; 0.3806988078017288 1.1890952154875112 -0.4031430866574693; 0.4030960180436272 -0.4031430866574693 1.1874504267572374]
[1.1915950877854729 0.3960771067877675 -0.3897519498700982; 0.3960771067877675 1.183199612506622 0.39615974954609945; -0.3897519498700982 0.39615974954609945 1.188378663303161]
[1.1829443982018775 -0.3858492219889866 0.40116909448636473; -0.3858492219889866 1.2000038201190124 0.4046414498700056; 0.40116909448636473 0.4046414498700056 1.1899999536363521]
[1.185710007806328 -0.4022690645354008 -0.40511766169146946; -0.4022690645354008 1.1915977364140775 -0.38040602684082175; -0.40511766169146946 -0.38040602684082175 1.191888523316677]
[1.1765628119203766 -0.3935952230194811 -0.3963872099880826; -0.3935952230194811 1.200415248401628 -0.39907186283524804; -0.3963872099880826 -0.39907186283524804 1.1933017249640447]
[1.17539007497643 0.39619216738808843 -0.3952286153204101; 0.39619216738808843 1.1905389997980644 0.38279401335681645; -0.3952286153204101 0.38279401335681645 1.1897178435421676]
[1.212390141992574 0.4201532722076204 -0.4191826706925935; 0.4201532722076204 1.1779575189310978 0.3499014477383008; -0.4191826706925935 0.3499014477383008 1.1814076385432635]
[1.1963263246233806 0.399414341806643 0.3954552903020973; 0.399414341806643 1.182501664355908 -0.38850784004003763; 0.3954552903020973 -0.38850784004003763 1.1857190938027258]
[1.196817071001787 0.4123400024940607 0.4072323094470903; 0.4123400024940607 1.192707179445987 -0.3643747980302404; 0.4072323094470903 -0.3643747980302404 1.1762636211177955]
[1.560956055590389 0.7801710939419073 -0.7790322713746116; 0.7801710939419073 1.1872244937384886 -0.3800541216857581; -0.7790322713746116 -0.3800541216857581 1.1924140929398783]
[1.5528231956453344 0.7763790231958018 0.768001874438629; 0.7763790231958018 1.1818588801833476 0.38045740961301233; 0.768001874438629 0.38045740961301233 1.1912469392932064]
[1.2049475598003088 -0.41595418992481176 -0.4201826708029274; -0.41595418992481176 1.176541916869083 -0.34017187225610884; -0.4201826708029274 -0.34017187225610884 1.1778890421825234]
[1.5502526892667372 0.7737252472101195 -0.7743841747831912; 0.7737252472101195 1.1901302435262318 -0.3972467979359319; -0.7743841747831912 -0.3972467979359319 1.189306869463265]
[1.1758362339738473 -0.39102431781370256 -0.39456366376015584; -0.39102431781370256 1.2009009130653188 -0.40138301712541635; -0.39456366376015584 -0.40138301712541635 1.191464519868489]
[1.1802174375622714 -0.3630918236025051 0.4103976751153833; -0.3630918236025051 1.1891677306864492 0.4064250968674349; 0.4103976751153833 0.4064250968674349 1.1924447742652236]
[1.5780395075667688 0.7841264005621283 0.7888587645005625; 0.7841264005621283 1.1850104352289113 0.3816774734049642; 0.7888587645005625 0.3816774734049642 1.1912068962667723]
[1.1844288380874635 -0.39369132725108924 0.39800722023556756; -0.39369132725108924 1.191888831780483 0.39395130822993607; 0.39800722023556756 0.39395130822993607 1.1904734292758727]
[1.54545261129022 -0.7582250486929352 -0.7589967012267131; -0.7582250486929352 1.1773876166262882 0.33763731546203546; -0.7589967012267131 0.33763731546203546 1.1776658460385558]
[1.1833997207326068 -0.3928239078295549 -0.39827275770449694; -0.3928239078295549 1.2005413057105814 -0.3995864016173279; -0.39827275770449694 -0.3995864016173279 1.18793737135702]
[1.1955080281602644 0.40211282728878156 0.39126689460078395; 0.40211282728878156 1.1904329836489522 -0.3951426109729434; 0.39126689460078395 -0.3951426109729434 1.1837272678372837]
[1.1991536847172528 0.40869304930315026 -0.4040970371291885; 0.40869304930315026 1.1918800330603043 0.3826145592940145; -0.4040970371291885 0.3826145592940145 1.1856555613596116]
[1.1788225346031154 0.40556000606879816 0.3939861981168812; 0.40556000606879816 1.2033889509963338 -0.38152425814183366; 0.3939861981168812 -0.38152425814183366 1.1803736475792164]
[1.1839636314948077 -0.40169786226897974 0.41797516425702014; -0.40169786226897974 1.1981970432256686 0.3823574812343826; 0.41797516425702014 0.3823574812343826 1.2016733986601926]
[1.1903856574453573 0.40485452830612967 0.39928255610888247; 0.40485452830612967 1.1868803221773792 -0.38222915401123797; 0.39928255610888247 -0.38222915401123797 1.1903794439430695]
[1.1857583456594536 -0.3995346710490747 -0.40076967189971446; -0.3995346710490747 1.1988267548277791 -0.3943700399061147; -0.40076967189971446 -0.3943700399061147 1.1912786066796839]
[1.19460811504194 0.40701929959670274 0.3994743067723133; 0.40701929959670274 1.2035172701183698 -0.39154076748076283; 0.3994743067723133 -0.39154076748076283 1.1811640239110175]
[1.1983068589250776 -0.3995878386794024 -0.40596929563454737; -0.3995878386794024 1.1940202261673751 -0.3932904942126527; -0.40596929563454737 -0.3932904942126527 1.1877114345424564]
[1.5687056193272635 0.7755123696660455 0.783642018797093; 0.7755123696660455 1.1821131488172336 0.4031953773535656; 0.783642018797093 0.4031953773535656 1.1898830242134109]
[1.196934914125037 -0.40134054138483805 -0.4022853629988407; -0.40134054138483805 1.189326056383951 -0.3920664936991175; -0.4022853629988407 -0.3920664936991175 1.1905708766889842]
[1.1758473678598766 -0.4138733715163901 -0.4148258430745802; -0.4138733715163901 1.2005491454053234 -0.3672723651770425; -0.4148258430745802 -0.3672723651770425 1.202309678778206]
[1.197894769699783 -0.3874190776355827 -0.40081658736448467; -0.3874190776355827 1.1856057373544504 -0.3909207986768561; -0.40081658736448467 -0.3909207986768561 1.1769914931099679]
[1.5557277487728423 0.7739328127850151 0.7693421837993398; 0.7739328127850151 1.1773710288865358 0.366058160140397; 0.7693421837993398 0.366058160140397 1.192037095751197]
[1.555988670878005 -0.7760344627996429 0.7654742825409949; -0.7760344627996429 1.1836384480228122 -0.3599088546693291; 0.7654742825409949 -0.3599088546693291 1.1839558410743425]
[1.1771721934342882 -0.4249466166461436 -0.40899633371341265; -0.4249466166461436 1.2091689597376583 -0.36756751853278086; -0.40899633371341265 -0.36756751853278086 1.1981440316491734]
[1.184534812594892 -0.4242369800243362 -0.4004219693908852; -0.4242369800243362 1.1983102375517911 -0.3703202968736551; -0.4004219693908852 -0.3703202968736551 1.1943828031692953]
[1.1886353756299122 0.3928648799889167 -0.40092598906945504; 0.3928648799889167 1.1811311480554765 0.3879533548022528; -0.40092598906945504 0.3879533548022528 1.1931649598582217]
[1.1822238275504855 0.3916360704472385 0.4022288260993235; 0.3916360704472385 1.1867971654557072 -0.3924982399927487; 0.4022288260993235 -0.3924982399927487 1.1985420345312807]
[1.2061553800731892 -0.4143635841098011 0.41474436332557263; -0.4143635841098011 1.1878198186498559 0.3640274267606978; 0.41474436332557263 0.3640274267606978 1.1810287575388343]
[1.189217013240042 0.372640809127101 0.4032983322240098; 0.372640809127101 1.1877093785933417 -0.4068586446525854; 0.4032983322240098 -0.4068586446525854 1.1874577448817694]
[1.1942333293813236 -0.4223010412517307 0.40645605298135623; -0.4223010412517307 1.2098454176604672 0.37778659398371633; 0.40645605298135623 0.37778659398371633 1.1843749185612837]
[1.1937120631372464 -0.4003030937014216 -0.40553586774974154; -0.4003030937014216 1.1914392218302514 -0.3807793643911379; -0.40553586774974154 -0.3807793643911379 1.182774152571966]
[1.1897985703746288 0.4063044026657013 -0.40040852481759154; 0.4063044026657013 1.1976395471766474 0.3820994845638075; -0.40040852481759154 0.3820994845638075 1.182704909778157]
[1.1909384316320382 0.3955471301841247 0.3968816277485187; 0.3955471301841247 1.1883155836944705 -0.39638287379032516; 0.3968816277485187 -0.39638287379032516 1.1906621188130597]
[1.1975058700603098 -0.39631996420022597 -0.40729195678855507; -0.39631996420022597 1.1871575356906259 -0.39180233983035456; -0.40729195678855507 -0.39180233983035456 1.1919175210115402]
[1.5575288721607785 -0.7756946062867882 -0.7677928252410064; -0.7756946062867882 1.1905621692316266 0.3982433438330204; -0.7677928252410064 0.3982433438330204 1.1771191981339162]
[1.198955500602426 0.4050775607602342 -0.39450662627590066; 0.4050775607602342 1.197316249150938 0.39559578085090763; -0.39450662627590066 0.39559578085090763 1.180089012038397]
[1.1900010204479585 -0.407888494652774 0.4043275090589587; -0.407888494652774 1.196509731852181 0.3778892851097105; 0.4043275090589587 0.3778892851097105 1.1850593285329736]
[1.584504035494958 0.7857215564614601 0.7880979741415469; 0.7857215564614601 1.1891600152310828 0.3875498948691038; 0.7880979741415469 0.3875498948691038 1.181342749529001]
[1.1850154620540234 0.3996063597456013 -0.40147791058509796; 0.3996063597456013 1.1892010735940357 0.39074409019781814; -0.40147791058509796 0.39074409019781814 1.1988339408467639]
[1.195416639215846 0.3766928830655199 -0.40946488304978107; 0.3766928830655199 1.1811706844006624 0.39601525324641595; -0.40946488304978107 0.39601525324641595 1.18705940359355]
[1.1893789454910202 0.4099995292650476 0.4026407527207492; 0.4099995292650476 1.1978300757987366 -0.3801748908787999; 0.4026407527207492 -0.3801748908787999 1.187050105414486]
[1.1794708978399275 -0.41064510538313775 0.42125283877473235; -0.41064510538313775 1.1985716710371863 0.3688575836964215; 0.42125283877473235 0.3688575836964215 1.205395794665692]
[1.1798937802459226 -0.35272781427124983 -0.41060901213357315; -0.35272781427124983 1.1801973920105544 -0.40431535229368015; -0.41060901213357315 -0.40431535229368015 1.1899590046503787]
[1.1919825762087333 -0.3966661206481549 -0.3899718217250327; -0.3966661206481549 1.1897857317913885 -0.3933265522532528; -0.3899718217250327 -0.3933265522532528 1.1793801866026095]
[1.188992601977874 -0.4116290999357372 -0.3975410890522987; -0.4116290999357372 1.2004712896316345 -0.37514176632446833; -0.3975410890522987 -0.37514176632446833 1.1764134389267804]
[1.1915559557509936 0.41084541953171705 0.4019227682953481; 0.41084541953171705 1.1917611168682014 -0.3796000781590533; 0.4019227682953481 -0.3796000781590533 1.190470424728262]
[1.5660629234898444 -0.7809786761593993 -0.7805509114434716; -0.7809786761593993 1.1839560736463035 0.37541885461746405; -0.7805509114434716 0.37541885461746405 1.1929950556293412]
[1.1868739582700951 -0.3995015052553603 -0.3881696754338984; -0.3995015052553603 1.1963382342543103 -0.39990682370734926; -0.3881696754338984 -0.39990682370734926 1.1855110639065076]
[1.1778518912537363 -0.40714748486544816 0.411583059482695; -0.40714748486544816 1.1999556531697744 0.37018655798637407; 0.411583059482695 0.37018655798637407 1.1932916638644013]
[1.1865730808911126 0.3955197592260554 0.38864369211526534; 0.3955197592260554 1.1931674633716873 -0.39693989922032413; 0.38864369211526534 -0.39693989922032413 1.182528597651028]
[1.1878266663309942 0.4108955795386431 0.4113702413654756; 0.4108955795386431 1.197878933740865 -0.3772623113882582; 0.4113702413654756 -0.3772623113882582 1.1955853660993279]
[1.5641371774777841 0.7789387998514238 0.7707678001579301; 0.7789387998514238 1.192210061806076 0.3599086167347393; 0.7707678001579301 0.3599086167347393 1.175418117917781]
[1.1911500323595532 -0.3953469848445386 -0.397602377421589; -0.3953469848445386 1.1883799517868525 -0.3958885376468361; -0.397602377421589 -0.3958885376468361 1.1904125445485414]
[1.5667463131100312 -0.782977220597981 0.7827204991798519; -0.782977220597981 1.194815089688354 -0.3918925923823043; 0.7827204991798519 -0.3918925923823043 1.1853672573006637]
[1.1945910633244707 -0.4256256156706253 -0.40311528731258084; -0.4256256156706253 1.2032669376830663 -0.3751738079787485; -0.40311528731258084 -0.3751738079787485 1.1879916076464727]
[1.1831990128950818 0.3579472757947082 0.413744869815393; 0.3579472757947082 1.1803906295440074 -0.40303190177341314; 0.413744869815393 -0.40303190177341314 1.1932375334706868]
[1.181749382683785 -0.3625938233579337 -0.41920670996054726; -0.3625938233579337 1.1814207675422026 -0.40210413456189514; -0.41920670996054726 -0.40210413456189514 1.2026321425409552]
[1.1919802208386783 -0.41168397453931815 -0.3907848668434069; -0.41168397453931815 1.2022360772602079 -0.39238422991915345; -0.3907848668434069 -0.39238422991915345 1.1818801138177384]
[1.1929093313032273 0.39634596610958234 -0.4042974845774923; 0.39634596610958234 1.1884638177380646 0.38335556211073624; -0.4042974845774923 0.38335556211073624 1.183869730184197]
[1.1911099386150195 -0.3905069383939318 -0.3962057411101275; -0.3905069383939318 1.1910531241595426 -0.3932736354889138; -0.3962057411101275 -0.3932736354889138 1.1790490399062907]
[1.1827168377880386 0.38352202452180917 -0.3958540755459113; 0.38352202452180917 1.1999014937308383 0.4039325315885118; -0.3958540755459113 0.4039325315885118 1.1820625188934357]
[1.1827068700785452 -0.42340928891990115 0.4074155363623565; -0.42340928891990115 1.2012644771373384 0.37125942033426745; 0.4074155363623565 0.37125942033426745 1.2005933395583264]
[1.5783066865929412 0.782416947289753 0.7836216469096575; 0.782416947289753 1.186792947925788 0.38575416346176233; 0.7836216469096575 0.38575416346176233 1.1821283346859224]
[1.1779445550495224 -0.3992014005832505 0.4023724078003002; -0.3992014005832505 1.1909738036635902 0.37972655648014153; 0.4023724078003002 0.37972655648014153 1.1939007244953614]
[1.1960907720034528 0.38805973884937367 -0.4019206054724479; 0.38805973884937367 1.1949733852814883 0.40017741125412903; -0.4019206054724479 0.40017741125412903 1.180420601784789]
[1.194236552719108 -0.400198024406125 -0.4015960982807093; -0.400198024406125 1.1804978247272742 -0.3839807922124266; -0.4015960982807093 -0.3839807922124266 1.192263926937151]
[1.183552462426821 -0.3918894988861102 -0.39977222016169717; -0.3918894988861102 1.1983623336245517 -0.39479827659176675; -0.39977222016169717 -0.39479827659176675 1.185769059300367]
[1.187909902118022 -0.39786813683961086 -0.3954286586593803; -0.39786813683961086 1.1879510494277359 -0.39435597025671015; -0.3954286586593803 -0.39435597025671015 1.1929150746292918]
[1.1900975224018533 -0.39482487322566656 0.39534388819597627; -0.39482487322566656 1.1945486573998836 0.39046548187541685; 0.39534388819597627 0.39046548187541685 1.1772116491406146]
[1.191669843106818 0.4168433685013682 0.40572791830771404; 0.4168433685013682 1.205163860991509 -0.37853787628167035; 0.40572791830771404 -0.37853787628167035 1.1859832617787358]
[1.197790873154798 0.40004251148211806 -0.3903505323735663; 0.40004251148211806 1.1806628737148988 0.39176469620142157; -0.3903505323735663 0.39176469620142157 1.1849363064197846]
[1.1913247326638834 0.38163333180930037 0.40272638733866156; 0.38163333180930037 1.1897873779726167 -0.40329281775974096; 0.40272638733866156 -0.40329281775974096 1.1878636738636614]
[1.1914576877158585 0.39620909143120664 -0.39013837164799864; 0.39620909143120664 1.1836142761934014 0.39615119506711854; -0.39013837164799864 0.39615119506711854 1.1886019353677795]
[1.1828430871122277 -0.38582053487538703 0.40108640809467655; -0.38582053487538703 1.200114162242751 0.4047932740712304; 0.40108640809467655 0.4047932740712304 1.190032843443879]
[1.1859546539047983 -0.40219072673081285 -0.40502144460181044; -0.40219072673081285 1.1914399418804982 -0.3805517951914747; -0.40502144460181044 -0.3805517951914747 1.1917626975653182]
[1.1764324356082372 -0.3934555961729546 -0.3963872238189783; -0.3934555961729546 1.2002547980334413 -0.3991171206375487; -0.3963872238189783 -0.3991171206375487 1.1934984722441973]
[1.1753555391247608 0.3961897051676377 -0.3952104000962425; 0.3961897051676377 1.1905612319973076 0.382789965306155; -0.3952104000962425 0.382789965306155 1.1897062508358158]
[1.2123190708823983 0.42017681789798667 -0.4191129544363157; 0.42017681789798667 1.178164484829305 0.34981888076903567; -0.4191129544363157 0.34981888076903567 1.1811455707005865]
[1.1961646320473396 0.39932056819078027 0.3955619670378051; 0.39932056819078027 1.1823900005458103 -0.3884928025018103; 0.3955619670378051 -0.3884928025018103 1.1859898292500544]
[1.1774306097252256 0.39618892924915 0.39830579153392026; 0.39618892924915 1.1886317961534143 -0.38232690776455863; 0.39830579153392026 -0.38232690776455863 1.1921692617997577]
[1.5777824264714375 0.7831121448971526 0.7861924541675169; 0.7831121448971526 1.1951475335035326 0.39883143135701504; 0.7861924541675169 0.39883143135701504 1.17774866204635]
[1.5528866348792443 -0.7764295219766743 0.768028239098315; -0.7764295219766743 1.1819129813888103 -0.3875594933407939; 0.768028239098315 -0.3875594933407939 1.1912046780573544]
[1.2040889249785398 -0.4159086101517633 -0.4184882058276865; -0.4159086101517633 1.1758194757052207 -0.34173350688170473; -0.4184882058276865 -0.34173350688170473 1.1791807623746176]
[1.5511353866963056 0.7744343849610248 -0.7750778803915209; 0.7744343849610248 1.190392956951414 -0.39767951989265; -0.7750778803915209 -0.39767951989265 1.1895466728148916]
[1.1765150966839923 -0.3918448963222049 -0.3942266455450884; -0.3918448963222049 1.20219823073548 -0.40237938603352635; -0.3942266455450884 -0.40237938603352635 1.1909658135411905]
[1.1816808454321168 -0.3688079295847885 0.4063735473060436; -0.3688079295847885 1.1916723476698339 0.4083099528755809; 0.4063735473060436 0.4083099528755809 1.191824778347479]
[1.5789860093415524 0.78399708471248 0.7888320928269709; 0.78399708471248 1.184384494694705 0.38220848591782997; 0.7888320928269709 0.38220848591782997 1.1907096699149522]
[1.1840008614303026 -0.39333591307007504 0.3979097262808588; -0.39333591307007504 1.192131619391447 0.3943170438964031; 0.3979097262808588 0.3943170438964031 1.190573479175111]
[1.5460959386666433 -0.7586033700438114 -0.7596598050967797; -0.7586033700438114 1.177329071439571 0.3383212720431336; -0.7596598050967797 0.3383212720431336 1.1780743575404318]
[1.1838190414002843 -0.39322919246364396 -0.39798580833344344; -0.39322919246364396 1.200278560976016 -0.399895165282951; -0.39798580833344344 -0.399895165282951 1.188196905997978]
[1.1834743729498591 0.42069591612868856 -0.3665987110372509; 0.42069591612868856 1.1964491872667369 0.3901456728834169; -0.3665987110372509 0.3901456728834169 1.1794191229445015]
[1.1993564343429464 0.40902986321416773 -0.40455418947141714; 0.40902986321416773 1.1934997597290444 0.3825702336096345; -0.40455418947141714 0.3825702336096345 1.1845987224472065]
[1.2022475100802834 -0.41029939481003086 -0.4106424850926582; -0.41029939481003086 1.190144155562907 -0.37973398810327397; -0.4106424850926582 -0.37973398810327397 1.1897105903383147]
[1.1891702218545186 0.394738374482749 0.3980482893558457; 0.394738374482749 1.1918013166719919 -0.3962085201646439; 0.3980482893558457 -0.3962085201646439 1.1891347986583674]
[1.183998232588874 -0.4017222471672227 0.41794199976506796; -0.4017222471672227 1.1981912839469135 0.3823528480100877; 0.41794199976506796 0.3823528480100877 1.2016293405839447]
[1.1906163338834999 0.4048855567955725 0.39977781352131175; 0.4048855567955725 1.187479889416447 -0.3823096140099231; 0.39977781352131175 -0.3823096140099231 1.1901518374221973]
[1.1857296635350967 -0.3994940968442529 -0.4007375123192389; -0.3994940968442529 1.1988409097551218 -0.3944671173616298; -0.4007375123192389 -0.3944671173616298 1.1913167889944598]
[1.1945860323682775 0.40697187819961367 0.39949335886485776; 0.40697187819961367 1.2035225778313683 -0.3915516504812414; 0.39949335886485776 -0.3915516504812414 1.1811632750133643]
[1.1984542627335837 -0.3992387812416871 -0.40632455116504235; -0.3992387812416871 1.1936511470812157 -0.3933153855359497; -0.40632455116504235 -0.3933153855359497 1.1879656944351713]
[1.188520072138543 0.39582818677439957 -0.4036123087865698; 0.39582818677439957 1.2014659377948265 0.39019384115161654; -0.4036123087865698 0.39019384115161654 1.180970322189399]
[1.1969823644632402 -0.4014062387222357 -0.4022587036483861; -0.4014062387222357 1.189325628227669 -0.39204358205737005; -0.4022587036483861 -0.39204358205737005 1.1905402662402857]
[1.1758106054435156 -0.4139018864930957 -0.4147751418634762; -0.4139018864930957 1.2006247240586292 -0.3672733731927573; -0.4147751418634762 -0.3672733731927573 1.2022505328535766]
[1.1979311841191467 -0.3874268690195672 -0.40086261268032425; -0.3874268690195672 1.1855842444268883 -0.3909245444367986; -0.40086261268032425 -0.3909245444367986 1.1770336197003284]
[1.5550143878171145 0.7719414779183646 0.7695870825079778; 0.7719414779183646 1.175123935998322 0.36465652205992755; 0.7695870825079778 0.36465652205992755 1.1933121505328343]
[1.5567578220382752 -0.7767539509101963 0.7660969540264932; -0.7767539509101963 1.1841028470971187 -0.3606908151172656; 0.7660969540264932 -0.3606908151172656 1.184029929349381]
[1.1770792933379757 -0.42478287754776883 -0.40900158889732535; -0.42478287754776883 1.2090716324794712 -0.3675511283403905; -0.40900158889732535 -0.3675511283403905 1.1981553349010916]
[1.1845153925435377 -0.4242322551166084 -0.4004354500453655; -0.4242322551166084 1.1983561691917113 -0.3703256015632168; -0.4004354500453655 -0.3703256015632168 1.194370664035186]
[1.1903260936489053 0.392270072461079 -0.40291501269716945; 0.392270072461079 1.1816460726043854 0.38768083367890877; -0.40291501269716945 0.38768083367890877 1.192077589252705]
[1.1822896483901897 0.3917661371526596 0.4021503428174703; 0.3917661371526596 1.186643919412167 -0.39230728041991764; 0.4021503428174703 -0.39230728041991764 1.1984905427118144]
[1.2075449293738554 -0.41504146265469344 0.4158972515748436; -0.41504146265469344 1.1884081782913138 0.36335189271212276; 0.4158972515748436 0.36335189271212276 1.1802570620129644]
[1.1892262792142179 0.3726707784969597 0.4032799951157939; 0.3726707784969597 1.1877213524242343 -0.40687277877048805; 0.4032799951157939 -0.40687277877048805 1.1874614051018775]
[1.1942329921179045 -0.42222759585278513 0.4064805944211422; -0.42222759585278513 1.2097326512312636 0.37778298120681764; 0.4064805944211422 0.37778298120681764 1.1844323637663607]
[1.1939141496475614 -0.4002506805649028 -0.40555377209487314; -0.4002506805649028 1.1913308232175537 -0.3808163411233591; -0.40555377209487314 -0.3808163411233591 1.1826809261694713]
[1.1898753875704944 0.40624755354706377 -0.40042549221434826; 0.40624755354706377 1.1975069785490853 0.38212720461692734; -0.40042549221434826 0.38212720461692734 1.1827457479540104]
[1.1909201882214182 0.39562056677887836 0.39685994660096297; 0.39562056677887836 1.1882616575819167 -0.39629305476596244; 0.39685994660096297 -0.39629305476596244 1.1906962503875531]
[1.1969867539721228 -0.39677505019279186 -0.40696769319875176; -0.39677505019279186 1.1877730018543493 -0.3922016287873076; -0.40696769319875176 -0.3922016287873076 1.1923474201495994]
[1.549142172352651 -0.7686252399309246 -0.7612311168792121; -0.7686252399309246 1.182134142859748 0.3906049601837757; -0.7612311168792121 0.3906049601837757 1.180389269382438]
[1.2021050877143276 0.40658169678131395 0.39757408146079687; 0.40658169678131395 1.1950371980513785 -0.39379802268402797; 0.39757408146079687 -0.39379802268402797 1.1820039734791212]
[1.1899059277090263 -0.40785825966160183 0.4043785528212652; -0.40785825966160183 1.1965222943777036 0.3778609372192213; 0.4043785528212652 0.3778609372192213 1.1851367981242789]
[1.584379052870109 0.7857179351305145 0.7881857795992666; 0.7857179351305145 1.1892869826339112 0.38741307652016427; 0.7881857795992666 0.38741307652016427 1.1814265032677216]
[1.1763960242749518 0.3405025783061164 0.4181988958804311; 0.3405025783061164 1.1774044046532797 -0.4174331361819924; 0.4181988958804311 -0.4174331361819924 1.2053618727389812]
[1.1974356135770499 0.37560946398320283 -0.41353509303752106; 0.37560946398320283 1.1784947784631605 0.3956461387948506; -0.41353509303752106 0.3956461387948506 1.1903787394806813]
[1.1897165684713058 0.40979112134737594 0.40238821546344705; 0.40979112134737594 1.1978662414557324 -0.3804952198318696; 0.40238821546344705 -0.3804952198318696 1.1865173575150738]
[1.1793212284985204 -0.4101541063146302 0.42234861790035866; -0.4101541063146302 1.1994437330684797 0.36840446704907653; 0.42234861790035866 0.36840446704907653 1.2048838315257142]
[1.1999508011452875 -0.4123805418017532 0.3912985310033497; -0.4123805418017532 1.202433823868607 0.3931613384343756; 0.3912985310033497 0.3931613384343756 1.175733205808473]
[1.1919750564433638 -0.3967381327124063 -0.38982658546027005; -0.3967381327124063 1.1898169601805408 -0.39346221071766535; -0.38982658546027005 -0.39346221071766535 1.1794189055881863]
[1.189239312945034 -0.41204861255982095 -0.3976581798566151; -0.41204861255982095 1.2003083257962301 -0.37414345514073505; -0.3976581798566151 -0.37414345514073505 1.175897722774134]
[1.1915180242041397 0.4107646900029743 0.4018641008695978; 0.4107646900029743 1.1917072755540508 -0.37964339803053554; 0.4018641008695978 -0.37964339803053554 1.1904635738497975]
[1.5662228027678744 -0.7811265882527101 -0.7807392456310827; -0.7811265882527101 1.1840180228810417 0.3756753147445302; -0.7807392456310827 0.3756753147445302 1.193102946155837]
[1.18695057527147 -0.39952990919824843 -0.38824975257143596; -0.39952990919824843 1.1964054835325353 -0.3998001694090726; -0.38824975257143596 -0.3998001694090726 1.1853686265404824]
[1.175229258260138 -0.4016391973338421 0.4130906139343825; -0.4016391973338421 1.196121448304975 0.3706249601568484; 0.4130906139343825 0.3706249601568484 1.1961776504213015]
[1.1862694122871347 0.3950689512226721 0.38943622033034214; 0.3950689512226721 1.1933891125330323 -0.396345529968099; 0.38943622033034214 -0.396345529968099 1.1823578009750098]
[1.1870920322204468 0.4108470284844342 0.41143134469357895; 0.4108470284844342 1.1979825301664173 -0.37699852776214815; 0.41143134469357895 -0.37699852776214815 1.1959915661752123]
[1.5641648093434322 0.7789679436306386 0.7708041691000503; 0.7789679436306386 1.1922486418848783 0.3599510758148077; 0.7708041691000503 0.3599510758148077 1.1754159846632704]
[1.191147739549742 -0.3953512469488956 -0.3976113617294365; -0.3953512469488956 1.188355123529319 -0.39586825902679507; -0.3976113617294365 -0.39586825902679507 1.1904326527865403]
[1.5667532116403606 -0.7829814345366104 0.7827260480553646; -0.7829814345366104 1.194810469067278 -0.39189300184800074; 0.7827260480553646 -0.39189300184800074 1.185374605557487]
[1.1939774166269517 -0.4255229670471416 -0.4028896589377929; -0.4255229670471416 1.2036831427965176 -0.37522385098615435; -0.4028896589377929 -0.37522385098615435 1.1879154216963372]
[1.1831448640762101 0.3578879001122767 0.4137970482065384; 0.3578879001122767 1.180415135324638 -0.4030042775454706; 0.4137970482065384 -0.4030042775454706 1.1932359952529528]
[1.18190155733061 -0.36219037689330813 -0.41981009613219694; -0.36219037689330813 1.1809554339616328 -0.4018190699893603; -0.41981009613219694 -0.4018190699893603 1.2028823651162779]
[1.1918437092783811 -0.41138138395133456 -0.39085709166036453; -0.41138138395133456 1.2021559538993458 -0.39252595749694114; -0.39085709166036453 -0.39252595749694114 1.1820033993167014]
[1.1958940917962564 0.3969533298556145 -0.4022904368809199; 0.3969533298556145 1.1850092488415158 0.38624051348428046; -0.4022904368809199 0.38624051348428046 1.1857524561032133]
[1.1902577502627893 -0.3926919257868055 -0.3958429375426806; -0.3926919257868055 1.1919725445918365 -0.3961417629346845; -0.3958429375426806 -0.3961417629346845 1.1835957846669392]
[1.1827003226524562 0.38357233732976437 -0.3958217191810693; 0.38357233732976437 1.1999507787751416 0.40400350091887405; -0.3958217191810693 0.40400350091887405 1.182117439966234]
[1.1826821647006702 -0.42339213535716413 0.4074116606642708; -0.42339213535716413 1.201281200140029 0.3712937281010595; 0.4074116606642708 0.3712937281010595 1.2006139444714041]
[1.5773341890699266 0.7816764413005258 0.7832969492755175; 0.7816764413005258 1.1866986728686881 0.38573462356320987; 0.7832969492755175 0.38573462356320987 1.1821348899212385]
[1.177969796407561 -0.39908325500922 0.4023398856849536; -0.39908325500922 1.1908811823330596 0.3797864341101666; 0.4023398856849536 0.3797864341101666 1.1938734526835126]
[1.1959439491134938 0.38801100954972945 -0.40197126250517845; 0.38801100954972945 1.1951660074941342 0.40015991299358605; -0.40197126250517845 0.40015991299358605 1.180361686401062]
[1.2000968204252946 -0.407189155563008 -0.40366122884463596; -0.407189155563008 1.19425400518905 -0.3851664014443215; -0.40366122884463596 -0.3851664014443215 1.182917014892715]
[1.183569443701515 -0.3918840193279109 -0.39977150096570924; -0.3918840193279109 1.198341455337781 -0.39482767694079784; -0.39977150096570924 -0.39482767694079784 1.1857954965414788]
[1.1879331502191743 -0.39785987883958196 -0.3954388289311004; -0.39785987883958196 1.1879719912154578 -0.39437893046412326; -0.3954388289311004 -0.39437893046412326 1.1928953911114215]
[1.1875808969692312 -0.39313055619895326 0.3979779960266796; -0.39313055619895326 1.1955683479699035 0.3913276070323097; 0.3979779960266796 0.3913276070323097 1.1805086451962228]
[1.1909567702409019 0.4164283012133312 0.4053258610155925; 0.4164283012133312 1.2051225295755312 -0.3785676875964499; 0.4053258610155925 -0.3785676875964499 1.185942148888966]
[1.1796159262566972 0.39840339255564494 -0.40519671898105303; 0.39840339255564494 1.1859013140222052 0.3797872310832033; -0.40519671898105303 0.3797872310832033 1.1993971643472614]
[1.196490919692402 0.3815475293573018 -0.4084687169421976; 0.3815475293573018 1.1847397424289232 0.4001793091845386; -0.4084687169421976 0.4001793091845386 1.1903093886347587]
[1.1913453983138584 0.39634313017653766 -0.3905323836419346; 0.39634313017653766 1.184045772965936 0.3961580343712816; -0.3905323836419346 0.3961580343712816 1.1888087306771087]
[1.1828098471083142 -0.38581061975109543 0.40097321202486946; -0.38581061975109543 1.2001575731895338 0.4049542098618653; 0.40097321202486946 0.4049542098618653 1.1900605413684326]
[1.1859466348635324 -0.40210285855506833 -0.40478531445251487; -0.40210285855506833 1.1913545877561482 -0.38068856207599944; -0.40478531445251487 -0.38068856207599944 1.1916615678094413]
[1.1763234915420973 -0.39332943708581436 -0.39639616999875393; -0.39332943708581436 1.2000964634524816 -0.39915989250049744; -0.39639616999875393 -0.39915989250049744 1.1936914406253436]
[1.175320326475098 0.3961881841489882 -0.3951914425170152; 0.3961881841489882 1.1905848239391248 0.3827858948803215; -0.3951914425170152 0.3827858948803215 1.1896941702039991]
[1.2122138584618094 0.42017736586288096 -0.4190189341332583; 0.42017736586288096 1.1783906459587 0.3497721721409862; -0.4190189341332583 0.3497721721409862 1.1808848441314364]
[1.1959188303330255 0.3992836201009694 0.3956671977649689; 0.3992836201009694 1.1823247015282115 -0.38841796343256957; 0.3956671977649689 -0.38841796343256957 1.1862939625839595]
[1.5729762417652633 0.7798431921549824 0.7818308877003213; 0.7798431921549824 1.1911613839339543 0.39687983459899207; 0.7818308877003213 0.39687983459899207 1.1789006507783149]
[1.5529424387446766 -0.7763964412064023 0.768043870249588; -0.7763964412064023 1.1818883018346302 -0.3875666054069985; 0.768043870249588 -0.3875666054069985 1.1911547554976043]
[1.193821531749339 -0.4100114642256721 0.3870301169981382; -0.4100114642256721 1.2077237585775642 0.4001707447299211; 0.3870301169981382 0.4001707447299211 1.17695624267214]
[1.5520228126588353 0.77514476032462 -0.7757721819374147; 0.77514476032462 1.1906541791495535 -0.3981100525148812; -0.7757721819374147 -0.3981100525148812 1.1897855087850884]
[1.1771230249257674 -0.3926496893065766 -0.39380507353123245; -0.3926496893065766 1.2033272325843505 -0.40327749098482507; -0.39380507353123245 -0.40327749098482507 1.1905098628398127]
[1.1874449903306359 -0.3765429370959091 0.4083664480264528; -0.3765429370959091 1.190927699239993 0.4027550752238672; 0.4083664480264528 0.4027550752238672 1.190749358501871]
[1.1840481126146936 -0.39996516422493017 -0.40136291516376527; -0.39996516422493017 1.1959273824923664 -0.38989797532133985; -0.40136291516376527 -0.38989797532133985 1.1924840736675868]
[1.1811011703166274 -0.39496296542883047 0.39776887942929845; -0.39496296542883047 1.1959283206494307 0.3908688121128162; 0.39776887942929845 0.3908688121128162 1.187792307462481]
[1.5467189732218254 -0.7589759740757555 -0.7603002238947344; -0.7589759740757555 1.1772842167914928 0.3389840197339349; -0.7603002238947344 0.3389840197339349 1.1784632748844022]
[1.1785628805815822 -0.3972788164608668 -0.39323969449633084; -0.3972788164608668 1.2021279930902347 -0.39307306378970064; -0.39323969449633084 -0.39307306378970064 1.1841632724180053]
[1.186920189334111 0.42185506948082513 0.3986944779119688; 0.42185506948082513 1.2077279844276316 -0.3806679926745182; 0.3986944779119688 -0.3806679926745182 1.1883741594803416]
[1.1983829895962843 0.41077331745291235 -0.40599747294496014; 0.41077331745291235 1.1964338090887905 0.3814223495823413; -0.40599747294496014 0.3814223495823413 1.1847576668299822]
[1.2039323299805138 -0.4123984756176337 -0.41093101127268344; -0.4123984756176337 1.191404866824017 -0.3772758219545794; -0.41093101127268344 -0.3772758219545794 1.1867624287707852]
[1.1827723087779032 0.38895089333162736 0.39638244776338044; 0.38895089333162736 1.186886663882414 -0.387357979849255; 0.39638244776338044 -0.387357979849255 1.1843140831700738]
[1.1840339615091502 -0.4017463907884485 0.41790923365812627; -0.4017463907884485 1.1981849537901186 0.3823480245100626; 0.41790923365812627 0.3823480245100626 1.2015846729173063]
[1.1908430086528352 0.40496316323858583 0.40027374144235717; 0.40496316323858583 1.1880903335356277 -0.38235958187639113; 0.40027374144235717 -0.38235958187639113 1.1899362573275554]
[1.1857010922113698 -0.39945406263666594 -0.4007042276123185; -0.39945406263666594 1.198852575686091 -0.39456202486093467; -0.4007042276123185 -0.39456202486093467 1.1913545858218504]
[1.1945665589226284 0.40692576651655693 0.399507037310123; 0.40692576651655693 1.2035261302048696 -0.39156286552851877; 0.399507037310123 -0.39156286552851877 1.181157887746261]
[1.19858520786991 -0.3988891741735904 -0.40666746297694817; -0.3988891741735904 1.1932986214891674 -0.3933652225035772; -0.40666746297694817 -0.3933652225035772 1.188232014139822]
[1.5594962111879342 0.7668013832291436 -0.7775953403933445; 0.7668013832291436 1.1796453092098775 -0.3614918519017519; -0.7775953403933445 -0.3614918519017519 1.1871997962538237]
[1.1970296166722976 -0.4014709933142061 -0.4022319381935684; -0.4014709933142061 1.1893237807087638 -0.3920202465937417; -0.4022319381935684 -0.3920202465937417 1.1905098004923993]
[1.1757765311198705 -0.41393100462557614 -0.4147269334999141; -0.41393100462557614 1.2006986559287185 -0.3672747787037928; -0.4147269334999141 -0.3672747787037928 1.2021938378007548]
[1.1979684146250644 -0.38743479385908663 -0.40090822962121325; -0.38743479385908663 1.185562816815178 -0.3909291299136501; -0.40090822962121325 -0.3909291299136501 1.1770754383545312]
[1.1833567420642088 0.39368797497769786 0.39815024130010834; 0.39368797497769786 1.1915888822296772 -0.39116213237600983; 0.39815024130010834 -0.39116213237600983 1.1892304764315287]
[1.1976696919350602 -0.39946368473604493 0.40989152067311646; -0.39946368473604493 1.1750523312822592 0.37827220840195525; 0.40989152067311646 0.37827220840195525 1.1962863893281204]
[1.557540948652249 -0.7774676604466644 0.7667355509999819; -0.7774676604466644 1.1845331082318833 -0.3614788378629567; 0.7667355509999819 -0.3614788378629567 1.1841348519048067]
[1.1769900909832385 -0.424619522053152 -0.4090104339198911; -0.424619522053152 1.2089740127891075 -0.36753554753991735; -0.4090104339198911 -0.36753554753991735 1.1981680174613263]
[1.184496366987239 -0.4242284073234166 -0.4004490098072443; -0.4242284073234166 1.1984025194075332 -0.37033036010963494; -0.4004490098072443 -0.37033036010963494 1.1943581649645647]
[1.1764056550257007 0.4216628110166162 -0.4164021007517524; 0.4216628110166162 1.2069655291486479 0.3688507487552404; -0.4164021007517524 0.3688507487552404 1.2067276936735563]
[1.1823600503986185 0.39189687776078835 0.40208360698102047; 0.39189687776078835 1.1865011757648067 -0.392114241193982; 0.40208360698102047 -0.392114241193982 1.1984344072384838]
[1.206465772446647 -0.4139323562950024 0.41595439532533446; -0.4139323562950024 1.1879355510361764 0.36418287186591286; 0.41595439532533446 0.36418287186591286 1.1815497984951222]
[1.1892358150549613 0.37269916603554154 0.4032622546004601; 0.37269916603554154 1.1877323190307576 -0.4068879324901704; 0.4032622546004601 -0.4068879324901704 1.1874658909054578]
[1.194232737434391 -0.42215901241302123 0.40650623090237076; -0.42215901241302123 1.2096236379680056 0.37777746012746216; 0.40650623090237076 0.37777746012746216 1.1844903026792952]
[1.1941246617455017 -0.40020443229082625 -0.4055700399842118; -0.40020443229082625 1.191222613668053 -0.3808537823360945; -0.4055700399842118 -0.3808537823360945 1.182584091717934]
[1.1899538034118573 0.40619231519630855 -0.4004426350745936; 0.40619231519630855 1.1973756236622295 0.3821544861391261; -0.4004426350745936 0.3821544861391261 1.1827851652931936]
[1.1908843170644536 0.3957094534368728 0.3968230036110156; 0.3957094534368728 1.188197142214859 -0.396173058408; 0.3968230036110156 -0.396173058408 1.1907286678926245]
[1.1965608076177632 -0.39677302485240334 -0.40750407408579764; -0.39677302485240334 1.1883711093374758 -0.39243829610140485; -0.40750407408579764 -0.39243829610140485 1.1929529566817743]
[1.1853274782475924 0.39560276953760065 -0.3969858962311917; 0.39560276953760065 1.1880341362785307 0.39092313580518506; -0.3969858962311917 0.39092313580518506 1.1913021146083125]
[1.2009884130963888 0.40673866807215736 -0.3983830494811383; 0.40673866807215736 1.1972921537883965 0.39450067518118925; -0.3983830494811383 0.39450067518118925 1.1825404128565062]
[1.1898105649725639 -0.4078298770756534 0.4044311012238342; -0.4078298770756534 1.1965344669524614 0.3778318078681553; 0.4044311012238342 0.3778318078681553 1.1852175869491584]
[1.5843676676468386 0.7856652023421562 0.7880133950491582; 0.7856652023421562 1.1891411956358648 0.3875270565204737; 0.7880133950491582 0.3875270565204737 1.1813566867332197]
[1.188989915135674 0.38998689155772975 0.39802635178049095; 0.38998689155772975 1.1866762791952856 -0.395036169173618; 0.39802635178049095 -0.395036169173618 1.1885266425847838]
[1.198106496679037 0.3748884436314874 -0.41654443043660966; 0.3748884436314874 1.177401301937923 0.3963878345588584; -0.41654443043660966 0.3963878345588584 1.1938631744933765]
[1.190007322587735 0.4095698228772634 0.40213083718606946; 0.4095698228772634 1.1978381537061393 -0.38079256725946203; 0.40213083718606946 -0.38079256725946203 1.1860562945710331]
[1.1794543529155184 -0.4104547286761767 0.42339581977513346; -0.4104547286761767 1.2010127493115326 0.3678036563331097; 0.42339581977513346 0.3678036563331097 1.2040156738975274]
[1.194223120838667 -0.4166042762645144 -0.39000841778268147; -0.4166042762645144 1.203582141892941 -0.3909260246169358; -0.39000841778268147 -0.3909260246169358 1.1810637087787754]
[1.1919497432505755 -0.39680104477619205 -0.3896828517491473; -0.39680104477619205 1.1898518492503494 -0.39360314441867633; -0.3896828517491473 -0.39360314441867633 1.1794693840262702]
[1.189493797843538 -0.41250138792497076 -0.3977693663584481; -0.41250138792497076 1.2001192694842384 -0.3730653825316087; -0.3977693663584481 -0.3730653825316087 1.1753515030207446]
[1.1914800951579674 0.41068135769454783 0.40180602095505796; 0.41068135769454783 1.1916514256233373 -0.3796875526251786; 0.40180602095505796 -0.3796875526251786 1.1904575075792188]
[1.566384028956483 -0.7812734478077227 -0.7809290389338578; -0.7812734478077227 1.1840772823788988 0.3759307764899803; -0.7809290389338578 0.3759307764899803 1.1932126907583847]
[1.1870290195012083 -0.3995615621986088 -0.3883206711769191; -0.3995615621986088 1.196452940399909 -0.39969316175312714; -0.3883206711769191 -0.39969316175312714 1.1852379475180925]
[1.1895928823366124 -0.38802637679274027 0.3940928484885883; -0.38802637679274027 1.1877249748304655 0.3998693566865558; 0.3940928484885883 0.3998693566865558 1.1858646117358629]
[1.186003476039671 0.39460176999838453 0.3902718799379495; 0.39460176999838453 1.1935832431056494 -0.39575509652798196; 0.3902718799379495 -0.39575509652798196 1.1822092411709781]
[1.1942976754970835 0.4087037421145548 0.40672027926496823; 0.4087037421145548 1.190303815260287 -0.3716966227964054; 0.40672027926496823 -0.3716966227964054 1.1840824214189016]
[1.1864800396491875 0.4109133251081189 0.4115766958465733; 0.4109133251081189 1.1981777704476766 -0.37672213726341264; 0.4115766958465733 -0.37672213726341264 1.1963741605617038]
[1.564190988534841 0.7789958806624616 0.77083951007475; 0.7789958806624616 1.192287486539776 0.3599917397530117; 0.77083951007475 0.3599917397530117 1.1754129005993574]
[1.1911503198999291 -0.3953492473622299 -0.39763228609755735; -0.3953492473622299 1.1883252628037606 -0.3958457465543794; -0.39763228609755735 -0.3958457465543794 1.190456381408354]
[1.56675981673482 -0.7829848375450099 0.7827307790755776; -0.7829848375450099 1.1948049264016865 -0.3918931086458441; 0.7827307790755776 -0.3918931086458441 1.1853815422517984]
[1.193369364594202 -0.4254196825566981 -0.40267957802903487; -0.4254196825566981 1.2040945909479204 -0.3752724424443674; -0.40267957802903487 -0.3752724424443674 1.1878525428766922]
[1.1830886799459943 0.3578252267994204 0.4138516569710687; 0.3578252267994204 1.180438590340194 -0.40297767127521567; 0.4138516569710687 -0.40297767127521567 1.193237840069314]
[1.1820652823395152 -0.36170404344567497 -0.4205178965402493; -0.36170404344567497 1.18041438824897 -0.4014765088083728; -0.4205178965402493 -0.4014765088083728 1.2031659538084536]
[1.19171292972394 -0.411117803500047 -0.39091431901128854; -0.411117803500047 1.2021039503540336 -0.39267066238932935; -0.39091431901128854 -0.39267066238932935 1.1821205509873856]
[1.189274810843716 -0.392461980588283 -0.39573152694318703; -0.392461980588283 1.1933037696870634 -0.397009524922916; -0.39573152694318703 -0.397009524922916 1.1837772847079837]
[1.1826842170258582 0.3836050608925519 -0.3957970863006093; 0.3836050608925519 1.1999887714503517 0.4040646293581178; -0.3957970863006093 0.4040646293581178 1.182163933890807]
[1.18265699599794 -0.4233741715344438 0.40740805700701005; -0.4233741715344438 1.201296767971485 0.3713277851423515; 0.40740805700701005 0.3713277851423515 1.2006353798536158]
[1.5759275855917831 0.7807560412906158 0.7827956847116156; 0.7807560412906158 1.1866288446758873 0.38558492486082896; 0.7827956847116156 0.38558492486082896 1.1821974090940008]
[1.1846929442413072 -0.4143009030053804 -0.4143738736311327; -0.4143009030053804 1.1992172741423015 -0.3742140970662409; -0.4143738736311327 -0.3742140970662409 1.2011434950403181]
[1.1779934893707222 -0.39896483652671916 0.40230767578812177; -0.39896483652671916 1.1907899236986768 0.37984782429937924; 0.40230767578812177 0.37984782429937924 1.1938479666235071]
[1.1958077790516455 0.38795656725082966 -0.40202408094813036; 0.38795656725082966 1.1953423888469112 0.4001477061442962; -0.40202408094813036 0.4001477061442962 1.1803101775940479]
[1.2062814408650506 -0.41063123136142266 -0.4060728141520261; -0.41063123136142266 1.1962440239002203 -0.38523410466777186; -0.4060728141520261 -0.38523410466777186 1.1807588371499615]
[1.1835851027044344 -0.3918786672298004 -0.3997688082418039; -0.3918786672298004 1.1983200443790085 -0.39485973286778786; -0.3997688082418039 -0.39485973286778786 1.1858245509705079]
[1.187956246176813 -0.3978525635485566 -0.3954489771659713; -0.3978525635485566 1.1879929401210794 -0.39440106029306615; -0.3954489771659713 -0.39440106029306615 1.1928759539959668]
[1.2060294831913794 -0.4138142650121809 -0.4183946223027097; -0.4138142650121809 1.1802420156633016 -0.35893504178718166; -0.4183946223027097 -0.35893504178718166 1.1869643639085656]
[1.1902241785859744 0.4159153406267207 0.4049700806036751; 0.4159153406267207 1.2049216709529131 -0.3785964179174138; 0.4049700806036751 -0.3785964179174138 1.186025370152597]
[1.1919810562358577 0.3924681125804286 0.40869067771643436; 0.3924681125804286 1.1824661505918086 -0.3916296054905101; 0.40869067771643436 -0.3916296054905101 1.1995393350489625]
[1.1973431521220124 0.38712837003599926 -0.40660860938741566; 0.38712837003599926 1.1864731310162497 0.3967392253235449; -0.40660860938741566 0.3967392253235449 1.1879041185740813]
[1.191258866284661 0.39648090063162056 0.4038362396208242; 0.39648090063162056 1.184505522189499 -0.3918472957243455; 0.4038362396208242 -0.3918472957243455 1.1975577855661728]
[1.1828586131248462 -0.38581754478959496 0.4008384730952548; -0.38581754478959496 1.200118653209336 0.4051188637918461; 0.4008384730952548 0.4051188637918461 1.1900860585331885]
[1.1849808282300838 -0.40201425125744894 -0.40451037638408666; -0.40201425125744894 1.191735660846963 -0.3805397203583201; -0.40451037638408666 -0.3805397203583201 1.1917505661326975]
[1.1762267541845266 -0.3932080934095309 -0.3964158076040624; -0.3932080934095309 1.1999291455735601 -0.3991981667745472; -0.3964158076040624 -0.3991981667745472 1.1938921067549673]
[1.1752844645349898 0.3961860380063499 -0.395171517357355; 0.3961860380063499 1.1906079293850047 0.3827820640327344; -0.395171517357355 0.3827820640327344 1.1896818797044892]
[1.2121272082410004 0.4201822740905725 -0.41894604589213646; 0.4201822740905725 1.1785864351670923 0.34969806074837045; -0.41894604589213646 0.34969806074837045 1.1806357119965625]
[1.1955764284877408 0.39931726181538696 0.39577318009261403; 0.39931726181538696 1.1823128560317726 -0.3882713208951888; 0.39577318009261403 -0.3882713208951888 1.186641045214032]
[1.1853609420164573 0.3946316958679664 -0.39734604617882907; 0.3946316958679664 1.1884463654310802 0.39098487693926354; -0.39734604617882907 0.39098487693926354 1.1903066806893323]
[1.5668810312539387 0.7824469852208717 -0.7819487831611993; 0.7824469852208717 1.1903946258406863 -0.38210849093041993; -0.7819487831611993 -0.38210849093041993 1.188412677798411]
[1.5529912381270012 -0.7763471408758358 0.7680532613083942; -0.7763471408758358 1.181853460923356 -0.38757051660953723; 0.7680532613083942 -0.38757051660953723 1.1910997020004706]
[1.1890140174658446 -0.3975822602871251 -0.4002457815029851; -0.3975822602871251 1.193065883035539 -0.39618422480824794; -0.4002457815029851 -0.39618422480824794 1.193054143968058]
[1.5529161483203262 0.7758545476196331 0.7764492480618485; 0.7758545476196331 1.1909124020355302 0.37731804188629; 0.7764492480618485 0.37731804188629 1.1900040187410836]
[1.1775644577223483 -0.39338538566934217 -0.39332979713379934; -0.39338538566934217 1.2043564521813293 -0.4041582679555453; -0.39332979713379934 -0.4041582679555453 1.190182935186009]
[1.1797377759066818 -0.3798282072508616 0.4011786451216458; -0.3798282072508616 1.1998274517084038 0.40758135554338987; 0.4011786451216458 0.40758135554338987 1.1904385323418134]
[1.1841725810689296 -0.3996822129058576 -0.4013599189770748; -0.3996822129058576 1.1962999402282932 -0.39107557043733565; -0.4013599189770748 -0.39107557043733565 1.192865984915491]
[1.1805726511082497 -0.3948374152140996 0.3975952126663886; -0.3948374152140996 1.1959355422730353 0.3908190804010067; 0.3975952126663886 0.3908190804010067 1.1879705829919394]
[1.5473282869424612 -0.7593352780627314 -0.7609242921899639; -0.7593352780627314 1.177238621735921 0.33961753265824096; -0.7609242921899639 0.33961753265824096 1.1788396550198956]
[1.17772753488358 -0.39681740880280575 -0.3937292277216743; -0.39681740880280575 1.2037055112781472 -0.3940667697342559; -0.3937292277216743 -0.3940667697342559 1.184461320404956]
[1.1832542682569593 0.4037387634487945 0.40014759901633934; 0.4037387634487945 1.1969327560977185 -0.37988063239826325; 0.40014759901633934 -0.37988063239826325 1.1850180262341035]
[1.1971417059793337 0.41092374338201204 -0.4030666585196206; 0.41092374338201204 1.1948610394986068 0.381256719898282; -0.4030666585196206 0.381256719898282 1.1845874819559055]
[1.1998350993958464 -0.4096145100570491 -0.4092550409078454; -0.4096145100570491 1.1909009405567377 -0.3786385810708269; -0.4092550409078454 -0.3786385810708269 1.1881906948518834]
[1.197571779171121 0.40189947731426445 -0.3954678544018753; 0.40189947731426445 1.1859410978306169 0.392241658501625; -0.3954678544018753 0.392241658501625 1.1872398513317557]
[1.184068756145915 -0.40176949709849413 0.4178765727566822; -0.40176949709849413 1.1981782356687867 0.3823436955136702; 0.4178765727566822 0.3823436955136702 1.201540892938492]
[1.1909009089233824 0.4049772667824052 0.4004124404663222; 0.4049772667824052 1.1882544684228529 -0.38237145108949855; 0.4004124404663222 -0.38237145108949855 1.1898785432627847]
[1.1856757500807855 -0.39941647658240936 -0.4006734275249488; -0.39941647658240936 1.1988622362949037 -0.3946517664011317; -0.4006734275249488 -0.3946517664011317 1.191390957563983]
[1.194548390069124 0.4068817947069567 0.3995166544576445; 0.4068817947069567 1.2035289890574086 -0.3915723505553918; 0.3995166544576445 -0.3915723505553918 1.1811482267604574]
[1.1987033355195964 -0.3985328682241151 -0.4070039193047941; -0.3985328682241151 1.192958037960697 -0.3934414575084178; -0.4070039193047941 -0.3934414575084178 1.1885126010172635]
[1.1825598788187832 0.393717120199087 -0.39427155923258256; 0.393717120199087 1.196692674541273 0.39597166379543974; -0.39427155923258256 0.39597166379543974 1.1858755873279916]
[1.1970761624035764 -0.401534050491956 -0.40220400545972357; -0.401534050491956 1.1893211784412974 -0.3919979833802851; -0.40220400545972357 -0.3919979833802851 1.190478988718589]
[1.1757429497134146 -0.4139602703931688 -0.41467801715976127; -0.4139602703931688 1.2007722987939697 -0.36727735987006405; -0.41467801715976127 -0.36727735987006405 1.202137475196897]
[1.1980051103292801 -0.387442191020843 -0.40095446560621; -0.387442191020843 1.185540557488116 -0.3909325910363499; -0.40095446560621 -0.3909325910363499 1.1771176004376842]
[1.1836848464341925 0.39399433710299436 0.39791169444999; 0.39399433710299436 1.1914867222051493 -0.3918636885027103; 0.39791169444999 -0.3918636885027103 1.189760866895238]
[1.1975188107272636 -0.39964652697887415 0.40998221909064314; -0.39964652697887415 1.1752257868812785 0.3781958506673776; 0.40998221909064314 0.3781958506673776 1.196465342792629]
[1.5583260078582943 -0.7781700653264008 0.7673760066225989; -0.7781700653264008 1.184930257587619 -0.3622627151783566; 0.7673760066225989 -0.3622627151783566 1.184262493830767]
[1.1769040407556262 -0.4244525938690824 -0.4090233871601008; -0.4244525938690824 1.208873673737744 -0.367521580710883; -0.4090233871601008 -0.367521580710883 1.1981822139353517]
[1.18447700570261 -0.42422472231478 -0.40046252841501606; -0.42422472231478 1.198448977367579 -0.37033491335658636; -0.40046252841501606 -0.37033491335658636 1.1943458390967958]
[1.1824445543194892 0.39203310914432493 0.40200395516926035; 0.39203310914432493 1.1863556096292585 -0.39192640519592087; 0.40200395516926035 -0.39192640519592087 1.1983645230781226]
[1.205288196301225 -0.4127351189252912 0.41599651392590586; -0.4127351189252912 1.1872478262560737 0.364915729500981; 0.41599651392590586 0.364915729500981 1.1829577430114564]
[1.1892451917585438 0.3727284062712296 0.4032459137574521; 0.3727284062712296 1.1877439051568488 -0.4069009652411633; 0.4032459137574521 -0.4069009652411633 1.1874700123560622]
[1.1942321888408847 -0.422093791220369 0.4065309492451023; -0.422093791220369 1.2095185409109352 0.3777721158905891; 0.4065309492451023 0.3777721158905891 1.184547388835529]
[1.194330223839043 -0.4001555961683995 -0.4055864300128406; -0.4001555961683995 1.191114432416427 -0.3808922721009586; -0.4055864300128406 -0.3808922721009586 1.1824908370326312]
[1.1900350078249657 0.40613814544663357 -0.40045678336410057; 0.40613814544663357 1.1972446356403221 0.3821839690448018; -0.40045678336410057 0.3821839690448018 1.1828216488249859]
[1.1908408350838418 0.3958206393900839 0.3967616552951478; 0.3958206393900839 1.1881169868404244 -0.3960266585676004; 0.3967616552951478 -0.3960266585676004 1.1907559323115628]
[1.201133282394853 -0.39703662025125297 -0.41609899560758573; -0.39703662025125297 1.1889633487760185 -0.390256122290503; -0.41609899560758573 -0.390256122290503 1.1946278498072331]
[1.2003910378332014 0.4073717889469447 -0.3987719846027898; 0.4073717889469447 1.1986945268575686 0.3948220251266026; -0.3987719846027898 0.3948220251266026 1.1830893491190877]
[1.1897164355787304 -0.4078004412785427 0.40448207656251284; -0.4078004412785427 1.196544886796831 0.37780493458734715; 0.40448207656251284 0.37780493458734715 1.1852984267708455]
[1.584321290267051 0.7856084527641757 0.7878350910780892; 0.7856084527641757 1.1890156387121236 0.387627455114615; 0.7878350910780892 0.387627455114615 1.1812919739897387]
[1.1859343765685488 0.3845608277384262 0.39943630416840675; 0.3845608277384262 1.1974700510329712 -0.4052213563263991; 0.39943630416840675 -0.4052213563263991 1.1871097949171314]
[1.1977970649116976 0.3746688625926182 -0.418508433323045; 0.3746688625926182 1.1776162266734225 0.3976836629958301; -0.418508433323045 0.3976836629958301 1.197013049774105]
[1.1902598113366925 0.40934032458916036 0.40188005789068093; 0.40934032458916036 1.1977613807853509 -0.3810665514605605; 0.40188005789068093 -0.3810665514605605 1.1856585381902076]
[1.1799624963246467 -0.41168990768526026 0.4245033829575886; -0.41168990768526026 1.2033248420658895 0.3670395660807554; 0.4245033829575886 0.3670395660807554 1.202901523452903]
[1.1993010778713011 -0.41012231399457477 0.3995674858665764; -0.41012231399457477 1.2009675312636028 0.3905078499011534; 0.3995674858665764 0.3905078499011534 1.1811882658057922]
[1.1919107430315399 -0.3968566193803278 -0.389543069782779; -0.3968566193803278 1.1898882012377272 -0.3937471912389974; -0.389543069782779 -0.3937471912389974 1.179531745528152]
[1.1914431728028954 0.41059342537964194 0.4017510689634037; 0.41059342537964194 1.1915932111130907 -0.3797337658638968; 0.4017510689634037 -0.3797337658638968 1.1904532992792352]
[1.5665460222504883 -0.781420479905991 -0.781120968200865; -0.781420479905991 1.1841370883549085 0.3761889078867228; -0.781120968200865 0.3761889078867228 1.1933234260886272]
[1.187089363736256 -0.39957595845653576 -0.3883914645473695; -0.39957595845653576 1.1964698889503098 -0.3995748246790375; -0.3883914645473695 -0.3995748246790375 1.1851271118817943]
[1.1814242642839154 -0.4032328313300834 0.41846333114788886; -0.4032328313300834 1.1999185952400213 0.3691688558143674; 0.41846333114788886 0.3691688558143674 1.1917905865460279]
[1.1858063204707128 0.3941184413341265 0.39114974802381397; 0.3941184413341265 1.1937105358531708 -0.39516002603342343; 0.39114974802381397 -0.39516002603342343 1.1820818254620984]
[1.1934786537571487 0.40820103192665275 0.4049202903940176; 0.40820103192665275 1.191387062141377 -0.37573535205396014; 0.4049202903940176 -0.37573535205396014 1.1854386095710294]
[1.1859623186857942 0.41105710579672516 0.4117728265173979; 0.41105710579672516 1.1984368008762114 -0.37644437430246164; 0.4117728265173979 -0.37644437430246164 1.1967280035156556]
[1.5642186250833416 0.7790238891884945 0.7708758662266298; 0.7790238891884945 1.1923249290374889 0.3600332886445624; 0.7708758662266298 0.3600332886445624 1.1754107840616752]
[1.1911563358088346 -0.395342111607394 -0.3976625185605228; -0.395342111607394 1.1882918751142753 -0.3958216139240778; -0.3976625185605228 -0.3958216139240778 1.190482766728701]
[1.566770380109591 -0.7829909495159716 0.7827379083039282; -0.7829909495159716 1.1948000008635675 -0.3918947150886921; 0.7827379083039282 -0.3918947150886921 1.1853889697470903]
[1.192767430155041 -0.4253144534925426 -0.40248525640887306; -0.4253144534925426 1.2044994647305796 -0.3753212966042178; -0.40248525640887306 -0.3753212966042178 1.1878047767734552]
[1.1830307709974073 0.35775800139433156 0.4139098554859843; 0.35775800139433156 1.1804592288031637 -0.402950971357178; 0.4139098554859843 -0.402950971357178 1.1932433779392042]
[1.1822293207460215 -0.3611174801007323 -0.4213340669503318; -0.3611174801007323 1.1797910457181218 -0.4010671327840207; -0.4213340669503318 -0.4010671327840207 1.2034791634571205]
[1.1915885810729927 -0.4108982739080501 -0.39095370715544553; -0.4108982739080501 1.202078765460434 -0.392811674579941; -0.39095370715544553 -0.392811674579941 1.182227755436708]
[1.1909103151178437 -0.39317169837309135 -0.39590513234713914; -0.39317169837309135 1.1907393076578991 -0.39641361633057537; -0.39590513234713914 -0.39641361633057537 1.1849751464902862]
[1.1826686266754702 0.3836216689807856 -0.3957786472362529; 0.3836216689807856 1.2000156423729613 0.4041150845812185; -0.3957786472362529 0.4041150845812185 1.1822008051748598]
[1.1826312961293035 -0.42335683516770634 0.4074036802863429; -0.42335683516770634 1.201313856909463 0.37136246174363563; 0.4074036802863429 0.37136246174363563 1.200656310378931]
[1.5734490760571251 0.7794199076925924 0.7819613484653276; 0.7794199076925924 1.186701202652851 0.38511620536690444; 0.7819613484653276 0.38511620536690444 1.1824478672624066]
[1.1818886496072043 -0.4141297852092118 -0.4129670602647602; -0.4141297852092118 1.1978970236738429 -0.37332355531819994; -0.4129670602647602 -0.37332355531819994 1.2028707771163571]
[1.1780163666405659 -0.39884411648307727 0.4022767879389469; -0.39884411648307727 1.1906945785846186 0.3799073200009444; 0.4022767879389469 0.3799073200009444 1.1938246069566416]
[1.1956769053171872 0.3878961752356856 -0.4020786137326948; 0.3878961752356856 1.1955133056688443 0.4001418763750846; -0.4020786137326948 0.4001418763750846 1.1802611749604799]
[1.5540596889977047 -0.7661775493525381 -0.7631931755878057; -0.7661775493525381 1.1767443891369047 0.3480915686223493; -0.7631931755878057 0.3480915686223493 1.1811405799093926]
[1.2096479995204221 -0.40947962908197644 -0.4083682885560767; -0.40947962908197644 1.190468815746444 -0.38575672224636526; -0.4083682885560767 -0.38575672224636526 1.1848279421804249]
[1.1836024834634313 -0.39187278586412144 -0.3997665128316934; -0.39187278586412144 1.1982979656260488 -0.39489049038184637; -0.3997665128316934 -0.39489049038184637 1.1858511388550061]
[1.1879801391336398 -0.39784480503244596 -0.3954592435494935; -0.39784480503244596 1.1880137923138407 -0.39442424562242745; -0.3954592435494935 -0.39442424562242745 1.1928565413396288]
[1.205418711553511 -0.41281823228354114 -0.4181316962973963; -0.41281823228354114 1.182372179575468 -0.3621451707778016; -0.4181316962973963 -0.3621451707778016 1.1872720288530143]
[1.18949621288049 0.4153044281243828 0.4046831961730891; 0.4153044281243828 1.2045462896213877 -0.3786242647028053; 0.4046831961730891 -0.3786242647028053 1.186246603007682]
[1.176519537442773 0.39807656995573526 -0.40702440780336285; 0.39807656995573526 1.1846683775523692 0.37890328078786284; -0.40702440780336285 0.37890328078786284 1.204511589302443]
[1.1978185926398806 0.39097245739979314 0.39649436741861; 0.39097245739979314 1.1869997112009587 -0.39948802343079737; 0.39649436741861 -0.39948802343079737 1.1833572870872289]
[1.1912123615764474 0.3966208223468871 0.4032304527986227; 0.3966208223468871 1.1849918175331398 -0.3921572649811497; 0.4032304527986227 -0.3921572649811497 1.1969539042231419]
[1.1830032272323734 -0.385862921247614 0.4006790779398109; -0.385862921247614 1.1999885940816766 0.40526192075806416; 0.4006790779398109 0.40526192075806416 1.190097115077123]
[1.183846343181246 -0.40189205027445546 -0.4046305501598069; -0.40189205027445546 1.192370293773123 -0.38014774681020874; -0.4046305501598069 -0.38014774681020874 1.1918889389940628]
[1.176143629619988 -0.3930929892150689 -0.3964407514651181; -0.3930929892150689 1.1997597880458577 -0.3992429487143241; -0.3964407514651181 -0.3992429487143241 1.194099110908722]
[1.1752485758284048 0.39618442622445915 -0.3951515218722784; 0.39618442622445915 1.1906319936328433 0.3827784123886307; -0.3951515218722784 0.3827784123886307 1.1896692999570022]
[1.2119155322707562 0.42002318449732345 -0.4187902056789432; 0.42002318449732345 1.178783501249364 0.35011726166848656; -0.4187902056789432 0.35011726166848656 1.1807316925289304]
[1.195124032254052 0.3994315318061733 0.3958924428253986; 0.3994315318061733 1.1823647944216522 -0.3880353935805009; 0.3958924428253986 -0.3880353935805009 1.1870395443350712]
[1.19445589162892 0.40585971004223487 0.4054045819736483; 0.40585971004223487 1.187079943452873 -0.3845218109263771; 0.4054045819736483 -0.3845218109263771 1.1955426542873113]
[1.5523447571872337 -0.7640064149489293 0.7665845047715116; -0.7640064149489293 1.1775704913270628 -0.3516654293484404; 0.7665845047715116 -0.3516654293484404 1.1830478012267707]
[1.5530860779643105 -0.776376811064721 0.768102886886254; -0.776376811064721 1.1818725432992494 -0.3875973818397952; 0.768102886886254 -0.3875973818397952 1.1910627448582567]
[1.196050744776122 -0.4116555453883283 -0.39978919508516836; -0.4116555453883283 1.2038779928413583 -0.38986290644016786; -0.39978919508516836 -0.38986290644016786 1.1826878794337996]
[1.553816642972911 0.7765676681598961 0.7766524210672141; 0.7765676681598961 1.1911705724235482 0.3776048060020255; 0.7766524210672141 0.3776048060020255 1.189745282970061]
[1.178398760368964 -0.39418308019923853 -0.39279846926984513; -0.39418308019923853 1.204594732845233 -0.40445537527238884; -0.39279846926984513 -0.40445537527238884 1.1896664133684274]
[1.1796644474352826 -0.37848580655418634 -0.3935346926410437; -0.37848580655418634 1.1987160080663803 -0.40570782482986684; -0.3935346926410437 -0.40570782482986684 1.1808603977871104]
[1.1848393799497148 -0.3995520203665382 -0.4018914839604704; -0.3995520203665382 1.196315221422816 -0.3917269754343998; -0.4018914839604704 -0.3917269754343998 1.1932290077684817]
[1.1800477463539825 -0.3947332939491308 0.3974152550806907; -0.3947332939491308 1.1959519742030351 0.39077531383015107; 0.3974152550806907 0.39077531383015107 1.1881572803802642]
[1.5479178375743745 -0.7596881716828382 -0.7615253631540216; -0.7596881716828382 1.1772045209589035 0.34022700862654864; -0.7615253631540216 0.34022700862654864 1.1791971684842328]
[1.1767462365420565 -0.396056188098912 -0.394145586247567; -0.396056188098912 1.2049592219406202 -0.3950936538724042; -0.394145586247567 -0.3950936538724042 1.1848910817810685]
[1.183306286211468 0.39309956406115965 0.39995602968776395; 0.39309956406115965 1.1810378870692513 -0.3789866797412086; 0.39995602968776395 -0.3789866797412086 1.1891002788444127]
[1.1934691334152165 0.4110333176018867 -0.39915167181616473; 0.4110333176018867 1.1968165210951751 0.3802255132846303; -0.39915167181616473 0.3802255132846303 1.181488009129559]
[1.1970435404339372 -0.40818077678456555 -0.4079918895132632; -0.40818077678456555 1.1909312654907045 -0.3782863225056643; -0.4079918895132632 -0.3782863225056643 1.1878872650136192]
[1.1874631730573104 0.3927158021437169 0.4009096979112752; 0.3927158021437169 1.1883525152070968 -0.395899522850855; 0.4009096979112752 -0.395899522850855 1.1948330421888695]
[1.1841034365421366 -0.4017934321651004 0.4178432397849868; -0.4017934321651004 1.1981722148944196 0.3823388818403077; 0.4178432397849868 0.3823388818403077 1.2014962111692273]
[1.1907691225882595 0.404887553379572 0.4001440590288427; 0.404887553379572 1.1878993134028952 -0.382358129683691; 0.4001440590288427 -0.382358129683691 1.1899941956167257]
[1.185655789050311 -0.39938188816213444 -0.4006474361287444; -0.39938188816213444 1.1988663861287365 -0.39473486003298863; -0.4006474361287444 -0.39473486003298863 1.1914286377055887]
[1.1945288573637551 0.4068359914284689 0.3995240964321696; 0.4068359914284689 1.203532262157484 -0.39158230416160184; 0.3995240964321696 -0.39158230416160184 1.1811359622479312]
[1.1988079600786214 -0.3981492692478929 -0.40734525022592705; -0.3981492692478929 1.1926169557733395 -0.3935488722947665; -0.40734525022592705 -0.3935488722947665 1.188816157184214]
[1.1887036454481623 0.3932902074915859 0.3960748783575523; 0.3932902074915859 1.1911762276028515 -0.3985430240723072; 0.3960748783575523 -0.3985430240723072 1.1891425195781486]
[1.1971220728657415 -0.4015958959706744 -0.4021768379282072; -0.4015958959706744 1.1893177998342193 -0.39197502784413324; -0.4021768379282072 -0.39197502784413324 1.1904484533337023]
[1.1757101869196025 -0.41398840455143976 -0.41463165830289594; -0.41398840455143976 1.200843130676075 -0.36727803009905186; -0.41463165830289594 -0.36727803009905186 1.2020827034578054]
[1.198040025615466 -0.38745203817327817 -0.400999364818253; -0.38745203817327817 1.1855210668635967 -0.39093859076395754; -0.400999364818253 -0.39093859076395754 1.17716232319195]
[1.1849127644468609 0.40484152262760015 -0.4143405729463611; 0.40484152262760015 1.1955501187145219 0.37617259641786505; -0.4143405729463611 0.37617259641786505 1.1966878663956546]
[1.1839207599191437 0.3942267375017812 0.3976815184014823; 0.3942267375017812 1.1915483419246535 -0.3926884521493624; 0.3976815184014823 -0.3926884521493624 1.1902791115555607]
[1.1973649218637628 -0.39983530634759684 0.41007157972969904; -0.39983530634759684 1.175402678114807 0.37811772017047784; 0.41007157972969904 0.37811772017047784 1.196646980765241]
[1.5591079680982973 -0.7788614887347625 0.7680135823882954; -0.7788614887347625 1.1852958619324296 -0.36304216717178306; 0.7680135823882954 -0.36304216717178306 1.184411956818604]
[1.1768206062947655 -0.4242859192792593 -0.40903971628285296; -0.4242859192792593 1.208774272172492 -0.3675089321736537; -0.40903971628285296 -0.3675089321736537 1.1981978365357229]
[1.1844587466241145 -0.4242215466605556 -0.40047651506716814; -0.4242215466605556 1.1984949304373875 -0.3703398079975352; -0.40047651506716814 -0.3703398079975352 1.1943342313865823]
[1.1953478035646194 0.3997215008329907 -0.4031996185280346; 0.3997215008329907 1.1882894963198785 0.3856779691331893; -0.4031996185280346 0.3856779691331893 1.1861438326283238]
[1.182531807004784 0.3921736696732159 0.4019356010922335; 0.3921736696732159 1.1862213323269823 -0.39173612874379166; 0.4019356010922335 -0.39173612874379166 1.19829391377676]
[1.2041400871185142 -0.41154662869701325 0.41607037618245585; -0.41154662869701325 1.1863901769206944 0.36546410321546163; 0.41607037618245585 0.36546410321546163 1.18436998628514]
[1.189252476509638 0.37275044396140883 0.4032320182234405; 0.37275044396140883 1.1877527198577633 -0.406915386603215; 0.4032320182234405 -0.406915386603215 1.1874758417880171]
[1.194232530720805 -0.4220283726530757 0.4065561030229589; -0.4220283726530757 1.2094139665229602 0.37776743596603646; 0.4065561030229589 0.37776743596603646 1.1846039600814093]
[1.1945373363671354 -0.4001068007864934 -0.40560415880862183; -0.4001068007864934 1.1910032504426062 -0.3809305248338609; -0.40560415880862183 -0.3809305248338609 1.1824002303678647]
[1.1901178390105427 0.40608452891414837 -0.4004715668078498; 0.40608452891414837 1.1971138417503873 0.38221328036963875; -0.4004715668078498 0.38221328036963875 1.1828573547784347]
[1.1907802685454554 0.39594782593249866 0.39666906350079867; 0.39594782593249866 1.1880193867647502 -0.39585664384181557; 0.39666906350079867 -0.39585664384181557 1.1907790317781206]
[1.2010823810757385 -0.3974126011981175 0.3878087509238148; -0.3974126011981175 1.1898944146442003 0.4005708096306662; 0.3878087509238148 0.4005708096306662 1.1761487006785902]
[1.1882844988351458 -0.39421287640105274 -0.39624640134013667; -0.39421287640105274 1.191540531209917 -0.3986185840650428; -0.39624640134013667 -0.3986185840650428 1.1903609771252195]
[1.200146537741087 0.40744072599763004 0.39382291515498685; 0.40744072599763004 1.198965706723402 -0.39576252898302167; 0.39382291515498685 -0.39576252898302167 1.1791250279065963]
[1.1896238971177397 -0.4077753037616809 0.4045339213779593; -0.4077753037616809 1.1965559904571077 0.37777769100136493; 0.4045339213779593 0.37777769100136493 1.1853818659884874]
[1.5842573338349195 0.7855485554995316 0.7876288844350585; 0.7855485554995316 1.1888906829649795 0.38773568495114974; 0.7876288844350585 0.38773568495114974 1.1812132417277377]
[1.1896313083747603 0.39856384902834163 0.3837013542939925; 0.39856384902834163 1.1818319980936562 -0.3943738638621794; 0.3837013542939925 -0.3943738638621794 1.1864764053686105]
[1.1968689558768 0.37489672906950755 -0.4196022904105782; 0.37489672906950755 1.17875147505348 0.3991448667805392; -0.4196022904105782 0.3991448667805392 1.1995906925874198]
[1.190482636394894 0.4091032715282978 0.40163935714194715; 0.4091032715282978 1.1976436417098655 -0.3813196917114824; 0.40163935714194715 -0.3813196917114824 1.1853142187973684]
[1.18081411579032 -0.41393393595099537 0.4258099233658516; -0.41393393595099537 1.2063705525032693 0.36609204887672764; 0.4258099233658516 0.36609204887672764 1.2017968223382933]
[1.1918589864571463 -0.3969024861400726 -0.3894108427448101; -0.3969024861400726 1.189924975882351 -0.3938880503790125; -0.3894108427448101 -0.3938880503790125 1.17960106899635]
[1.1914043684273765 0.4105024214304157 0.4016981747188857; 0.4105024214304157 1.19153397050112 -0.3797787258394597; 0.4016981747188857 -0.3797787258394597 1.190449759971545]
[1.566708101307392 -0.7815648581616235 -0.7813138249211655; -0.7815648581616235 1.1841932480977215 0.37644476769623286; -0.7813138249211655 0.37644476769623286 1.193436132871207]
[1.1871122948650807 -0.39955602787902006 -0.38847115443551106; -0.39955602787902006 1.1964518327199987 -0.3994366106133183; -0.38847115443551106 -0.3994366106133183 1.1850432474616683]
[1.1875238280090334 -0.4104219779522044 0.41775098035000896; -0.4104219779522044 1.2040697051117237 0.3712845167600453; 0.41775098035000896 0.3712845167600453 1.1900510940963775]
[1.1857312064246028 0.39362604114619343 0.39204963886890437; 0.39362604114619343 1.1937078318915837 -0.39455878295382235; 0.39204963886890437 -0.39455878295382235 1.181970442233636]
[1.19310292567239 0.4076745452559825 0.4047373561170065; 0.4076745452559825 1.1914371001477833 -0.3768186141203584; 0.4047373561170065 -0.3768186141203584 1.1861103420102097]
[1.1855326907543917 0.4112644565716573 0.4120056316823917; 0.4112644565716573 1.198749091371684 -0.37617058187831953; 0.4120056316823917 -0.37617058187831953 1.1970462236992914]
[1.5642459057802154 0.7790528295115088 0.7709114245841013; 0.7790528295115088 1.1923619345048435 0.36007475970456143; 0.7709114245841013 0.36007475970456143 1.1754096026339302]
[1.1911690394561636 -0.39533159192464995 -0.39770253066667804; -0.39533159192464995 1.1882544268886202 -0.39579431953022903; -0.39770253066667804 -0.39579431953022903 1.1905097738860797]
[1.5667749113068734 -0.7829936254369179 0.7827420912670205; -0.7829936254369179 1.194794309982567 -0.39189418848979485; 0.7827420912670205 -0.39189418848979485 1.1853968673687538]
[1.192172361606002 -0.4252084521443048 -0.40230600883290785; -0.4252084521443048 1.2048979147627068 -0.3753681846628157; -0.40230600883290785 -0.3753681846628157 1.1877695147348306]
[1.1829706205636856 0.3576868527322028 0.41397134494581206; 0.3576868527322028 1.1804779903324294 -0.4029250507289573; 0.41397134494581206 -0.4029250507289573 1.1932533496037945]
[1.1823862681037263 -0.36040780334970457 -0.4222709324792263; -0.36040780334970457 1.1790707623534733 -0.4005768008206593; -0.4222709324792263 -0.4005768008206593 1.2038209557492199]
[1.1916296155661683 -0.4109173244519814 -0.3909499059652742; -0.4109173244519814 1.202029854313931 -0.39280837378790956; -0.3909499059652742 -0.39280837378790956 1.1822474268392515]
[1.1912496453512051 0.4001383702632087 -0.40169829983604116; 0.4001383702632087 1.1920491542087444 0.3832490814567358; -0.40169829983604116 0.3832490814567358 1.1830334556552362]
[1.1901628230413883 -0.3929784509488144 -0.39592746078218444; -0.3929784509488144 1.1917887524703685 -0.39666511955456263; -0.39592746078218444 -0.39666511955456263 1.1847573384297436]
[1.1826547435537784 0.38362581172002796 -0.39576716823506275; 0.38362581172002796 1.200033158228337 0.4041565194065104; -0.39576716823506275 0.4041565194065104 1.1822310647901555]
[1.182606428477218 -0.4233392857460388 0.40740014105438976; -0.4233392857460388 1.201330228653495 0.3713970894545347; 0.40740014105438976 0.3713970894545347 1.2006776902855463]
[1.56772331990816 0.7772369555125324 0.7804037294199937; 0.7772369555125324 1.1875531291150065 0.3835128101140596; 0.7804037294199937 0.3835128101140596 1.1836239347750157]
[1.1801859021448071 -0.41512862438782694 -0.41243773294730496; -0.41512862438782694 1.197724845508822 -0.3722707094935546; -0.41243773294730496 -0.3722707094935546 1.204289759113168]
[1.178039666823464 -0.39872387591388714 0.4022459727563495; -0.39872387591388714 1.1906004511658532 0.3799679659892375; 0.4022459727563495 0.3799679659892375 1.193801317248658]
[1.1955548479328795 0.3878305815072164 -0.4021348904483057; 0.3878305815072164 1.1956718845197072 0.40013914676168005; -0.4021348904483057 0.40013914676168005 1.1802154469651398]
[1.5549685125509851 -0.7673888017034771 -0.7641699695910613; -0.7673888017034771 1.1783484720174926 0.34991576296425697; -0.7641699695910613 0.34991576296425697 1.180708076448445]
[1.1914444605772412 -0.3983199649575964 0.39506498709251814; -0.3983199649575964 1.1909831269948883 0.396530732962421; 0.39506498709251814 0.396530732962421 1.1885928443684073]
[1.1836183770539557 -0.39186731305458916 -0.3997630201715222; -0.39186731305458916 1.1982776820012773 -0.39492119667412656; -0.3997630201715222 -0.39492119667412656 1.1858766036222343]
[1.1880046576998342 -0.39783661132677817 -0.39546985589487366; -0.39783661132677817 1.1880342770384063 -0.39444715074125486; -0.39546985589487366 -0.39444715074125486 1.1928364999039753]
[1.2039886965269455 -0.4120304192971587 -0.4171864763764236; -0.4120304192971587 1.182626811824711 -0.3641427917050302; -0.4171864763764236 -0.3641427917050302 1.1886340041248546]
[1.1888331474122034 0.41463242285141677 0.4044992765029872; 0.41463242285141677 1.2040250925599965 -0.3786500123291261; 0.4044992765029872 -0.3786500123291261 1.186587546613174]
[1.1939687118759588 0.3940198302526274 0.39324304228459006; 0.3940198302526274 1.1943448228940987 -0.3998100014187882; 0.39324304228459006 -0.3998100014187882 1.1799601967499214]
[1.1912178316074844 0.39676294854525557 0.40266777976340196; 0.39676294854525557 1.1855071213085175 -0.3924744913042703; 0.40266777976340196 -0.3924744913042703 1.1963221100885117]
[1.182551890586947 -0.38572739258416633 0.4008928792663679; -0.38572739258416633 1.2004057663405314 0.40516445767704246; 0.4008928792663679 0.40516445767704246 1.1901213890979334]
[1.1824640392897519 -0.4016566740595515 -0.4048348469724238; -0.4016566740595515 1.1933903319820676 -0.3795209390765193; -0.4048348469724238 -0.3795209390765193 1.1916402133337414]
[1.1760726579342653 -0.39298138850683845 -0.3964771324870011; -0.39298138850683845 1.1995817070786527 -0.39928251324721803; -0.3964771324870011 -0.39928251324721803 1.1943123355589536]
[1.175213181975499 0.3961823958256468 -0.39513176746910866; 0.3961823958256468 1.1906556098100758 0.3827741925577697; -0.39513176746910866 0.3827741925577697 1.1896559313763184]
[1.2116735720924046 0.41981807646918634 -0.418620808788694; 0.41981807646918634 1.1789659237489882 0.3506726650787351; -0.418620808788694 0.3506726650787351 1.1809428000867908]
[1.194555328716653 0.399634512813573 0.3960371047652509; 0.399634512813573 1.1824917760704794 -0.3877000555908976; 0.3960371047652509 -0.3877000555908976 1.1874950964231135]
[1.5531570764725595 -0.7763595392225802 0.768130080678342; -0.7763595392225802 1.1818599615446448 -0.3876108480444885; 0.768130080678342 -0.3876108480444885 1.1910125179397764]
[1.5547180956268207 0.7772785124902466 0.7768596672954412; 0.7772785124902466 1.1914265398421957 0.37789563250518365; 0.7768596672954412 0.37789563250518365 1.1894900594588558]
[1.1792769860736418 -0.39490715663282056 -0.3922452466164192; -0.39490715663282056 1.204365044726612 -0.4044823982875881; -0.3922452466164192 -0.4044823982875881 1.1892045657744081]
[1.1817656709988305 -0.3839380989290682 -0.3968066257192425; -0.3839380989290682 1.2009425602850405 -0.40894772468789276; -0.3968066257192425 -0.40894772468789276 1.188322326572093]
[1.5826356286024583 -0.7880280440468695 0.7864002458436795; -0.7880280440468695 1.1870097387054273 -0.38346484174498124; 0.7864002458436795 -0.38346484174498124 1.1859946614661627]
[1.179464815291656 -0.39465047428767935 0.39720272708221616; -0.39465047428767935 1.1959787695660957 0.3907233253484085; 0.39720272708221616 0.3907233253484085 1.1883731197448888]
[1.5484830241426004 -0.760030159754843 -0.7620976248354178; -0.760030159754843 1.177180708672575 0.34080971536506116; -0.7620976248354178 0.34080971536506116 1.1795313287440041]
[1.1757677158538309 -0.39510757832613597 -0.3944985223791119; -0.39510757832613597 1.2059103196278096 -0.39606786702548835; -0.3944985223791119 -0.39606786702548835 1.1853175699046086]
[1.1995902489338697 0.3916949836984799 0.4054936310679422; 0.3916949836984799 1.1751225672991028 -0.3858871807830095; 0.4054936310679422 -0.3858871807830095 1.189604985259765]
[1.1891250852640747 0.4015398830440479 -0.3981735313176053; 0.4015398830440479 1.1950749592758665 0.3828482704133857; -0.3981735313176053 0.3828482704133857 1.1796433412766023]
[1.1948323326134238 -0.40729806854809386 -0.40705139867357826; -0.40729806854809386 1.1909475416337014 -0.3767885097326747; -0.40705139867357826 -0.3767885097326747 1.1867840310121995]
[1.1841379327819788 -0.4018172791720561 0.41780994415724954; -0.4018172791720561 1.1981665138893989 0.3823348351609362; 0.41780994415724954 0.3823348351609362 1.2014521113263223]
[1.1906351140802744 0.4048064023107255 0.3998699015496234; 0.4048064023107255 1.1875361459935287 -0.38233723894218313; 0.3998699015496234 -0.38233723894218313 1.1901158771502103]
[1.1856358797810824 -0.3993474183806574 -0.4006203162097074; -0.3993474183806574 1.198869339913355 -0.3948163595012673; -0.4006203162097074 -0.3948163595012673 1.1914648523865934]
[1.1945137282215532 0.40679327769645 0.399525224153205; 0.40679327769645 1.203533397167688 -0.3915918470571027; 0.399525224153205 -0.3915918470571027 1.1811177465027771]
[1.1988925590206045 -0.39778488956618613 -0.40765911944163896; -0.39778488956618613 1.1923084157750043 -0.39367116094761756; -0.40765911944163896 -0.39367116094761756 1.1891138617816186]
[1.1826196333592562 0.3982897789917917 -0.39809605264106357; 0.3982897789917917 1.2083761985794965 0.3993464224418637; -0.39809605264106357 0.3993464224418637 1.1860254550081113]
[1.1971631759570198 -0.40165431468228896 -0.4021489139540253; -0.40165431468228896 1.1893152203290283 -0.3919549310581971; -0.4021489139540253 -0.3919549310581971 1.190420573492604]
[1.17568035388502 -0.41401625971779116 -0.41458716848031535; -0.41401625971779116 1.2009119449756007 -0.36728026158163696; -0.41458716848031535 -0.36728026158163696 1.2020300511491426]
[1.198075865376891 -0.3874589656925177 -0.4010454329155318; -0.3874589656925177 1.1855001197339665 -0.3909439010464174; -0.4010454329155318 -0.3909439010464174 1.1772052379721065]
[1.1863590124348804 0.40718612024217593 -0.41327911497888326; 0.40718612024217593 1.1953195117641984 0.37665667451524193; -0.41327911497888326 0.37665667451524193 1.1972089613552552]
[1.1839779294189217 0.3943009851419199 0.3974352180415943; 0.3943009851419199 1.191808305371497 -0.39367357509795603; 0.3974352180415943 -0.39367357509795603 1.1907662342415375]
[1.197215625929402 -0.4000195298729668 0.4101562623081806; -0.4000195298729668 1.1755761790707613 0.3780417194118086; 0.4101562623081806 0.3780417194118086 1.1968203366270196]
[1.5598792271309063 -0.7795377505654798 0.7686380478882999; -0.7795377505654798 1.1856320198109338 -0.36380791225554643; 0.7686380478882999 -0.36380791225554643 1.1845746744537058]
[1.1767432835839458 -0.42412072921366856 -0.4090592399863153; -0.42412072921366856 1.208674772837822 -0.3674970098361729; -0.4090592399863153 -0.3674970098361729 1.1982127618144685]
[1.184439893322164 -0.42421768469428656 -0.40049076319078375; -0.42421768469428656 1.1985406832992238 -0.3703441026052151; -0.40049076319078375 -0.3703441026052151 1.1943224045323648]
[1.1935148255386685 0.3995412497262552 -0.4046908208812815; 0.3995412497262552 1.187754497272515 0.3846483075198399; -0.4046908208812815 0.3846483075198399 1.188818952828885]
[1.1826308258011085 0.39233001626546354 0.4018541421284366; 0.39233001626546354 1.1860854939814716 -0.3915415409596943; 0.4018541421284366 -0.3915415409596943 1.1982113569885864]
[1.2030463918652372 -0.410393688165783 0.41617395511147864; -0.410393688165783 1.1853851002296205 0.3658168603447359; 0.41617395511147864 0.3658168603447359 1.1857534332702855]
[1.189261346367375 0.37277381855598407 0.4032162251479175; 0.37277381855598407 1.187761732397111 -0.40693094965302934; 0.4032162251479175 -0.40693094965302934 1.187480460843198]
[1.194231410569525 -0.42196827502929346 0.406579938523901; -0.42196827502929346 1.209315293558771 0.37776174638888127; 0.406579938523901 0.37776174638888127 1.1846593511454768]
[1.1947466380526643 -0.4000588103033006 -0.4056198834584009; -0.4000588103033006 1.1908917046289884 -0.38097130684643876; -0.4056198834584009 -0.38097130684643876 1.182309127589347]
[1.190202420014071 0.40603177667936385 -0.40048541490019235; 0.40603177667936385 1.1969838555877237 0.3822439442938165; -0.40048541490019235 0.3822439442938165 1.1828917766516887]
[1.1906996592508785 0.3960988632542003 0.3965336039891805; 0.3960988632542003 1.1878959626036565 -0.39564281964791376; 0.3965336039891805 -0.39564281964791376 1.190785445293802]
[1.1828581086129026 0.39108418267810474 0.4128454582458072; 0.39108418267810474 1.1794373100477413 -0.3818365082127104; 0.4128454582458072 -0.3818365082127104 1.2049856789200684]
[1.1883018066753903 -0.3942403535234856 -0.3962253750077871; -0.3942403535234856 1.1915248363231934 -0.3986216919718715; -0.3962253750077871 -0.3986216919718715 1.1903687986172764]
[1.200155395700555 0.40662021613616245 0.39428940575705174; 0.40662021613616245 1.198339516231487 -0.39482615347510747; 0.39428940575705174 -0.39482615347510747 1.1784466480839462]
[1.1895331616479587 -0.4077521221041027 0.4045864974473132; -0.4077521221041027 1.1965671482812448 0.3777498919771626; 0.4045864974473132 0.3777498919771626 1.1854656220685522]
[1.5841589653943786 0.7854830415159014 0.7874266839104881; 0.7854830415159014 1.1887875586693837 0.38782291589521806; 0.7874266839104881 0.38782291589521806 1.1811458112813515]
[1.1907620898141558 0.39903924857907525 0.3835916494287048; 0.39903924857907525 1.1811788344005907 -0.3935457996480193; 0.3835916494287048 -0.3935457996480193 1.1855514290641171]
[1.1956047197349977 0.3754619619034676 0.400122631951009; 0.3754619619034676 1.1804594237178747 -0.4044434657394988; 0.400122631951009 -0.4044434657394988 1.185524258025308]
[1.190678640339965 0.4088671780229852 0.40141476962452544; 0.4088671780229852 1.1975044759463986 -0.38155175448130774; 0.40141476962452544 -0.38155175448130774 1.185015452094997]
[1.180287343122294 -0.4133743620895101 0.4257306734401112; -0.4133743620895101 1.2059113256844831 0.36616859153049364; 0.4257306734401112 0.36616859153049364 1.2022105449390377]
[1.191939432790941 -0.3964921720139116 -0.3901070168839307; -0.3964921720139116 1.189841367857846 -0.3931567653662751; -0.3901070168839307 -0.3931567653662751 1.1791613135493626]
[1.1913673520364454 0.4104052409869843 0.4016435470003159; 0.4104052409869843 1.1914710693604131 -0.379828153022852; 0.4016435470003159 -0.379828153022852 1.1904444173202615]
[1.566869045860985 -0.7817085470890626 -0.7815063733969653; -0.7817085470890626 1.1842497377608923 0.37670048974937204; -0.7815063733969653 0.37670048974937204 1.193548724751654]
[1.187117410409012 -0.39952151075145514 -0.3885509058798089; -0.39952151075145514 1.1964146131899391 -0.399294431804179; -0.3885509058798089 -0.399294431804179 1.184977844351956]
[1.1843740692254694 -0.4080112237202478 0.4135655870385693; -0.4080112237202478 1.1981319058270952 0.37311077851482805; 0.4135655870385693 0.37311077851482805 1.1941273140541444]
[1.1858701671791214 0.39313718291707234 0.392946092635012; 0.39313718291707234 1.193468112706877 -0.3939378715898116; 0.392946092635012 -0.3939378715898116 1.181862907844136]
[1.1924258883905234 0.4069290996712016 0.4043655957601012; 0.4069290996712016 1.1917139649856354 -0.3782194003675023; 0.4043655957601012 -0.3782194003675023 1.1867606823794692]
[1.1855474243294217 0.4114533266037142 0.41221138399600815; 0.4114533266037142 1.1990299525410972 -0.3760685670117981; 0.41221138399600815 -0.3760685670117981 1.1970590228125082]
[1.5642738420503848 0.7790815712594076 0.770947450933255; 0.7790815712594076 1.1923992703375275 0.3601162584373103; 0.770947450933255 0.3601162584373103 1.1754077071042763]
[1.191183509570598 -0.39531738201098343 -0.3977485758449021; -0.39531738201098343 1.1882142990568405 -0.39576701612164256; -0.3977485758449021 -0.39576701612164256 1.1905400380308393]
[1.5667860887300744 -0.7829995878464187 0.7827497449497748; -0.7829995878464187 1.194789203911953 -0.3918960688206955; 0.7827497449497748 -0.3918960688206955 1.1854042340988116]
[1.1916184165795634 -0.42489730333420844 -0.4021981709950587; -0.42489730333420844 1.2051316032917487 -0.37546326247130396; -0.4021981709950587 -0.37546326247130396 1.187763341710551]
[1.1829081656902034 0.3576111409715254 0.4140363904333308; 0.3576111409715254 1.1804948393772612 -0.4028996907206472; 0.4140363904333308 -0.4028996907206472 1.1932673035015149]
[1.1823839586909728 -0.36020328621224323 -0.4224674506468565; -0.36020328621224323 1.1788938879905153 -0.4004567670901686; -0.4224674506468565 -0.4004567670901686 1.2038832248846014]
[1.191686136497108 -0.41096137638395525 -0.3909431571710814; -0.41096137638395525 1.2019840959667416 -0.39278204404402384; -0.3909431571710814 -0.39278204404402384 1.1822478822521219]
[1.191408009947765 0.40163503297939834 -0.40396587910998577; 0.40163503297939834 1.192565363724275 0.3818351794035213; -0.40396587910998577 0.3818351794035213 1.1847525693819076]
[1.1916404835649015 -0.3911820766408025 -0.3959533976691571; -0.3911820766408025 1.189831628821917 -0.3945957051127197; -0.3959533976691571 -0.3945957051127197 1.1814441472488597]
[1.1826438199981564 0.383617180281484 -0.39576285470231415; 0.383617180281484 1.2000405449960507 0.40418700617102205; -0.39576285470231415 0.40418700617102205 1.1822522264689155]
[1.1825813988161489 -0.4233221568234383 0.4073965148149103; -0.4233221568234383 1.2013467997438456 0.37143153081202507; 0.4073965148149103 0.37143153081202507 1.200699213161883]
[1.184275581993539 -0.40284831994395426 0.38776655578812297; -0.40284831994395426 1.2014753486258336 0.3957574608556915; 0.38776655578812297 0.3957574608556915 1.1818159145421088]
[1.1968274360368345 -0.3978693463172453 -0.3981409593586518; -0.3978693463172453 1.1894771483443214 -0.39140452580895985; -0.3981409593586518 -0.39140452580895985 1.1822548159676693]
[1.178060690679189 -0.3986013953768551 0.40221628405215576; -0.3986013953768551 1.1905050855019816 0.3800281807152154; 0.40221628405215576 0.3800281807152154 1.1937800986049518]
[1.1954418771311897 0.38775942928550233 -0.4021917737156045; 0.38775942928550233 1.1958174063382971 0.40014171401840476; -0.4021917737156045 0.40014171401840476 1.1801741249952908]
[1.1868426336549323 -0.3976775707518478 0.39209959943931955; -0.3976775707518478 1.1962208155468461 0.3947136400062634; 0.39209959943931955 0.3947136400062634 1.18257651176476]
[1.1920577870248694 -0.39880223505263623 0.3947261353329283; -0.39880223505263623 1.1909837652658453 0.39645406646711057; 0.3947261353329283 0.39645406646711057 1.188047842269106]
[1.1836351494011201 -0.3918614897896075 -0.3997607438357617; -0.3918614897896075 1.198255745117167 -0.39495180924405926; -0.3997607438357617 -0.39495180924405926 1.1859035997575467]
[1.1880295718982314 -0.3978284774989586 -0.39548101774509853; -0.3978284774989586 1.1880539639409988 -0.3944707162985902; -0.39548101774509853 -0.3944707162985902 1.192818135778665]
[1.1902658443760266 -0.3940085536784472 0.3986924513408399; -0.3940085536784472 1.1925318636315834 0.3942284228355434; 0.3986924513408399 0.3942284228355434 1.1852701929320344]
[1.1882518779506261 0.4139214904651907 0.40442793357770357; 0.4139214904651907 1.203386968340568 -0.3786708123107978; 0.40442793357770357 -0.3786708123107978 1.1870321441740945]
[1.197794183623718 0.3975818696484711 -0.40053480185210333; 0.3975818696484711 1.1915937838544781 0.38926392452433384; -0.40053480185210333 0.38926392452433384 1.1791872960617977]
[1.1912937914722022 0.3969169107795475 0.40217214968035503; 0.3969169107795475 1.186049317820823 -0.39278286156387876; 0.40217214968035503 -0.39278286156387876 1.1956636653891288]
[1.182798432249079 -0.3856398458850043 0.401180171608419; -0.3856398458850043 1.200010297468947 0.40471798918647195; 0.401180171608419 0.40471798918647195 1.1900214738214012]
[1.1818646185107902 -0.4015207713885907 -0.40402897452610226; -0.4015207713885907 1.1946413538804792 -0.37904011313163166; -0.40402897452610226 -0.37904011313163166 1.189582149203895]
[1.1760200800126892 -0.3928877701025178 -0.3965166540106971; -0.3928877701025178 1.1994099058111987 -0.3993172709287958; -0.3965166540106971 -0.3993172709287958 1.1945170799245641]
[1.1751767219379325 0.3961804011953079 -0.39511147506555533; 0.3961804011953079 1.1906792509258235 0.38277024911169844; -0.39511147506555533 0.38277024911169844 1.1896433965005833]
[1.2114004889939218 0.41958690923581166 -0.41842936750449694; 0.41958690923581166 1.1791611982755141 0.351290419464037; -0.41842936750449694 0.351290419464037 1.181183464013917]
[1.1949135648421865 0.3996957915412448 0.39601679578140186; 0.3996957915412448 1.1825069649798754 -0.38777147904663783; 0.39601679578140186 -0.38777147904663783 1.187233455305955]
[1.5515646507411098 -0.7644657649680593 0.7637348878530386; -0.7644657649680593 1.178701922948737 -0.3479434753471662; 0.7637348878530386 -0.3479434753471662 1.1805240294764014]
[1.5532515834532303 -0.776384561143374 0.7681760623081737; -0.776384561143374 1.1818764686607595 -0.38763508172440364; 0.7681760623081737 -0.38763508172440364 1.1909702110990847]
[1.5556271675778857 -0.7776359964743951 0.7770725121840155; -0.7776359964743951 1.191325817357006 -0.3988822527455364; 0.7770725121840155 -0.3988822527455364 1.1892365470112318]
[1.1799991598687796 -0.3955152929578616 0.3927959860458535; -0.3955152929578616 1.203992942035262 0.4039752955086977; 0.3927959860458535 0.4039752955086977 1.189496250664098]
[1.1877313511358356 -0.38573715566940214 0.4004722708032697; -0.38573715566940214 1.1968195694960588 0.40360153482951416; 0.4004722708032697 0.40360153482951416 1.1865358596037998]
[1.18614791057637 0.39875542835427763 0.404034715453658; 0.39875542835427763 1.194067326814265 -0.3908920060640236; 0.404034715453658 -0.3908920060640236 1.1946841938808876]
[1.1788695329622054 -0.39458537869930116 0.3969798809054855; -0.39458537869930116 1.196016517385972 0.39067502252076014; 0.3969798809054855 0.39067502252076014 1.1886019249485522]
[1.5490268774874025 -0.7603685621703092 -0.76264242382269; -0.7603685621703092 1.17717257424473 0.34137297658005467; -0.76264242382269 0.34137297658005467 1.1798418425914994]
[1.1851678213641468 0.3880756662687239 -0.39009151832411976; 0.3880756662687239 1.1863761538337914 0.39283138706431014; -0.39009151832411976 0.39283138706431014 1.180738808963979]
[1.1929402146269918 -0.40658204674480186 -0.4065478156261205; -0.40658204674480186 1.1904379227459576 -0.37413553225298796; -0.4065478156261205 -0.37413553225298796 1.1853781411867725]
[1.1906877726577625 0.39724462369639363 -0.40481156744414637; 0.39724462369639363 1.1887121497428321 0.3910235906068105; -0.40481156744414637 0.3910235906068105 1.1948432313035777]
[1.1841729084958281 -0.40184121305789705 0.41777700875837676; -0.40184121305789705 1.1981602867300292 0.3823301836631756; 0.41777700875837676 0.3823301836631756 1.2014079110173488]
[1.1904978200833414 0.4047361316600073 0.39958850524603773; 0.4047361316600073 1.187164725905248 -0.3823072650439322; 0.39958850524603773 -0.3823072650439322 1.1902443197651293]
[1.185619327611164 -0.39931651113357336 -0.4005971068571358; -0.39931651113357336 1.1988701965863382 -0.39489181474436547; -0.4005971068571358 -0.39489181474436547 1.191501287283329]
[1.194501143393493 0.4067525765462101 0.3995240398828768; 0.4067525765462101 1.2035338096711363 -0.3915996092968522; 0.3995240398828768 -0.3915996092968522 1.181095632474285]
[1.1989596957026905 -0.3974058496041209 -0.40796654538773086; -0.3974058496041209 1.1920106149252059 -0.39381662751198926; -0.40796654538773086 -0.39381662751198926 1.189420514079276]
[1.1878633464297674 0.3935023691722369 -0.3940638705302336; 0.3935023691722369 1.1936232864664982 0.39890679552655456; -0.3940638705302336 0.39890679552655456 1.1861176960518047]
[1.1972074130389332 -0.4017120225090639 -0.4021204909778158; -0.4017120225090639 1.1893110198789874 -0.391933829989804; -0.4021204909778158 -0.391933829989804 1.190388965710664]
[1.1756500514160064 -0.41404355623635813 -0.41454394706346726; -0.41404355623635813 1.2009799872785467 -0.36728251286854224; -0.41454394706346726 -0.36728251286854224 1.2019794350299249]
[1.198110635130972 -0.3874678823216954 -0.40109052372517934; -0.3874678823216954 1.1854806935588782 -0.39095002340335777; -0.40109052372517934 -0.39095002340335777 1.1772494603980852]
[1.1858397245851842 0.4047219258814411 -0.4130027077432398; 0.4047219258814411 1.1953855513530616 0.3771404187496532; -0.4130027077432398 0.3771404187496532 1.1953436474324064]
[1.1837496902138698 0.3941208049496159 0.3971598830917139; 0.3941208049496159 1.1923159319077228 -0.3948507261181385; 0.3971598830917139 -0.3948507261181385 1.1912030227408592]
[1.197057297890843 -0.40021593528504334 0.4102435717280926; -0.40021593528504334 1.1757573532293475 0.3779616431890338; 0.4102435717280926 0.3779616431890338 1.1970062920938105]
[1.5606326485900759 -0.7801975693205326 0.7692435637400806; -0.7801975693205326 1.1859416518227552 -0.3645576141929067; 0.7692435637400806 -0.3645576141929067 1.1847478390720438]
[1.1766660678778893 -0.42395099425436517 -0.4090829096665937; -0.42395099425436517 1.2085728175468249 -0.3674867264176634; -0.4090829096665937 -0.3674867264176634 1.1982311893338025]
[1.1844213997312016 -0.4242143469785894 -0.4005050200292502; -0.4242143469785894 1.1985866799434635 -0.37034884820328495; -0.4005050200292502 -0.37034884820328495 1.1943109647042864]
[1.1903539963473393 0.3990026607175798 -0.40594400155100496; 0.3990026607175798 1.1874393415991848 0.3834821097070592; -0.40594400155100496 0.3834821097070592 1.1918946569359508]
[1.1827413865803968 0.39249995259057413 0.40176025002592797; 0.39249995259057413 1.1859479494906444 -0.3913430037504633; 0.40176025002592797 -0.3913430037504633 1.198116072198752]
[1.2020419680421273 -0.40931382559418067 0.41630269917374085; -0.40931382559418067 1.1842734192053654 0.3659737005938822; 0.41630269917374085 0.3659737005938822 1.1870653969205895]
[1.189268767728242 0.37279318490119506 0.403203289232715; 0.37279318490119506 1.1877694105639356 -0.4069471650308069; 0.403203289232715 -0.4069471650308069 1.1874874663949506]
[1.1942327130659842 -0.42190825708167784 0.4066044916605893; -0.42190825708167784 1.2092152420616973 0.37775629358381824; 0.4066044916605893 0.37775629358381824 1.1847146969227695]
[1.1949551618259346 -0.4000122139918604 -0.405636345169927; -0.4000122139918604 1.1907808947262437 -0.3810118778669047; -0.405636345169927 -0.3810118778669047 1.1822200752369119]
[1.1902867758489089 0.40598179626089337 -0.4004974353847773; 0.40598179626089337 1.1968576296307643 0.3822743389509184; -0.4004974353847773 0.3822743389509184 1.1829234105225916]
[1.1904429734571167 0.3964323259613074 0.39613411680587096; 0.3964323259613074 1.1879192102051488 -0.3951788118300281; 0.39613411680587096 -0.3951788118300281 1.190490210857722]
[1.2007724250358511 -0.3979516874318087 -0.4148747252722407; -0.3979516874318087 1.189799008222864 -0.3914111261099736; -0.4148747252722407 -0.3914111261099736 1.1949778152608999]
[1.1883272458078595 -0.39427757607950253 -0.3961982693720379; -0.39427757607950253 1.1915020770207725 -0.3986238508193754; -0.3961982693720379 -0.3986238508193754 1.1903782277873325]
[1.200224628467395 0.4054644394682999 0.3948982593233121; 0.4054644394682999 1.1975162964914745 -0.3942203791743764; 0.3948982593233121 -0.3942203791743764 1.1780429547980003]
[1.189445124240172 -0.40773229359840674 0.4046381696237244; -0.40773229359840674 1.1965768013905156 0.377723295616872; 0.4046381696237244 0.377723295616872 1.1855518045157742]
[1.584037035815963 0.7854142922690774 0.7872162233532081; 0.7854142922690774 1.1886967095669783 0.38790488475104473; 0.7872162233532081 0.38790488475104473 1.1810783426987543]
[1.1927104445567103 0.40007194081119374 0.38337387334926215; 0.40007194081119374 1.1804539158675382 -0.39234947076432636; 0.38337387334926215 -0.39234947076432636 1.1839710083128838]
[1.1942036015798139 0.376267457145309 0.3980031384378766; 0.376267457145309 1.1824800084115292 -0.40439591883162884; 0.3980031384378766 -0.40439591883162884 1.1835309812748884]
[1.1908517792279194 0.4086322372336883 0.40120620511212274; 0.4086322372336883 1.197351874983943 -0.3817652883512845; 0.40120620511212274 -0.3817652883512845 1.1847527994881502]
[1.1791206097329099 -0.4114675473490132 0.42525695974179323; -0.4114675473490132 1.2037792504891256 0.3666067430366544; 0.42525695974179323 0.3666067430366544 1.2034820235742123]
[1.192064090260112 -0.3960734807540568 -0.39085856418884185; -0.3960734807540568 1.1897059156094614 -0.39237766890094283; -0.39085856418884185 -0.39237766890094283 1.1787300184502985]
[1.1913314427002817 0.41030945485297 0.4015914840089408; 0.41030945485297 1.1914071709702627 -0.37987578664474986; 0.4015914840089408 -0.37987578664474986 1.1904412313318837]
[1.5670314793952809 -0.7818518226148973 -0.781700218436662; -0.7818518226148973 1.1843048498866238 0.3769573076665082; -0.781700218436662 0.3769573076665082 1.1936621190807482]
[1.187109214975832 -0.3994816035506013 -0.3886229121226539; -0.3994816035506013 1.1963539089433275 -0.39915427813136956; -0.3886229121226539 -0.39915427813136956 1.1849381281403204]
[1.1818161040415494 -0.40673165899222935 0.4119668515165437; -0.40673165899222935 1.1954483748047064 0.37262066147309086; 0.4119668515165437 0.37262066147309086 1.1959974738161827]
[1.1863468527326535 0.39269154692914043 0.39379312884282036; 0.39269154692914043 1.1928845995319766 -0.39328482048855673; 0.39379312884282036 -0.39328482048855673 1.1817224845546934]
[1.1921711565347088 0.4066530459558273 0.40422500638833797; 0.4066530459558273 1.1918367191122698 -0.3787353476843637; 0.40422500638833797 -0.3787353476843637 1.1869803009637447]
[1.1858192316546388 0.41163991533799377 0.41240936118095195; 0.41163991533799377 1.199300917426188 -0.37606109588377323; 0.41240936118095195 -0.37606109588377323 1.1968988134394478]
[1.5643004094405086 0.7791099437257587 0.7709823678341835; 0.7791099437257587 1.1924364476820948 0.3601571918949124; 0.7709823678341835 0.3601571918949124 1.1754058878412232]
[1.191202177594476 -0.3952984451067618 -0.3978039778202804; -0.3952984451067618 1.188171976369367 -0.39573813125707613; -0.3978039778202804 -0.39573813125707613 1.1905713623702836]
[1.566791092655095 -0.783002252935442 0.7827535523334569; -0.783002252935442 1.1947837964861927 -0.39189545848668256; 0.7827535523334569 -0.39189545848668256 1.1854109917827231]
[1.1912016725654169 -0.4241515237094864 -0.4022636823537338; -0.4241515237094864 1.2049754559428534 -0.3756540170959464; -0.4022636823537338 -0.3756540170959464 1.1878240774030937]
[1.1828443941107085 0.3575323687591176 0.4141038184406821; 0.3575323687591176 1.18050978838907 -0.4028746754175542; 0.4141038184406821 -0.4028746754175542 1.1932842812609314]
[1.1822326509264949 -0.3604801283918793 -0.42195825241214985; -0.3604801283918793 1.179228945767928 -0.4006909876955336; -0.42195825241214985 -0.4006909876955336 1.2036825444069827]
[1.19174845689689 -0.4110201305971889 -0.3909337202116574; -0.4110201305971889 1.2019459775328032 -0.39274237543142376; -0.3909337202116574 -0.39274237543142376 1.18223385486343]
[1.1948482523822848 0.399688351852632 -0.40947242700558995; 0.399688351852632 1.1886074894310008 0.3810541521305701; -0.40947242700558995 0.3810541521305701 1.1880738595093672]
[1.1908150289487582 -0.391213985001404 -0.39611312364808726; -0.391213985001404 1.191005053721241 -0.3946282853534934; -0.39611312364808726 -0.3946282853534934 1.1813217207378148]
[1.182633295651798 0.3835989536691198 -0.3957622730927907; 0.3835989536691198 1.2000407771817083 0.4042091304212231; -0.3957622730927907 0.4042091304212231 1.1822661383024653]
[1.1825564996971465 -0.42330550567022796 0.4073923644445177; -0.42330550567022796 1.2013640949840707 0.37146635666373534; 0.4073923644445177 0.37146635666373534 1.2007202095544112]
[1.1970597886496321 -0.3999139315453917 -0.40008088816528314; -0.3999139315453917 1.19169014742394 -0.38959947986900473; -0.40008088816528314 -0.38959947986900473 1.1820028509780975]
[1.1780812236619416 -0.3984782192443625 0.40218690529798673; -0.3984782192443625 1.1904078557665816 0.38008815261219847; 0.40218690529798673 0.38008815261219847 1.193760662322172]
[1.1953395826849589 0.3876878768726664 -0.4022435767106427; 0.3876878768726664 1.1959523720701921 0.4001504411250883; -0.4022435767106427 0.4001504411250883 1.1801333902528937]
[1.181091567997631 -0.3952021585271482 0.39576540611084565; -0.3952021585271482 1.2033734028118928 0.3996162336666088; 0.39576540611084565 0.3996162336666088 1.1873302707223754]
[1.2058629500245537 -0.4108856029207785 -0.4098264858647879; -0.4108856029207785 1.1909998742343242 -0.3831563098941902; -0.4098264858647879 -0.3831563098941902 1.1883875459964057]
[1.1836516585544352 -0.39185623655528057 -0.3997592894360303; -0.39185623655528057 1.1982349447502205 -0.39498085748345757; -0.3997592894360303 -0.39498085748345757 1.1859295852788985]
[1.188055177029647 -0.3978200270127783 -0.3954925103770386; -0.3978200270127783 1.188073547692103 -0.3944931903327218; -0.3954925103770386 -0.3944931903327218 1.1927981049147391]
[1.191690690568118 -0.3944864578735447 0.39823184163202713; -0.3944864578735447 1.1909078927059347 0.39536977031459325; 0.39823184163202713 0.39536977031459325 1.1866093796530888]
[1.1877724460580632 0.4132178291675115 0.40447140676327364; 0.4132178291675115 1.2026979266609477 -0.3786812809013481; 0.40447140676327364 -0.3786812809013481 1.187538833097868]
[1.1893327629739927 0.38454574562599503 -0.40328844087764104; 0.38454574562599503 1.1912302193736584 0.389362406362925; -0.40328844087764104 0.389362406362925 1.1780474065704774]
[1.191456720430811 0.3970854066333549 0.4017734666718905; 0.3970854066333549 1.1866084843417621 -0.393074434137815; 0.4017734666718905 -0.393074434137815 1.1949969165770502]
[1.1832021282485237 -0.38566342881145 0.40137846806821753; -0.38566342881145 1.1994988202135293 0.404297526832926; 0.40137846806821753 0.404297526832926 1.1899246136038073]
[1.1849428856328197 -0.40291692781688226 -0.40216462322485685; -0.40291692781688226 1.1951212215298443 -0.37977254963328483; -0.40216462322485685 -0.37977254963328483 1.1862031861897504]
[1.175979676291775 -0.3928014362644647 -0.3965637757632095; -0.3928014362644647 1.1992348801967005 -0.3993496380458544; -0.3965637757632095 -0.3993496380458544 1.1947252886969604]
[1.1751415984948368 0.39617877431630044 -0.3950923596867492; 0.39617877431630044 1.1907028444632712 0.3827656726603985; -0.3950923596867492 0.3827656726603985 1.18963047417826]
[1.211154903015018 0.41937724512127106 -0.4182658384219962; 0.41937724512127106 1.179327846187271 0.3518373659632565; -0.4182658384219962 0.3518373659632565 1.1814080005070036]
[1.1953731211479066 0.39970870624632726 0.39600740179559707; 0.39970870624632726 1.18248911694454 -0.3878944912827427; 0.39600740179559707 -0.3878944912827427 1.1869175788708817]
[1.1975465780669277 0.4067382386579754 0.4150514591247921; 0.4067382386579754 1.183753609766258 -0.3641529519864027; 0.4150514591247921 -0.3641529519864027 1.1864872031997995]
[1.553342308301958 -0.776390934044615 0.7682165673811574; -0.776390934044615 1.181879741129549 -0.38765570242132164; 0.7682165673811574 -0.38765570242132164 1.19092090570258]
[1.556542564004732 -0.7778382001093693 0.7772912579481487; -0.7778382001093693 1.1910664804757967 -0.3988022446643412; 0.7772912579481487 -0.3988022446643412 1.188986357654945]
[1.1806128884676337 -0.39603926042309834 0.39344285313926; -0.39603926042309834 1.2035145408667312 0.4029500676950411; 0.39344285313926 0.4029500676950411 1.189497630577994]
[1.18919391742694 -0.388531889664648 -0.39969897903453777; -0.388531889664648 1.1974630382177023 -0.39857645028404814; -0.39969897903453777 -0.39857645028404814 1.1814218935646248]
[1.1857936127216313 0.399173990845658 0.403517842533565; 0.399173990845658 1.194610969933605 -0.38949565410313186; 0.403517842533565 -0.38949565410313186 1.1930131877215384]
[1.178439763504125 -0.39450983303432763 0.3967972825442669; -0.39450983303432763 1.1960480512287508 0.39070638123761425; 0.3967972825442669 0.39070638123761425 1.1887781217571467]
[1.5495474635579185 -0.7606948183543889 -0.7631600445297669; -0.7606948183543889 1.1771713775072876 0.3419109135549836; -0.7631600445297669 0.3419109135549836 1.1801313934928694]
[1.1849038339383409 0.40842769420332725 -0.41880980548155394; 0.40842769420332725 1.1901912482120072 0.3750304173815183; -0.41880980548155394 0.3750304173815183 1.2093107195295887]
[1.1914631882310374 -0.4059202876938716 -0.4067527354588465; -0.4059202876938716 1.1889017726250781 -0.3700212995545905; -0.4067527354588465 -0.3700212995545905 1.1839469336944648]
[1.189091358811162 0.4004093459481377 -0.405132163316188; 0.4004093459481377 1.187603713129006 0.38672460733238806; -0.405132163316188 0.38672460733238806 1.1968186369239278]
[1.1842061475398225 -0.401864034929936 0.41774357385169547; -0.401864034929936 1.1981542458515846 0.3823261469806946; 0.41774357385169547 0.3823261469806946 1.2013642666097764]
[1.190359877341702 0.4046778322938253 0.39930302756305897; 0.4046778322938253 1.1867873700195577 -0.3822676515418641; 0.39930302756305897 -0.3822676515418641 1.190378284680456]
[1.1856046379350658 -0.3992874918456722 -0.400574936942281; -0.3992874918456722 1.1988679561783546 -0.3949626703701166; -0.400574936942281 -0.3949626703701166 1.1915372930435522]
[1.1944896017819286 0.406712876529029 0.3995160662628907; 0.406712876529029 1.2035335288883549 -0.39160796746847437; 0.3995160662628907 -0.39160796746847437 1.1810679243492603]
[1.199012095565586 -0.3969938776154661 -0.4082824851643616; -0.3969938776154661 1.1917085646729084 -0.3939943603954274; -0.4082824851643616 -0.3939943603954274 1.1897542751737662]
[1.5803331818577273 -0.7860583750983988 0.786761021913156; -0.7860583750983988 1.194097997496601 -0.3859985483782097; 0.786761021913156 -0.3859985483782097 1.1796277786626683]
[1.1972509653479624 -0.4017696937539015 -0.4020924828263663; -0.4017696937539015 1.189306700879714 -0.3919128951607695; -0.4020924828263663 -0.3919128951607695 1.1903587133696403]
[1.175622276579594 -0.4140711611547794 -0.4145016643069534; -0.4140711611547794 1.2010459858972617 -0.36728501856894363; -0.4145016643069534 -0.36728501856894363 1.2019297567349374]
[1.198146528739146 -0.3874758704926314 -0.4011365852597128; -0.3874758704926314 1.1854599121774032 -0.3909562147272914; -0.4011365852597128 -0.3909562147272914 1.1772940510292655]
[1.1888138399839876 0.3943770199789409 -0.3952652165443297; 0.3943770199789409 1.1903171672456707 0.39723906046823776; -0.3952652165443297 0.39723906046823776 1.1888605449308849]
[1.18307902033513 0.39357573152002406 0.3968475802679692; 0.39357573152002406 1.1931554868804481 -0.3962314984289727; 0.3968475802679692 -0.3962314984289727 1.1915575313488072]
[1.1968917776318349 -0.40042370928453874 0.4103296717952986; -0.40042370928453874 1.1759445275722586 0.3778776300809577; 0.4103296717952986 0.3778776300809577 1.197200124472584]
[1.5613635198682205 0.780524698292684 0.7698260953047477; 0.780524698292684 1.185912399997159 0.40453723551990417; 0.7698260953047477 0.40453723551990417 1.184928278553154]
[1.1765925740361092 -0.4237852898165156 -0.40910820248086077; -0.4237852898165156 1.208473741045256 -0.36747760821713144; -0.40910820248086077 -0.36747760821713144 1.1982499483271838]
[1.1844023798043544 -0.42421056248985045 -0.4005193117563964; -0.42421056248985045 1.198632551582236 -0.37035388873122943; -0.4005193117563964 -0.37035388873122943 1.1943000577122929]
[1.1866750940380433 0.3988547259869718 -0.40680592118008274; 0.3988547259869718 1.187958356181122 0.38218537664969027; -0.40680592118008274 0.38218537664969027 1.1945551376557488]
[1.1828521891998343 0.3926380825967324 0.4016944722636543; 0.3926380825967324 1.18582334209676 -0.3911640533416059; 0.4016944722636543 -0.3911640533416059 1.1980234916493737]
[1.2011479397311147 -0.4083304137571789 0.41645132801309054; -0.4083304137571789 1.1830905078435776 0.3659416825539617; 0.41645132801309054 0.3659416825539617 1.188274317740539]
[1.1892746899367386 0.37281351314313826 0.4031903112668367; 0.37281351314313826 1.187778036678806 -0.40696096336234844; 0.4031903112668367 -0.40696096336234844 1.1874934756941706]
[1.1942335687291676 -0.42185089415597116 0.40662842288174417; -0.42185089415597116 1.2091177651789358 0.3777506095825936; 0.40662842288174417 0.3777506095825936 1.1847698397353879]
[1.1951644906638792 -0.3999649585693182 -0.40565302742371045; -0.3999649585693182 1.190667119775532 -0.38105254822729434; -0.40565302742371045 -0.38105254822729434 1.182132890807497]
[1.1903741883741843 0.4059325611944054 -0.4005088330734673; 0.4059325611944054 1.1967306713260233 0.3823056245470267; -0.4005088330734673 0.3823056245470267 1.1829537112620245]
[1.1893489689174506 0.3940903028975958 0.39540997418358037; 0.3940903028975958 1.1865781178500479 -0.39692610112480103; 0.39540997418358037 -0.39692610112480103 1.1916147207544292]
[1.2015926618693784 -0.39882018251076323 -0.4135869051221247; -0.39882018251076323 1.1882879338578605 -0.388981893612181; -0.4135869051221247 -0.388981893612181 1.1927937468234402]
[1.188338749973675 -0.3942919715393899 -0.39618860141648116; -0.3942919715393899 1.1914922238149013 -0.39862505904096046; -0.39618860141648116 -0.39862505904096046 1.190382446943158]
[1.5631561539587089 0.7683959695719597 0.7754419153955461; 0.7683959695719597 1.1753621418552742 0.3965921917359471; 0.7754419153955461 0.3965921917359471 1.1870008081770917]
[1.1997579372716465 0.40795662927601783 0.39329205624281816; 0.40795662927601783 1.1994982094749391 -0.39427430054640705; 0.39329205624281816 -0.39427430054640705 1.1774858202180756]
[1.1893566126084527 -0.4077149495334209 0.4046914943616568; -0.4077149495334209 1.196588134877641 0.3776951104901821; 0.4046914943616568 0.3776951104901821 1.1856394634216305]
[1.58387577942202 0.7853380339001704 0.7869888057541504; 0.7853380339001704 1.1886214293471054 0.38797837376091976; 0.7869888057541504 0.38797837376091976 1.1810103308360422]
[1.1957776311997652 0.40206869380485327 0.3829930381244032; 0.40206869380485327 1.1801083098997802 -0.3909610358059079; 0.3829930381244032 -0.3909610358059079 1.18151258302879]
[1.1928006085911658 0.37722883100102805 0.3960965142226585; 0.37722883100102805 1.184620980864696 -0.40449538592260725; 0.3960965142226585 -0.40449538592260725 1.1819318552982847]
[1.1910041901666448 0.4084064636732394 0.40101427014972385; 0.4084064636732394 1.1972053682501347 -0.38196104441469747; 0.40101427014972385 -0.38196104441469747 1.1845140821116935]
[1.178469482130454 -0.4103956429091939 0.42413564551882227; -0.4103956429091939 1.201915894068578 0.36730147555422155; 0.42413564551882227 0.36730147555422155 1.204385610700137]
[1.1995871400526974 -0.39580430457907556 -0.4091968980600787; -0.39580430457907556 1.1915339446129836 -0.39506207187137765; -0.4091968980600787 -0.39506207187137765 1.1901641725532093]
[1.1923810962739743 -0.3961015577906623 -0.39103520249081475; -0.3961015577906623 1.189591545256644 -0.3920778852024316; -0.39103520249081475 -0.3920778852024316 1.1784353713282647]
[1.1912959016201121 0.41020825815054196 0.40154209742661134; 0.41020825815054196 1.1913422322744083 -0.37992579258786907; 0.40154209742661134 -0.37992579258786907 1.1904382484720182]
[1.5671931660073573 -0.7819929234299163 -0.7818945919361824; -0.7819929234299163 1.1843582326599085 0.37721126852982806; -0.7818945919361824 0.37721126852982806 1.193776499975296]
[1.1870793698733466 -0.39942741330482356 -0.38869614795284074; -0.39942741330482356 1.1962765598959864 -0.3990130384749711; -0.38869614795284074 -0.3990130384749711 1.1849225272409027]
[1.1798171519787857 -0.40646242574285424 0.4109019316424208; -0.40646242574285424 1.194174665901399 0.371553989305314; 0.4109019316424208 0.371553989305314 1.1969263258694702]
[1.187287156189419 0.39238595223733325 0.39451592852707423; 0.39238595223733325 1.1919213980733878 -0.39263192483364767; 0.39451592852707423 -0.39263192483364767 1.1815121078682023]
[1.1924231105411849 0.40716259408051325 0.4042801004244732; 0.40716259408051325 1.19199643572286 -0.37773462897118953; 0.4042801004244732 -0.37773462897118953 1.1861567228136396]
[1.1861110174704839 0.411859542054819 0.41263208594584766; 0.411859542054819 1.1996013929508162 -0.3760432798096833; 0.41263208594584766 -0.3760432798096833 1.1967384561785717]
[1.5643278835804073 0.7791383291848063 0.7710189955966729; 0.7791383291848063 1.1924726353321091 0.3601989639230813; 0.7710189955966729 0.3601989639230813 1.1754058343058646]
[1.191223369646472 -0.3952769787167062 -0.39786440613501284; -0.3952769787167062 1.1881277506297774 -0.3957080179327314; -0.39786440613501284 -0.3957080179327314 1.1906033459726046]
[1.1968700638739884 0.40998866288517644 0.39443680717962754; 0.40998866288517644 1.2017287471768883 -0.39294652670676883; 0.39443680717962754 -0.39294652670676883 1.1799987490634742]
[1.566800605083024 -0.7830078298857435 0.7827602536829089; -0.7830078298857435 1.1947786380040102 -0.3918971819251666; 0.7827602536829089 -0.3918971819251666 1.1854187491412365]
[1.1908725914089697 -0.4234343498686797 -0.4023906504253646; -0.4234343498686797 1.20476915833273 -0.3758302921163603; -0.4023906504253646 -0.3758302921163603 1.1879240629841268]
[1.182778138087508 0.35744897545601506 0.41417547919861186; 0.35744897545601506 1.1805228887453247 -0.4028505356662954; 0.41417547919861186 -0.4028505356662954 1.1933062901780902]
[1.1820334598117896 -0.360730143682181 -0.42141040550476394; -0.360730143682181 1.179572138094287 -0.4009176523704241; -0.42141040550476394 -0.4009176523704241 1.2034495500618294]
[1.1918156453885673 -0.4110842540849578 -0.39093033273890504; -0.4110842540849578 1.2019076831027498 -0.3926849587308934; -0.39093033273890504 -0.3926849587308934 1.182208946818239]
[1.1947687832768095 0.4005175993770227 -0.408525600664839; 0.4005175993770227 1.1899162524829061 0.3811017392027858; -0.408525600664839 0.3811017392027858 1.186771842469562]
[1.1883316761676557 -0.3910052039094698 -0.39576923914195944; -0.3910052039094698 1.1948964271291327 -0.39632419445350997; -0.39576923914195944 -0.39632419445350997 1.181072540993599]
[1.1826233156821304 0.3835711934418461 -0.3957663504451233; 0.3835711934418461 1.2000342082174718 0.404225290616618; -0.3957663504451233 0.404225290616618 1.1822756647077375]
[1.1825311920088157 -0.42328843117004306 0.4073886522506064; -0.42328843117004306 1.2013808927470937 0.37150110843272166; 0.4073886522506064 0.37150110843272166 1.2007420729021758]
[1.1976592850042576 -0.40238028962867095 -0.40235551531248304; -0.40238028962867095 1.1946168797508734 -0.3877752282207235; -0.40235551531248304 -0.3877752282207235 1.1814386320552108]
[1.1781009590082119 -0.39835406572051424 0.4021586846168479; -0.39835406572051424 1.1903107358673741 0.380148492404155; 0.4021586846168479 0.380148492404155 1.1937425198229523]
[1.1952457525888351 0.38761113869180436 -0.40229961406439063; 0.38761113869180436 1.1960765077363438 0.4001603086779897; -0.40229961406439063 0.4001603086779897 1.1800953247616641]
[1.1819231920415247 -0.39816773870788563 0.39600714468231485; -0.39816773870788563 1.208224624016799 0.400032786702195; 0.39600714468231485 0.400032786702195 1.1853305556337355]
[1.1964532914238313 -0.40942613256912896 -0.40664251007072155; -0.40942613256912896 1.193510465164703 -0.3817063950609118; -0.40664251007072155 -0.3817063950609118 1.1891780525496185]
[1.1836681617873936 -0.39185064131180924 -0.3997555131416754; -0.39185064131180924 1.1982132415633557 -0.395012815694321; -0.3997555131416754 -0.395012815694321 1.1859566760279532]
[1.1880827850095033 -0.39781082427908426 -0.3955035347765039; -0.39781082427908426 1.188094398455384 -0.394518501185181; -0.3955035347765039 -0.394518501185181 1.1927763957644821]
[1.200683328771762 -0.40709052417289376 -0.4160685688224404; -0.40709052417289376 1.1901848277693727 -0.3770747213997079; -0.4160685688224404 -0.3770747213997079 1.1909105953022576]
[1.1873870159795556 0.41254684704947125 0.40461685261277264; 0.41254684704947125 1.202002542236414 -0.37867817420701866; 0.40461685261277264 -0.37867817420701866 1.1880810031222815]
[1.18665638734455 -0.39369864112519426 -0.39176231465879907; -0.39369864112519426 1.1973378174539073 -0.3949509992396567; -0.39176231465879907 -0.3949509992396567 1.1776450328241095]
[1.1888817088424724 0.39107592183983886 -0.3970699767524159; 0.39107592183983886 1.1995143641558648 0.39858244096454204; -0.3970699767524159 0.39858244096454204 1.1795899243585644]
[1.1917194030349407 0.39729419495870094 0.40148259797105834; 0.39729419495870094 1.187173354919045 -0.393327034284467; 0.40148259797105834 -0.393327034284467 1.194335060558307]
[1.1839328247984595 -0.3858587218034809 0.40156448756525376; -0.3858587218034809 1.198710990600973 0.4037299842012569; 0.40156448756525376 0.4037299842012569 1.1897832338214476]
[1.186998379720516 -0.40423540233573735 -0.401474883709271; -0.40423540233573735 1.1955152035204775 -0.38023170029017306; -0.401474883709271 -0.38023170029017306 1.1848058142836633]
[1.1759521843660372 -0.39272064172438315 -0.3966184568367795; -0.39272064172438315 1.1990540240299636 -0.39938104666961155; -0.3966184568367795 -0.39938104666961155 1.1949384456893268]
[1.1751054996418981 0.39617719646578164 -0.3950716626945904; 0.39617719646578164 1.190726893672473 0.382761745777233; -0.3950716626945904 0.382761745777233 1.1896171945914789]
[1.2108908154202112 0.4191513883062334 -0.4180901046386204; 0.4191513883062334 1.1795003201971206 0.35242146797357776; -0.4180901046386204 0.35242146797357776 1.1816523922068822]
[1.1958880758024726 0.39966637153329815 0.3960287476092222; 0.39966637153329815 1.1824354108095 -0.38804860125654084; 0.3960287476092222 -0.38804860125654084 1.1865889319567882]

