# Matrix 1
1.1905507893100296 -0.3968502614977469 -0.3968502656886656
-0.3968502614977469 1.1905507886198146 -0.39685026218722214
-0.3968502656886656 -0.39685026218722214 1.1905507893960892

# Matrix 2
1.190550789887113 -0.39685026501767146 0.39685026496285747
-0.39685026501767146 1.1905507888410785 0.3968502599764801
0.39685026496285747 0.3968502599764801 1.1905507891811167

# Matrix 3
1.1905507888682347 -0.3968502627125085 -0.39685026301659765
-0.3968502627125085 1.1905507890289189 -0.3968502631175206
-0.39685026301659765 -0.3968502631175206 1.1905507889017717

# Matrix 4
1.190550788986396 0.39685026316434574 0.3968502629259431
0.39685026316434574 1.190550789010877 -0.3968502629160748
0.3968502629259431 -0.3968502629160748 1.1905507889613896

# Matrix 5
1.1905507890058675 -0.3968502639655503 0.3968502627033409
-0.3968502639655503 1.190550788959484 0.39685026235634796
0.3968502627033409 0.39685026235634796 1.1905507890121867

# Matrix 6
1.1905507893469554 0.39685026318854233 0.39685026323149625
0.39685026318854233 1.1905507887892874 -0.3968502626709992
0.39685026323149625 -0.3968502626709992 1.1905507889070939

# Matrix 7
1.190550788976225 -0.39685026299177534 0.3968502629925039
-0.39685026299177534 1.1905507889761004 0.39685026299185266
0.3968502629925039 0.39685026299185266 1.1905507889761058

# Matrix 8
1.190550788796031 0.3968502628585143 -0.3968502631287362
0.3968502628585143 1.190550789292241 0.39685026291815095
-0.3968502631287362 0.39685026291815095 1.1905507887694289

# Matrix 9
1.1905507890008733 0.3968502629790338 0.39685026303166976
0.3968502629790338 1.190550788963071 -0.3968502629739612
0.39685026303166976 -0.3968502629739612 1.1905507889730198

# Matrix 10
1.190550788984879 0.3968502628004153 0.3968502636789237
0.3968502628004153 1.1905507889635847 -0.39685026245497895
0.3968502636789237 -0.39685026245497895 1.1905507889381535

# Matrix 11
1.1905507890099207 0.3968502632900605 -0.3968502631687922
0.3968502632900605 1.1905507890015226 0.3968502625551075
-0.3968502631687922 0.3968502625551075 1.1905507889548161

# Matrix 12
1.19055078897197 0.39685026287422925 -0.39685026310563987
0.39685026287422925 1.1905507889627587 0.39685026298644627
-0.39685026310563987 0.39685026298644627 1.1905507889838858

# Matrix 13
1.1905507889879976 -0.3968502630077536 0.3968502629885043
-0.3968502630077536 1.1905507889971316 0.39685026299094
0.3968502629885043 0.39685026299094 1.1905507889543678

# Matrix 14
1.1905507885920519 0.39685026346349245 -0.39685026280232044
0.39685026346349245 1.1905507889322853 0.3968502625003698
-0.39685026280232044 0.3968502625003698 1.1905507891941447

# Matrix 15
1.1905507890137066 0.39685026261208617 -0.39685026346375624
0.39685026261208617 1.1905507887145756 0.3968502626350243
-0.39685026346375624 0.3968502626350243 1.1905507889348839

# Matrix 16
1.1905507884213806 -0.3968502617065542 0.3968502651440981
-0.3968502617065542 1.1905507896077432 0.3968502616431709
0.3968502651440981 0.3968502616431709 1.1905507884169988

# Matrix 17
1.190550788940027 0.39685026268924267 -0.3968502650435474
0.39685026268924267 1.1905507890108271 0.39685026120759764
-0.3968502650435474 0.39685026120759764 1.1905507889418323

# Matrix 18
1.1905507889770135 -0.39685026299518544 -0.3968502629964585
-0.39685026299518544 1.1905507889762434 -0.3968502629837982
-0.3968502629964585 -0.3968502629837982 1.1905507889744842

# Matrix 19
1.587401051344266 0.7937005255095394 0.7937005255596499
0.7937005255095394 1.190550788832551 0.3968502623948526
0.7937005255596499 0.3968502623948526 1.1905507888446714

# Matrix 20
1.1905507884603033 -0.39685026124336215 -0.39685026640893983
-0.39685026124336215 1.190550789448428 -0.3968502607486639
-0.39685026640893983 -0.3968502607486639 1.1905507884445343

# Matrix 21
1.1905507889764306 -0.3968502629924691 0.39685026299346843
-0.3968502629924691 1.190550788976415 0.39685026299046827
0.39685026299346843 0.39685026299046827 1.190550788975859

# Matrix 22
1.1905507889500688 0.39685026333560675 0.3968502629323129
0.39685026333560675 1.190550788954194 -0.3968502626840357
0.3968502629323129 -0.3968502626840357 1.1905507889999918

# Matrix 23
1.1905507889563947 -0.396850263027475 0.3968502630120421
-0.396850263027475 1.1905507889965252 0.3968502629520073
0.3968502630120421 0.3968502629520073 1.190550788990904

# Matrix 24
1.1905507887477356 -0.396850260887981 -0.3968502643293648
-0.396850260887981 1.190550788717405 -0.3968502629373399
-0.3968502643293648 -0.3968502629373399 1.190550788641845

# Matrix 25
1.190550788963254 0.39685026302057896 -0.39685026308945465
0.39685026302057896 1.1905507889991878 0.3968502628972809
-0.39685026308945465 0.3968502628972809 1.190550788997172

# Matrix 26
1.5874010519553805 -0.7937005259769384 0.7937005259770945
-0.7937005259769384 1.190550788975392 -0.3968502629860295
0.7937005259770945 -0.3968502629860295 1.1905507889755593

# Matrix 27
1.190550788983039 -0.39685026299407844 -0.3968502629968531
-0.39685026299407844 1.1905507889810116 -0.39685026299165466
-0.3968502629968531 -0.39685026299165466 1.1905507889708347

# Matrix 28
1.1905507889799625 -0.3968502630565671 0.39685026296325526
-0.3968502630565671 1.190550788979803 0.3968502629597135
0.39685026296325526 0.3968502629597135 1.1905507889720695

# Matrix 29
1.19055078837858 -0.3968502644955968 0.39685026286671754
-0.3968502644955968 1.1905507891214873 0.3968502614149614
0.39685026286671754 0.3968502614149614 1.1905507892295075

# Matrix 30
1.1905507894663023 0.39685026179719196 -0.3968502643351491
0.39685026179719196 1.1905507885057185 0.396850262370651
-0.3968502643351491 0.396850262370651 1.1905507884832707

# Matrix 31
1.1905507889051838 -0.39685026294541703 0.3968502629576909
-0.39685026294541703 1.190550788932635 0.3968502629800106
0.3968502629576909 0.3968502629800106 1.1905507889975986

# Matrix 32
1.1905507888744857 -0.39685026215105457 0.3968502639890774
-0.39685026215105457 1.1905507890157967 0.3968502629286364
0.3968502639890774 0.3968502629286364 1.1905507891307852

# Matrix 33
1.1905507890799896 0.3968502620921349 -0.39685026408584073
0.3968502620921349 1.1905507890858165 0.3968502628452202
-0.39685026408584073 0.3968502628452202 1.1905507888096891

# Matrix 34
1.1905507889882665 -0.3968502630125744 0.396850263013133
-0.3968502630125744 1.190550788965008 0.39685026296362996
0.396850263013133 0.39685026296362996 1.1905507889883618

# Matrix 35
1.1905507883173363 -0.39685026249295713 -0.3968502632363513
-0.39685026249295713 1.1905507889678528 -0.39685026303611326
-0.3968502632363513 -0.39685026303611326 1.1905507894325318

# Matrix 36
1.1905507890397704 0.39685026312677935 0.3968502631400127
0.39685026312677935 1.190550789327835 -0.3968502630185561
0.3968502631400127 -0.3968502630185561 1.190550788870042

# Matrix 37
1.1905507889797338 -0.396850262990906 -0.39685026299909676
-0.396850262990906 1.1905507889811426 -0.39685026299028014
-0.39685026299909676 -0.39685026299028014 1.1905507889717057

# Matrix 38
1.1905507890430538 -0.3968502628018987 -0.39685026327666173
-0.3968502628018987 1.1905507889076652 -0.3968502629704252
-0.39685026327666173 -0.3968502629704252 1.1905507890505662

# Matrix 39
1.19055078897096 0.39685026297864007 0.3968502630127529
0.39685026297864007 1.1905507889745364 -0.3968502629808127
0.3968502630127529 -0.3968502629808127 1.1905507889790086

# Matrix 40
1.1905507889769484 0.39685026298788284 0.39685026299953396
0.39685026298788284 1.1905507889770508 -0.39685026298519777
0.39685026299953396 -0.39685026298519777 1.1905507889709146

# Matrix 41
1.1905507889744738 0.3968502632547306 0.3968502628257924
0.3968502632547306 1.1905507889264946 -0.39685026284484826
0.3968502628257924 -0.39685026284484826 1.1905507889767022

# Matrix 42
1.1905507889799134 0.39685026298839876 -0.39685026300327336
0.39685026298839876 1.1905507889839062 0.3968502629785664
-0.39685026300327336 0.3968502629785664 1.190550788958718

# Matrix 43
1.190550788975574 -0.39685026299826415 0.3968502629954006
-0.39685026299826415 1.1905507889758589 0.3968502629837362
0.3968502629954006 0.3968502629837362 1.1905507889782674

# Matrix 44
1.1905507884748778 -0.3968502624387755 -0.39685026289631864
-0.3968502624387755 1.1905507894192984 -0.3968502634718566
-0.39685026289631864 -0.3968502634718566 1.1905507888650735

# Matrix 45
1.1905507889744096 -0.396850262988421 0.39685026299131815
-0.396850262988421 1.1905507889776754 0.39685026299435494
0.39685026299131815 0.39685026299435494 1.1905507889743079

# Matrix 46
1.1905507890739442 0.39685026291462144 0.3968502632139698
0.39685026291462144 1.1905507890402176 -0.3968502629286402
0.3968502632139698 -0.3968502629286402 1.1905507888953688

# Matrix 47
1.1905507893684266 -0.39685026352294483 -0.3968502630616467
-0.39685026352294483 1.1905507891821885 -0.3968502622134181
-0.3968502630616467 -0.3968502622134181 1.190550788199694

# Matrix 48
1.1905507889065106 -0.3968502628787152 -0.39685026309375854
-0.3968502628787152 1.1905507890235252 -0.39685026295888165
-0.39685026309375854 -0.39685026295888165 1.1905507889536187

# Matrix 49
1.19055078908314 0.39685026275287383 0.39685026400289086
0.39685026275287383 1.1905507889787506 -0.39685026231247394
0.39685026400289086 -0.39685026231247394 1.1905507889586475

# Matrix 50
1.5874010518097972 0.7937005257959475 0.793700525785244
0.7937005257959475 1.1905507889055906 0.3968502628502859
0.793700525785244 0.3968502628502859 1.190550788818103

# Matrix 51
1.1905507889766018 -0.3968502629851839 0.3968502630054842
-0.3968502629851839 1.190550788975504 0.39685026298567166
0.3968502630054842 0.39685026298567166 1.1905507889765325

# Matrix 52
1.1905507888554552 -0.39685026267515644 -0.396850263886179
-0.39685026267515644 1.1905507891086113 -0.3968502623299413
-0.396850263886179 -0.3968502623299413 1.1905507888795095

# Matrix 53
1.1905507889766733 -0.3968502629917475 -0.39685026299190657
-0.3968502629917475 1.1905507889756226 -0.396850262991969
-0.39685026299190657 -0.396850262991969 1.1905507889756266

# Matrix 54
1.1905507888259446 -0.3968502641237104 -0.39685026257632183
-0.3968502641237104 1.1905507888320015 -0.3968502621490586
-0.39685026257632183 -0.3968502621490586 1.1905507891434441

# Matrix 55
1.5874010519690491 0.7937005259844425 -0.7937005259839971
0.7937005259844425 1.1905507889767908 -0.39685026299271753
-0.7937005259839971 -0.39685026299271753 1.1905507889748987

# Matrix 56
1.1905507886873417 -0.396850264485704 0.3968502622309411
-0.396850264485704 1.1905507886804925 0.39685026196272394
0.3968502622309411 0.39685026196272394 1.1905507892638343

# Matrix 57
1.190550790628753 0.3968502633990825 0.3968502638758403
0.3968502633990825 1.1905507878919468 -0.39685026157321573
0.3968502638758403 -0.39685026157321573 1.1905507882797381

# Matrix 58
1.5874010483911905 0.7937005236907686 0.7937005237157813
0.7937005236907686 1.1905507884754096 0.39685026098112275
0.7937005237157813 0.39685026098112275 1.1905507884922493

# Matrix 59
1.1905507889770413 0.3968502629927461 0.3968502629947333
0.3968502629927461 1.1905507889746143 -0.3968502629895388
0.3968502629947333 -0.3968502629895388 1.1905507889776614

# Matrix 60
1.1905507889887683 0.396850263173042 -0.3968502630791791
0.396850263173042 1.1905507889634388 0.39685026271097207
-0.3968502630791791 0.39685026271097207 1.190550788963285

# Matrix 61
1.1905507889471427 -0.3968502632554517 0.39685026285690833
-0.3968502632554517 1.190550788904558 0.3968502627554251
0.39685026285690833 0.3968502627554251 1.190550788968384

# Matrix 62
1.1905507889770153 0.3968502629990243 -0.3968502629892933
0.3968502629990243 1.190550788977656 0.3968502629876484
-0.3968502629892933 0.3968502629876484 1.1905507889735945

# Matrix 63
1.1905507890187947 -0.39685026265559475 -0.3968502635361557
-0.39685026265559475 1.190550788891164 -0.39685026279190533
-0.3968502635361557 -0.39685026279190533 1.1905507890259959

# Matrix 64
1.1905507889759153 0.3968502629919589 -0.3968502629922171
0.3968502629919589 1.1905507889762983 0.39685026299150516
-0.3968502629922171 0.39685026299150516 1.1905507889757667

# Matrix 65
1.1905507889336784 0.39685026323781825 -0.39685026308446636
0.39685026323781825 1.1905507890131661 0.3968502626826208
-0.39685026308446636 0.3968502626826208 1.19055078901036

# Matrix 66
1.1905507889758435 0.3968502629543826 0.3968502630697815
0.3968502629543826 1.190550788977115 -0.39685026295081477
0.3968502630697815 -0.39685026295081477 1.1905507889743194

# Matrix 67
1.1905507889764164 -0.3968502629918778 0.39685026299281473
-0.3968502629918778 1.1905507889756766 0.3968502629909836
0.39685026299281473 0.3968502629909836 1.1905507889758826

# Matrix 68
1.190550789688596 0.39685026490396214 0.39685026201223705
0.39685026490396214 1.1905507885517148 -0.3968502616840355
0.39685026201223705 -0.3968502616840355 1.1905507883122228

# Matrix 69
1.190550788975898 -0.396850262988516 0.39685026299870524
-0.396850262988516 1.190550788976392 0.3968502629886601
0.39685026299870524 0.3968502629886601 1.1905507889758906

# Matrix 70
1.1905507889768119 -0.396850262999644 0.3968502629886912
-0.396850262999644 1.1905507889779503 0.3968502629889872
0.3968502629886912 0.3968502629889872 1.1905507889748592

# Matrix 71
1.1905507897065848 -0.3968502659667077 -0.3968502618989101
-0.3968502659667077 1.190550790349189 -0.396850261426073
-0.3968502618989101 -0.396850261426073 1.1905507871882164

# Matrix 72
1.1905507889764135 0.3968502629925419 0.3968502629938276
0.3968502629925419 1.1905507889764493 -0.396850262990341
0.3968502629938276 -0.396850262990341 1.1905507889761466

# Matrix 73
1.1905507889749443 -0.39685026298635556 0.3968502630032553
-0.39685026298635556 1.1905507889772544 0.39685026298540876
0.3968502630032553 0.39685026298540876 1.1905507889751197

# Matrix 74
1.1905507889762144 0.39685026299166765 0.3968502629924808
0.39685026299166765 1.1905507889760998 -0.39685026299203563
0.3968502629924808 -0.39685026299203563 1.1905507889761693

# Matrix 75
1.190550788981187 -0.3968502629871627 0.3968502630016251
-0.3968502629871627 1.1905507889797617 0.39685026299124887
0.3968502630016251 0.39685026299124887 1.1905507889713873

# Matrix 76
1.1905507889768707 0.3968502629510201 -0.39685026311423327
0.3968502629510201 1.190550788975917 0.39685026291176984
-0.39685026311423327 0.39685026291176984 1.190550788976534

# Matrix 77
1.1905507889760443 -0.39685026299178133 0.3968502629925868
-0.39685026299178133 1.1905507889762992 0.3968502629916815
0.3968502629925868 0.3968502629916815 1.190550788976005

# Matrix 78
1.1905507889741682 -0.39685026299665954 0.396850262997197
-0.39685026299665954 1.1905507889761522 0.39685026298095677
0.396850262997197 0.39685026298095677 1.190550788976792

# Matrix 79
1.1905507889789337 -0.3968502629885944 0.3968502629975223
-0.3968502629885944 1.1905507889742388 0.39685026298743337
0.3968502629975223 0.39685026298743337 1.1905507889726765

# Matrix 80
1.1905507902762198 -0.396850264039612 0.3968502657272115
-0.396850264039612 1.1905507870629664 0.39685025864966034
0.3968502657272115 0.39685025864966034 1.1905507890295972

# Matrix 81
1.1905507891118035 -0.3968502631164558 0.39685026294455955
-0.3968502631164558 1.1905507890667408 0.39685026293182024
0.39685026294455955 0.39685026293182024 1.1905507887665905

# Matrix 82
1.190550788723923 0.3968502634589176 0.3968502633457209
0.3968502634589176 1.1905507880443997 -0.39685026190003386
0.3968502633457209 -0.39685026190003386 1.1905507898886483

# Matrix 83
1.190550788973864 0.3968502629898241 0.396850262992187
0.3968502629898241 1.190550788973973 -0.39685026299156756
0.396850262992187 -0.39685026299156756 1.1905507889780407

# Matrix 84
1.1905507890081257 0.39685026309999655 0.3968502629651242
0.39685026309999655 1.1905507889560925 -0.3968502629181635
0.3968502629651242 -0.3968502629181635 1.1905507889713656

# Matrix 85
1.1905507889827047 -0.3968502629983641 0.39685026300974624
-0.3968502629983641 1.1905507889773237 0.39685026297664894
0.39685026300974624 0.39685026297664894 1.1905507889770301

# Matrix 86
1.1905507889754852 0.3968502629916856 -0.39685026299219006
0.3968502629916856 1.1905507889755431 0.39685026299167087
-0.39685026299219006 0.39685026299167087 1.1905507889768179

# Matrix 87
1.1905507890950202 0.3968502629208269 -0.3968502634209774
0.3968502629208269 1.1905507888564026 0.39685026248659455
-0.3968502634209774 0.39685026248659455 1.1905507888292755

# Matrix 88
1.1905507889804416 -0.3968502629960046 0.39685026299166154
-0.3968502629960046 1.1905507889720324 0.39685026298765463
0.39685026299166154 0.39685026298765463 1.1905507889751459

# Matrix 89
1.1905507889754627 -0.39685026298121584 0.3968502629984321
-0.39685026298121584 1.1905507889756817 0.3968502629927458
0.3968502629984321 0.3968502629927458 1.1905507889735487

# Matrix 90
1.1905507889735951 -0.39685026292001646 0.39685026317163163
-0.39685026292001646 1.1905507889642057 0.3968502628701348
0.39685026317163163 0.3968502628701348 1.1905507889762814

# Matrix 91
1.1905507898100858 -0.3968502636773998 0.39685026326654244
-0.3968502636773998 1.1905507899432983 0.3968502629213867
0.39685026326654244 0.3968502629213867 1.1905507880642443

# Matrix 92
1.1905507889350526 -0.3968502629122478 -0.3968502631287873
-0.3968502629122478 1.190550789020578 -0.39685026292844494
-0.3968502631287873 -0.39685026292844494 1.190550788966149

# Matrix 93
1.1905507889706575 0.3968502630287399 0.3968502630289465
0.3968502630287399 1.1905507889730458 -0.39685026291337305
0.3968502630289465 -0.39685026291337305 1.1905507889796554

# Matrix 94
1.1905507889755338 -0.3968502629921273 0.39685026299209203
-0.3968502629921273 1.1905507889768074 0.39685026299130866
0.39685026299209203 0.39685026299130866 1.1905507889754858

# Matrix 95
1.190550788975957 0.3968502629852379 -0.39685026300229864
0.3968502629852379 1.190550788975901 0.3968502629883797
-0.39685026300229864 0.3968502629883797 1.1905507889763571

# Matrix 96
1.1905507889750915 0.3968502629919073 0.3968502630005509
0.3968502629919073 1.190550788977139 -0.3968502629827258
0.3968502630005509 -0.3968502629827258 1.1905507889752525

# Matrix 97
1.1905507889770945 -0.3968502629950855 -0.3968502629923073
-0.3968502629950855 1.1905507889747897 -0.3968502629882223
-0.3968502629923073 -0.3968502629882223 1.19055078897603

# Matrix 98
1.190550787747624 0.396850261339754 0.3968502641877888
0.396850261339754 1.1905507897176864 -0.39685026184876443
0.3968502641877888 -0.39685026184876443 1.1905507878632957

# Matrix 99
1.1905507883031032 0.39685026332429707 -0.39685026308390625
0.39685026332429707 1.1905507895847445 0.39685026190893485
-0.39685026308390625 0.39685026190893485 1.1905507883815898

# Matrix 100
1.1905507889750788 0.3968502629560149 0.39685026310195015
0.3968502629560149 1.190550788976667 -0.3968502629170672
0.39685026310195015 -0.3968502629170672 1.1905507889755853

# Matrix 101
1.1905507889009384 0.39685026279433877 0.3968502632107816
0.39685026279433877 1.1905507890939362 -0.39685026279789726
0.3968502632107816 -0.39685026279789726 1.1905507887604423

# Matrix 102
1.1905507892362135 0.3968502621945484 -0.3968502645752174
0.3968502621945484 1.1905507887967288 0.3968502620954703
-0.3968502645752174 0.3968502620954703 1.190550788784593

# Matrix 103
1.1905507881324868 0.39685026117278904 -0.3968502647520234
0.39685026117278904 1.1905507901564027 0.3968502628815833
-0.3968502647520234 0.3968502628815833 1.1905507884698057

# Matrix 104
1.1905507890879339 0.3968502619250763 0.39685026487136527
0.3968502619250763 1.1905507889383906 -0.3968502622645199
0.39685026487136527 -0.3968502622645199 1.1905507889869358

# Matrix 105
1.1905507889474798 0.396850262933577 0.39685026304744897
0.396850262933577 1.1905507889594493 -0.39685026296340925
0.39685026304744897 -0.39685026296340925 1.1905507889898055

# Matrix 106
1.587401051635663 0.7937005257844172 -0.7937005257438327
0.7937005257844172 1.1905507889102982 -0.3968502627942642
-0.7937005257438327 -0.3968502627942642 1.190550788934588

# Matrix 107
1.190550789069149 -0.39685026279816893 0.3968502633133036
-0.39685026279816893 1.1905507887777385 0.39685026268523316
0.3968502633133036 0.39685026268523316 1.1905507889021174

# Matrix 108
1.190550789716967 -0.39685025982591443 -0.3968502646446152
-0.39685025982591443 1.1905507884809527 -0.39685026389475403
-0.3968502646446152 -0.39685026389475403 1.190550788119663

# Matrix 109
1.1905507898288954 0.39685026437966203 -0.39685026383054595
0.39685026437966203 1.19055078971969 0.3968502615915879
-0.39685026383054595 0.3968502615915879 1.1905507882055095

# Matrix 110
1.1905507890768323 -0.3968502628195794 -0.39685026366828186
-0.3968502628195794 1.1905507887094848 -0.3968502625152848
-0.39685026366828186 -0.3968502625152848 1.1905507891691278

# Matrix 111
1.1905507889769478 -0.396850262987829 0.39685026300107457
-0.396850262987829 1.1905507889752953 0.39685026298798964
0.39685026300107457 0.39685026298798964 1.1905507889769498

# Matrix 112
1.1905507889756224 0.3968502629906547 0.396850263009529
0.3968502629906547 1.190550788975904 -0.3968502629755919
0.396850263009529 -0.3968502629755919 1.1905507889765483

# Matrix 113
1.19055078909205 -0.3968502668541595 0.39685026118445155
-0.3968502668541595 1.1905507891873504 0.396850260912964
0.39685026118445155 0.396850260912964 1.1905507886244735

# Matrix 114
1.1905507882274242 0.39685026235681115 -0.39685026310390237
0.39685026235681115 1.190550789041361 0.396850263100709
-0.39685026310390237 0.396850263100709 1.190550789244937

# Matrix 115
1.1905507889762412 -0.3968502629922494 0.3968502629923043
-0.3968502629922494 1.1905507889762734 0.3968502629914739
0.3968502629923043 0.3968502629914739 1.1905507889758118

# Matrix 116
1.1905507882610085 -0.3968502627740633 -0.39685026266626244
-0.3968502627740633 1.1905507888830782 -0.3968502629631908
-0.39685026266626244 -0.3968502629631908 1.1905507892117293

# Matrix 117
1.1905507890330387 -0.3968502632377572 -0.3968502628938418
-0.3968502632377572 1.1905507890340215 -0.39685026288934455
-0.3968502628938418 -0.39685026288934455 1.1905507889061828

# Matrix 118
1.1905507889751752 -0.3968502629855109 0.39685026300247667
-0.3968502629855109 1.1905507889770517 0.3968502629878099
0.39685026300247667 0.3968502629878099 1.1905507889758695

# Matrix 119
1.1905507889759785 0.39685026299217774 0.396850262992116
0.39685026299217774 1.1905507889760711 -0.3968502629917736
0.396850262992116 -0.3968502629917736 1.190550788976317

# Matrix 120
1.1905507889765043 -0.3968502629895933 0.3968502629968443
-0.3968502629895933 1.1905507889751228 0.3968502629909301
0.3968502629968443 0.3968502629909301 1.1905507889780396

# Matrix 121
1.1905507892283955 0.39685026229979503 -0.3968502638911523
0.39685026229979503 1.190550788820712 0.39685026275554175
-0.3968502638911523 0.39685026275554175 1.1905507888496805

# Matrix 122
1.190550788865582 0.39685026286781855 0.39685026315480604
0.39685026286781855 1.1905507891018257 -0.39685026282659375
0.39685026315480604 -0.39685026282659375 1.1905507888341096

# Matrix 123
1.1905507890061293 0.3968502630350341 0.3968502630155067
0.3968502630350341 1.1905507889896545 -0.39685026295525916
0.3968502630155067 -0.39685026295525916 1.190550788962315

# Matrix 124
1.1905507889984623 -0.39685026328892875 0.39685026289669534
-0.39685026328892875 1.1905507889942013 0.396850262836116
0.39685026289669534 0.396850262836116 1.1905507889813758

# Matrix 125
1.190550788964829 -0.3968502629915341 0.39685026298766674
-0.3968502629915341 1.1905507889851585 0.3968502629869089
0.39685026298766674 0.3968502629869089 1.190550788968421

# Matrix 126
1.1905507891164233 -0.3968502631037305 -0.39685026299605725
-0.3968502631037305 1.1905507889828846 -0.3968502629363698
-0.39685026299605725 -0.3968502629363698 1.1905507888891491

# Matrix 127
1.1905507889764486 0.3968502629861299 -0.3968502629961522
0.3968502629861299 1.190550788975745 0.39685026299297627
-0.3968502629961522 0.39685026299297627 1.1905507889753644

# Matrix 128
1.1905507889645204 -0.39685026290085396 0.39685026315250693
-0.39685026290085396 1.1905507889882585 0.39685026290648967
0.39685026315250693 0.39685026290648967 1.1905507889593712

# Matrix 129
1.1905507889759364 -0.3968502629838433 0.3968502630074627
-0.3968502629838433 1.1905507889762859 0.3968502629844664
0.3968502630074627 0.3968502629844664 1.190550788975849

# Matrix 130
1.1905507889755855 0.3968502630170785 -0.3968502630206303
0.3968502630170785 1.1905507889893725 0.3968502629358248
-0.3968502630206303 0.3968502629358248 1.1905507889608744

# Matrix 131
1.190550788912247 -0.39685026189706657 0.39685026500196907
-0.39685026189706657 1.1905507887728535 0.39685026177636845
0.39685026500196907 0.39685026177636845 1.1905507889426026

# Matrix 132
1.1905507884609519 -0.3968502631378411 -0.3968502622994735
-0.3968502631378411 1.1905507896484224 -0.39685026307081006
-0.3968502622994735 -0.39685026307081006 1.1905507883510495

# Matrix 133
1.1905507889140865 0.3968502623215751 0.39685026303595006
0.3968502623215751 1.1905507876477917 -0.39685026274089186
0.39685026303595006 -0.39685026274089186 1.1905507894888385

# Matrix 134
1.1905507889798002 -0.3968502629190436 -0.39685026303951565
-0.3968502629190436 1.1905507889800213 -0.3968502630213951
-0.39685026303951565 -0.3968502630213951 1.1905507889724316

# Matrix 135
1.190550788973269 -0.3968502629927441 -0.3968502629908328
-0.3968502629927441 1.190550788980257 -0.3968502629934261
-0.3968502629908328 -0.3968502629934261 1.1905507889757763

# Matrix 136
1.1905507879723844 -0.39685026290814657 -0.3968502647640662
-0.39685026290814657 1.1905507880276691 -0.39685026060580225
-0.3968502647640662 -0.39685026060580225 1.1905507902302606

# Matrix 137
1.1905507891220306 -0.3968502628748768 0.39685026343503316
-0.3968502628748768 1.190550788700958 0.3968502627678849
0.39685026343503316 0.3968502627678849 1.1905507892071052

# Matrix 138
1.1905507889765468 -0.39685026299195875 -0.396850262992752
-0.39685026299195875 1.19055078897617 -0.39685026299147
-0.396850262992752 -0.39685026299147 1.1905507889757632

# Matrix 139
1.1905507890727953 -0.39685026232038206 0.3968502641104242
-0.39685026232038206 1.1905507888427327 0.39685026247953614
0.3968502641104242 0.39685026247953614 1.1905507889471134

# Matrix 140
1.1905507888924785 -0.3968502628501663 -0.39685026307382815
-0.3968502628501663 1.1905507888870437 -0.3968502629554011
-0.39685026307382815 -0.3968502629554011 1.1905507890521725

# Matrix 141
1.1905507889819782 0.39685026296488013 0.39685026302917326
0.39685026296488013 1.19055078896273 -0.39685026297686615
0.39685026302917326 -0.39685026297686615 1.1905507889785105

# Matrix 142
1.1905507889584113 -0.39685026297241116 0.39685026298148823
-0.39685026297241116 1.1905507889943872 0.39685026300403287
0.39685026298148823 0.39685026300403287 1.1905507889574332

# Matrix 143
1.1905507891055638 0.3968502618616305 -0.39685026426671866
0.3968502618616305 1.1905507890910545 0.3968502631989863
-0.39685026426671866 0.3968502631989863 1.190550789083017

# Matrix 144
1.1905507880323791 -0.3968502628550255 -0.3968502629144188
-0.3968502628550255 1.1905507899886714 -0.39685026287916403
-0.3968502629144188 -0.39685026287916403 1.190550788579857

# Matrix 145
1.1905507892777225 0.3968502627457128 -0.39685026349471736
0.3968502627457128 1.1905507884665125 0.39685026265339196
-0.39685026349471736 0.39685026265339196 1.1905507891018865

# Matrix 146
1.1905507894018776 -0.39685026035295057 0.39685026736532025
-0.39685026035295057 1.1905507886817641 0.39685026108467225
0.39685026736532025 0.39685026108467225 1.1905507886716005

# Matrix 147
1.5874010519678463 0.7937005259806091 0.7937005259796518
0.7937005259806091 1.19055078898161 0.3968502629175395
0.7937005259796518 0.3968502629175395 1.1905507889631037

# Matrix 148
1.1905507888698492 0.39685026294526415 0.39685026292776054
0.39685026294526415 1.1905507889733808 -0.39685026298196674
0.39685026292776054 -0.39685026298196674 1.1905507889640607

# Matrix 149
1.190550788975803 0.3968502629804651 0.3968502630154177
0.3968502629804651 1.1905507889764924 -0.39685026297992504
0.3968502630154177 -0.39685026297992504 1.1905507889758116

# Matrix 150
1.1905507889779638 0.3968502629940217 -0.39685026299221626
0.3968502629940217 1.1905507889754745 0.3968502629887039
-0.39685026299221626 0.3968502629887039 1.190550788973803

# Matrix 151
1.1905507890051297 0.3968502622063318 -0.3968502645100614
0.3968502622063318 1.1905507888586524 0.39685026220936587
-0.3968502645100614 0.39685026220936587 1.1905507890142764

# Matrix 152
1.1905507891792118 0.3968502633594243 0.3968502634761117
0.3968502633594243 1.1905507887545428 -0.3968502618112568
0.3968502634761117 -0.3968502618112568 1.1905507886653375

# Matrix 153
1.1905507888426037 -0.3968502616439007 0.396850265353402
-0.3968502616439007 1.1905507885292899 0.3968502620486134
0.396850265353402 0.3968502620486134 1.1905507896263219

# Matrix 154
1.1905507889376887 0.3968502629936405 -0.39685026296300907
0.3968502629936405 1.1905507890091804 0.3968502630029531
-0.39685026296300907 0.3968502630029531 1.1905507889650326

# Matrix 155
1.1905507887813813 -0.39685026216035507 0.3968502636381136
-0.39685026216035507 1.190550788588229 0.3968502624408038
0.3968502636381136 0.3968502624408038 1.1905507888219615

# Matrix 156
1.1905507889764344 0.3968502629928 -0.39685026299184606
0.3968502629928 1.1905507889764622 0.3968502629917968
-0.39685026299184606 0.3968502629917968 1.1905507889758453

# Matrix 157
1.1905507889682545 -0.39685026297872866 0.3968502630140388
-0.39685026297872866 1.1905507889821652 0.39685026297631343
0.3968502630140388 0.39685026297631343 1.1905507889709608

# Matrix 158
1.190550789296363 -0.39685026065650153 0.39685026566067716
-0.39685026065650153 1.1905507895031013 0.3968502631271078
0.39685026566067716 0.3968502631271078 1.1905507885971218

# Matrix 159
1.1905507889735238 0.3968502630343668 0.39685026297907655
0.3968502630343668 1.1905507889757105 -0.3968502629616476
0.39685026297907655 -0.3968502629616476 1.1905507889781557

# Matrix 160
1.190550788970893 -0.3968502629694404 0.3968502630392712
-0.3968502629694404 1.1905507889807663 0.3968502629595568
0.3968502630392712 0.3968502629595568 1.1905507889689084

# Matrix 161
1.1905507889698999 -0.3968502630071355 0.39685026298458476
-0.3968502630071355 1.1905507889692988 0.39685026297833936
0.39685026298458476 0.39685026297833936 1.1905507889831601

# Matrix 162
1.1905507890815832 -0.39685026467053375 0.396850262816535
-0.39685026467053375 1.1905507891500073 0.39685026146848296
0.396850262816535 0.39685026146848296 1.1905507886762605

# Matrix 163
1.1905507889951539 0.3968502631080269 0.39685026305271043
0.3968502631080269 1.190550788959751 -0.3968502627982531
0.39685026305271043 -0.3968502627982531 1.1905507889563842

# Matrix 164
1.1905507894826919 -0.39685026315853894 0.3968502634223746
-0.39685026315853894 1.1905507887856186 0.3968502623472994
0.3968502634223746 0.3968502623472994 1.1905507886122015

# Matrix 165
1.190550788973634 0.3968502627182669 0.39685026347930674
0.3968502627182669 1.19055078902343 -0.39685026283122876
0.39685026347930674 -0.39685026283122876 1.190550788984038

# Matrix 166
1.5874010519674948 0.7937005259836122 0.7937005259836376
0.7937005259836122 1.190550788976011 0.39685026299126913
0.7937005259836376 0.39685026299126913 1.190550788976043

# Matrix 167
1.587401049322975 -0.7937005244732064 -0.793700524636641
-0.7937005244732064 1.1905507886756714 0.39685026435275017
-0.793700524636641 0.39685026435275017 1.1905507890635

# Matrix 168
1.190550788934817 -0.3968502630445569 -0.39685026304532695
-0.3968502630445569 1.1905507890148224 -0.39685026292216813
-0.39685026304532695 -0.39685026292216813 1.1905507890147113

# Matrix 169
1.190550788288323 -0.396850264456224 -0.3968502632241868
-0.396850264456224 1.1905507907568884 -0.39685026127995704
-0.3968502632241868 -0.39685026127995704 1.1905507878674557

# Matrix 170
1.1905507889453533 -0.3968502628996998 -0.3968502630710045
-0.3968502628996998 1.190550788938305 -0.39685026296152337
-0.3968502630710045 -0.39685026296152337 1.190550789000869

# Matrix 171
1.1905507890077809 0.3968502633043305 -0.39685026290904174
0.3968502633043305 1.1905507888771463 0.39685026264264633
-0.39685026290904174 0.39685026264264633 1.1905507889233906

# Matrix 172
1.190550788943395 -0.39685026301222354 -0.3968502629268083
-0.39685026301222354 1.1905507890040912 -0.3968502630079992
-0.3968502629268083 -0.3968502630079992 1.1905507889518436

# Matrix 173
1.1905507889749345 0.39685026298806103 0.3968502630031195
0.39685026298806103 1.1905507889762337 -0.3968502629847472
0.3968502630031195 -0.3968502629847472 1.1905507889770586

# Matrix 174
1.190550789248657 -0.39685026462534256 0.3968502622565053
-0.39685026462534256 1.1905507889469409 0.39685026205548823
0.3968502622565053 0.39685026205548823 1.1905507886940374

# Matrix 175
1.1905507889559126 -0.39685026298586884 0.3968502629846371
-0.39685026298586884 1.1905507889970237 0.3968502629858363
0.3968502629846371 0.3968502629858363 1.1905507889557054

# Matrix 176
1.5874010518665667 -0.7937005259302271 -0.7937005259300041
-0.7937005259302271 1.1905507889722824 0.3968502629539296
-0.7937005259300041 0.3968502629539296 1.1905507889736813

# Matrix 177
1.1905507889896425 -0.3968502632104863 0.3968502628649309
-0.3968502632104863 1.1905507889237057 0.396850262820545
0.3968502628649309 0.396850262820545 1.1905507889349134

# Matrix 178
1.1905507889761011 -0.3968502629923817 0.39685026299230625
-0.3968502629923817 1.1905507889761966 0.39685026299140796
0.39685026299230625 0.39685026299140796 1.190550788976097

# Matrix 179
1.190550788976347 -0.3968502629922127 -0.39685026299188764
-0.3968502629922127 1.190550788975962 -0.39685026299186693
-0.39685026299188764 -0.39685026299186693 1.1905507889759575

# Matrix 180
1.190550788982213 -0.39685026301118176 -0.3968502629907228
-0.39685026301118176 1.19055078896787 -0.39685026296213516
-0.3968502629907228 -0.39685026296213516 1.190550788966256

# Matrix 181
1.190550788975396 -0.39685026297140186 0.39685026302787363
-0.39685026297140186 1.1905507889755453 0.396850262979633
0.39685026302787363 0.396850262979633 1.1905507889802667

# Matrix 182
1.1905507889752516 -0.39685026374918 -0.3968502627200969
-0.39685026374918 1.1905507889687053 -0.39685026250618965
-0.3968502627200969 -0.39685026250618965 1.1905507889838092

# Matrix 183
1.1905507889776958 0.3968502629346646 0.3968502632081482
0.3968502629346646 1.19055078896627 -0.39685026284297303
0.3968502632081482 -0.39685026284297303 1.1905507889941191

# Matrix 184
1.1905507889741946 -0.3968502629943384 0.39685026299668413
-0.3968502629943384 1.1905507889819156 0.39685026298702925
0.39685026299668413 0.39685026298702925 1.190550788974241

# Matrix 185
1.1905507889798308 0.3968502629940813 0.3968502629897471
0.3968502629940813 1.190550788971046 -0.3968502629855519
0.3968502629897471 -0.3968502629855519 1.1905507889708025

# Matrix 186
1.5874010508066068 -0.7937005254029922 0.7937005254022946
-0.7937005254029922 1.1905507888603486 -0.3968502626364139
0.7937005254022946 -0.3968502626364139 1.1905507890906308

# Matrix 187
1.1905507886640714 -0.3968502624800869 -0.3968502631030902
-0.3968502624800869 1.1905507891868463 -0.39685026314491495
-0.3968502631030902 -0.39685026314491495 1.190550788829474

# Matrix 188
1.1905507889706213 -0.39685026299294707 0.39685026298907666
-0.39685026299294707 1.1905507889814537 0.39685026299357035
0.39685026298907666 0.39685026299357035 1.1905507889758187

# Matrix 189
1.1905507889743012 0.396850262994187 0.3968502629901541
0.396850262994187 1.1905507889742115 -0.3968502629896886
0.3968502629901541 -0.3968502629896886 1.190550788977816

# Matrix 190
1.1905507889088753 -0.3968502631203748 0.39685026284769104
-0.3968502631203748 1.1905507890136597 0.3968502629176457
0.39685026284769104 0.3968502629176457 1.1905507889154758

# Matrix 191
1.1905507890963123 -0.3968502667493593 0.39685026119964945
-0.3968502667493593 1.1905507891103375 0.396850261150513
0.39685026119964945 0.396850261150513 1.190550788845171

# Matrix 192
1.1905507891204838 0.396850262372825 0.39685026358841463
0.396850262372825 1.1905507889445768 -0.3968502630680546
0.39685026358841463 -0.3968502630680546 1.1905507889165332

# Matrix 193
1.190550788743778 -0.3968502621876653 0.396850264297401
-0.3968502621876653 1.1905507891384066 0.39685026257012374
0.396850264297401 0.39685026257012374 1.1905507891253047

# Matrix 194
1.5874010519682515 0.7937005259834773 0.7937005259809168
0.7937005259834773 1.1905507889769271 0.39685026298992115
0.7937005259809168 0.39685026298992115 1.1905507889715146

# Matrix 195
1.1905507889724483 0.39685026307062393 -0.39685026314624405
0.39685026307062393 1.1905507889543059 0.39685026275717505
-0.39685026314624405 0.39685026275717505 1.1905507889995879

# Matrix 196
1.1905507889549662 -0.3968502629541463 0.3968502630204559
-0.3968502629541463 1.1905507889587206 0.3968502629841466
0.3968502630204559 0.3968502629841466 1.1905507889973612

# Matrix 197
1.1905507889907743 -0.39685026297336523 0.3968502630184709
-0.39685026297336523 1.1905507889903597 0.3968502629988301
0.3968502630184709 0.3968502629988301 1.1905507889618312

# Matrix 198
1.1905507889812366 0.3968502629977071 0.39685026298966414
0.3968502629977071 1.1905507889731977 -0.39685026298629106
0.39685026298966414 -0.39685026298629106 1.1905507889715272

# Matrix 199
1.19055078898905 0.39685026298298065 -0.3968502631249572
0.39685026298298065 1.1905507889762401 0.39685026290791886
-0.3968502631249572 0.39685026290791886 1.190550789002866

# Matrix 200
1.1905507889625762 0.396850263025689 0.3968502629335087
0.396850263025689 1.1905507889797111 -0.3968502629642379
0.3968502629335087 -0.3968502629642379 1.1905507889334475

# Matrix 201
1.1905507889656566 0.3968502629420571 0.3968502630395347
0.3968502629420571 1.190550788975173 -0.3968502629743955
0.3968502630395347 -0.3968502629743955 1.190550788967457

# Matrix 202
1.1905507885507054 0.39685026332701645 -0.39685026232799586
0.39685026332701645 1.1905507893921707 0.39685026308346544
-0.39685026232799586 0.39685026308346544 1.190550788747901

# Matrix 203
1.1905507889841493 -0.3968502630560768 -0.3968502629824556
-0.3968502630560768 1.1905507889620877 -0.3968502629431147
-0.3968502629824556 -0.3968502629431147 1.1905507889877094

# Matrix 204
1.1905507887676523 0.39685026291312503 0.39685026356466413
0.39685026291312503 1.1905507894067957 -0.39685026256667905
0.39685026356466413 -0.39685026256667905 1.1905507888223195

# Matrix 205
1.1905507889714557 0.3968502629200704 0.39685026309312615
0.3968502629200704 1.1905507889624964 -0.3968502629789597
0.39685026309312615 -0.3968502629789597 1.190550789010503

# Matrix 206
1.1905507889744082 0.39685026284878006 0.3968502631888541
0.39685026284878006 1.1905507889781468 -0.3968502629408665
0.3968502631888541 -0.3968502629408665 1.1905507889782447

# Matrix 207
1.1905507888758722 0.39685026396906065 0.39685026311478716
0.39685026396906065 1.190550789093754 -0.39685026216178615
0.39685026311478716 -0.39685026216178615 1.1905507892283074

# Matrix 208
1.1905507886487359 -0.3968502630041015 -0.3968502633550768
-0.3968502630041015 1.1905507891088594 -0.3968502624231302
-0.3968502633550768 -0.3968502624231302 1.1905507889770128

# Matrix 209
1.1905507889750726 -0.3968502629798714 -0.39685026301673576
-0.3968502629798714 1.1905507889777756 -0.39685026298410114
-0.39685026301673576 -0.39685026298410114 1.1905507889801594

# Matrix 210
1.1905507889770506 -0.3968502629312718 0.39685026309913285
-0.3968502629312718 1.1905507889752114 0.39685026294667597
0.39685026309913285 0.39685026294667597 1.1905507889771179

# Matrix 211
1.1905507889812512 0.39685026300552445 -0.3968502629877117
0.39685026300552445 1.1905507889825182 0.39685026298840514
-0.3968502629877117 0.39685026298840514 1.1905507889701714

# Matrix 212
1.1905507889753795 -0.3968502628989247 0.3968502633211263
-0.3968502628989247 1.1905507889760745 0.39685026275402724
0.3968502633211263 0.39685026275402724 1.1905507889749234

# Matrix 213
1.190550788850219 -0.39685026052901007 0.3968502667267882
-0.39685026052901007 1.1905507888840567 0.3968502614645302
0.3968502667267882 0.3968502614645302 1.1905507889383518

# Matrix 214
1.1905507889766047 -0.39685026299276405 -0.3968502629927092
-0.39685026299276405 1.1905507889765925 -0.39685026299112125
-0.3968502629927092 -0.39685026299112125 1.1905507889756968

# Matrix 215
1.190550788952959 0.39685026290581454 -0.39685026319195316
0.39685026290581454 1.1905507889629747 0.3968502629013802
-0.39685026319195316 0.3968502629013802 1.1905507890355136

# Matrix 216
1.1905507887255604 0.39685026495611136 0.3968502619656508
0.39685026495611136 1.1905507893472769 -0.39685026215599356
0.3968502619656508 -0.39685026215599356 1.1905507889572178

# Matrix 217
1.190550787837399 -0.39685026096834936 0.3968502634951862
-0.39685026096834936 1.190550788355743 0.3968502636332789
0.3968502634951862 0.3968502636332789 1.190550789855972

# Matrix 218
1.1905507889859666 -0.3968502630037661 -0.396850262996177
-0.3968502630037661 1.1905507889842497 -0.3968502629855207
-0.396850262996177 -0.3968502629855207 1.1905507889675464

# Matrix 219
1.1905507889678362 -0.39685026478780744 0.3968502622056468
-0.39685026478780744 1.1905507889726286 0.39685026197210843
0.3968502622056468 0.39685026197210843 1.1905507889773967

# Matrix 220
1.1905507882904873 -0.39685026232596987 -0.3968502635414852
-0.39685026232596987 1.1905507895620269 -0.3968502622334972
-0.3968502635414852 -0.3968502622334972 1.1905507882007373

# Matrix 221
1.1905507888125555 0.39685026120669836 0.39685026629214093
0.39685026120669836 1.1905507891678653 -0.39685026136460627
0.39685026629214093 -0.39685026136460627 1.1905507888353242

# Matrix 222
1.1905507892908134 0.3968502631262697 0.39685026403098744
0.3968502631262697 1.1905507892504605 -0.3968502620705103
0.39685026403098744 -0.3968502620705103 1.1905507886387923

# Matrix 223
1.190550788975081 -0.39685026298905496 0.3968502629901258
-0.39685026298905496 1.1905507889736775 0.3968502629909726
0.3968502629901258 0.3968502629909726 1.1905507889736942

# Matrix 224
1.1905507889532794 0.3968502630063843 0.3968502629720223
0.3968502630063843 1.1905507889529787 -0.3968502629724355
0.3968502629720223 -0.3968502629724355 1.1905507889968834

# Matrix 225
1.1905507889361642 -0.39685026293252307 -0.3968502630906702
-0.39685026293252307 1.1905507890012428 -0.39685026292398023
-0.3968502630906702 -0.39685026292398023 1.1905507889620657

# Matrix 226
1.1905507891001714 0.3968502633995032 0.39685026368838877
0.3968502633995032 1.1905507890052254 -0.39685026220603153
0.39685026368838877 -0.39685026220603153 1.190550789140826

# Matrix 227
1.1905507889161795 0.3968502629385838 0.39685026309313765
0.3968502629385838 1.1905507889916327 -0.39685026288584674
0.39685026309313765 -0.39685026288584674 1.1905507889620552

# Matrix 228
1.1905507889828086 -0.39685026303411686 0.3968502630439002
-0.39685026303411686 1.1905507889694864 0.3968502628916172
0.3968502630439002 0.3968502628916172 1.1905507889696383

# Matrix 229
1.1905507889746823 0.39685026299002735 -0.39685026299280707
0.39685026299002735 1.1905507889738765 0.3968502629914578
-0.39685026299280707 0.3968502629914578 1.1905507889780327

# Matrix 230
1.1905507888402294 -0.3968502628336572 0.39685026312445976
-0.3968502628336572 1.1905507891151428 0.3968502628833134
0.39685026312445976 0.3968502628833134 1.1905507888383575

# Matrix 231
1.1905507890744105 -0.3968502628659544 -0.39685026404665424
-0.3968502628659544 1.190550788887725 -0.3968502619717401
-0.39685026404665424 -0.3968502619717401 1.1905507888745124

# Matrix 232
1.1905507889770486 0.39685026299858234 0.3968502629985269
0.39685026299858234 1.1905507889762676 -0.39685026297793485
0.3968502629985269 -0.39685026297793485 1.1905507889740272

# Matrix 233
1.1905507889723954 -0.39685026298897613 0.3968502629945112
-0.39685026298897613 1.1905507889794888 0.3968502629896104
0.3968502629945112 0.3968502629896104 1.1905507889735127

# Matrix 234
1.1905507889996576 -0.3968502630884232 -0.3968502628893362
-0.3968502630884232 1.1905507889872167 -0.39685026288694064
-0.3968502628893362 -0.39685026288694064 1.1905507888301252

# Matrix 235
1.1905507889726616 0.3968502629844867 0.396850263069342
0.3968502629844867 1.1905507889532077 -0.3968502629194556
0.396850263069342 -0.3968502629194556 1.1905507889997142

# Matrix 236
1.1905507890035758 -0.39685026311609234 0.3968502630024798
-0.39685026311609234 1.1905507889734923 0.3968502628807266
0.3968502630024798 0.3968502628807266 1.1905507889745301

# Matrix 237
1.1905507888686109 0.3968502626118454 0.39685026364053994
0.3968502626118454 1.190550789081781 -0.3968502626344033
0.39685026364053994 -0.3968502626344033 1.1905507888886955

# Matrix 238
1.190550788953356 0.3968502632127192 -0.3968502635023105
0.3968502632127192 1.190550789015072 0.39685026230508574
-0.3968502635023105 0.39685026230508574 1.1905507890039866

# Matrix 239
1.190550788975998 0.3968502629895788 0.3968502629959174
0.3968502629895788 1.1905507889753548 -0.3968502629895269
0.3968502629959174 -0.3968502629895269 1.1905507889759694

# Matrix 240
1.190550788429386 -0.3968502638369727 0.3968502633451663
-0.3968502638369727 1.1905507890010376 0.39685026159595765
0.3968502633451663 0.39685026159595765 1.190550789299972

# Matrix 241
1.1905507885087527 0.3968502629314518 0.39685026350387137
0.3968502629314518 1.1905507893333618 -0.39685026204390783
0.39685026350387137 -0.39685026204390783 1.190550788589416

# Matrix 242
1.1905507879895987 -0.39685025950973823 -0.3968502659865648
-0.39685025950973823 1.190550787995016 -0.39685026316502287
-0.3968502659865648 -0.39685026316502287 1.1905507906290103

# Matrix 243
1.1905507896424035 0.39685026178127747 0.3968502667299966
0.39685026178127747 1.1905507883366806 -0.3968502611173746
0.3968502667299966 -0.3968502611173746 1.1905507896018643

# Matrix 244
1.1905507889821392 0.3968502630211777 -0.39685026299778653
0.3968502630211777 1.1905507889694882 0.39685026295150594
-0.39685026299778653 0.39685026295150594 1.1905507889711424

# Matrix 245
1.190550788852592 -0.396850262488407 -0.3968502667121506
-0.396850262488407 1.1905507891077893 -0.3968502597408612
-0.3968502667121506 -0.3968502597408612 1.190550788933337

# Matrix 246
1.190550788912252 0.3968502625684792 0.396850263646757
0.3968502625684792 1.1905507890514158 -0.3968502627532638
0.396850263646757 -0.3968502627532638 1.1905507889571316

# Matrix 247
1.190550788984071 0.3968502629740434 -0.3968502630290868
0.3968502629740434 1.190550788971413 0.39685026297552745
-0.3968502630290868 0.39685026297552745 1.1905507889754727

# Matrix 248
1.1905507888464215 0.3968502611126859 -0.39685026664366335
0.3968502611126859 1.1905507891049056 0.39685026108374516
-0.39685026664366335 0.39685026108374516 1.1905507888410667

# Matrix 249
1.1905507890142308 -0.39685026302243526 0.3968502631438005
-0.39685026302243526 1.1905507889365257 0.39685026277020463
0.3968502631438005 0.39685026277020463 1.1905507889379832

# Matrix 250
1.190550789005774 -0.39685026279775 -0.3968502631381051
-0.39685026279775 1.1905507889457403 -0.39685026300313786
-0.3968502631381051 -0.39685026300313786 1.190550788939778

# Matrix 251
1.1905507889734523 0.396850262936957 0.39685026302128973
0.396850262936957 1.1905507889841782 -0.3968502629880034
0.39685026302128973 -0.3968502629880034 1.1905507889409186

# Matrix 252
1.1905507889567541 -0.39685026297862747 0.39685026297833975
-0.39685026297862747 1.1905507889749911 0.3968502629965715
0.39685026297833975 0.3968502629965715 1.1905507889740925

# Matrix 253
1.1905507895513494 0.3968502629571671 -0.3968502642917748
0.3968502629571671 1.190550789516591 0.3968502622800536
-0.3968502642917748 0.3968502622800536 1.1905507884133542

# Matrix 254
1.1905507885925248 0.3968502637794139 0.3968502622027996
0.3968502637794139 1.1905507885555462 -0.39685026230768894
0.3968502622027996 -0.39685026230768894 1.1905507890941307

# Matrix 255
1.1905507894409564 -0.3968502630711795 0.3968502661863165
-0.3968502630711795 1.1905507897545506 0.39685026153377534
0.3968502661863165 0.39685026153377534 1.1905507895480634

# Matrix 256
1.1905507889749833 -0.3968502629822885 0.39685026300833853
-0.3968502629822885 1.190550788975328 0.39685026298508247
0.39685026300833853 0.39685026298508247 1.1905507889776972

# Matrix 257
1.1905507889468387 0.39685025981494815 -0.3968502648575746
0.39685025981494815 1.1905507889052827 0.39685026423056435
-0.3968502648575746 0.39685026423056435 1.190550789003265

# Matrix 258
1.1905507889987093 0.39685026464534856 0.3968502625230085
0.39685026464534856 1.1905507889298725 -0.3968502617475402
0.3968502625230085 -0.3968502617475402 1.1905507889396145

# Matrix 259
1.587401049421017 -0.7937005243211944 -0.7937005242681958
-0.7937005243211944 1.1905507885709197 0.3968502624677242
-0.7937005242681958 0.3968502624677242 1.1905507885497528

# Matrix 260
1.1905507889689928 0.39685026290408815 0.3968502632554718
0.39685026290408815 1.1905507889721125 -0.3968502628012691
0.3968502632554718 -0.3968502628012691 1.190550788972023

# Matrix 261
1.190550789008376 -0.39685026305157467 -0.3968502629639716
-0.39685026305157467 1.1905507889489462 -0.39685026293370124
-0.3968502629639716 -0.39685026293370124 1.1905507889442248

# Matrix 262
1.190550788323312 0.39685025781033806 0.39685026621583325
0.39685025781033806 1.190550788454744 -0.3968502644218204
0.39685026621583325 -0.3968502644218204 1.190550789622235

# Matrix 263
1.1905507889759495 -0.3968502630027003 -0.3968502629846296
-0.3968502630027003 1.1905507889800706 -0.39685026298888376
-0.3968502629846296 -0.39685026298888376 1.1905507889724924

# Matrix 264
1.190550788968723 0.3968502631375788 0.3968502629712646
0.3968502631375788 1.1905507889856441 -0.3968502628802568
0.3968502629712646 -0.3968502628802568 1.1905507889870324

# Matrix 265
1.1905507889764106 -0.39685026298636317 0.3968502630032841
-0.39685026298636317 1.1905507889758933 0.3968502629867722
0.3968502630032841 0.3968502629867722 1.1905507889764144

# Matrix 266
1.190550787889883 0.39685026035524984 -0.3968502640956668
0.39685026035524984 1.1905507878560406 0.3968502634907781
-0.3968502640956668 0.3968502634907781 1.1905507901480703

# Matrix 267
1.1905507889758467 -0.39685026299615167 -0.3968502630211573
-0.39685026299615167 1.1905507889751397 -0.3968502629664374
-0.3968502630211573 -0.3968502629664374 1.1905507889850595

# Matrix 268
1.1905507889798286 0.3968502629965419 -0.39685026299026216
0.3968502629965419 1.1905507889768174 0.3968502629901087
-0.39685026299026216 0.3968502629901087 1.190550788972566

# Matrix 269
1.1905507890849611 -0.3968502630886093 0.3968502627989662
-0.3968502630886093 1.1905507888722178 0.3968502627952918
0.3968502627989662 0.3968502627952918 1.1905507886779876

# Matrix 270
1.190550789092745 0.39685026290792313 0.39685026364181886
0.39685026290792313 1.1905507888420281 -0.39685026263709783
0.39685026364181886 -0.39685026263709783 1.190550789204366

# Matrix 271
1.1905507890698233 -0.3968502626397371 0.39685026442641724
-0.3968502626397371 1.1905507890928126 0.3968502619338372
0.39685026442641724 0.3968502619338372 1.1905507887896545

# Matrix 272
1.190550788976278 -0.39685026298930276 0.3968502629938678
-0.39685026298930276 1.1905507889760198 0.3968502629929988
0.3968502629938678 0.3968502629929988 1.1905507889761704

# Matrix 273
1.1905507889749494 0.39685026302634546 0.3968502630531411
0.39685026302634546 1.1905507889758888 -0.39685026289513115
0.3968502630531411 -0.39685026289513115 1.190550788976079

# Matrix 274
1.1905507890917455 0.3968502631029129 0.3968502629870634
0.3968502631029129 1.1905507889096483 -0.39685026290278896
0.3968502629870634 -0.39685026290278896 1.1905507889436708

# Matrix 275
1.1905507879062256 -0.39685026320648364 0.3968502614770394
-0.39685026320648364 1.190550789897385 0.39685026343482865
0.3968502614770394 0.39685026343482865 1.19055078826704

# Matrix 276
1.190550788979174 -0.39685026299156373 -0.39685026299200443
-0.39685026299156373 1.1905507889736637 -0.3968502629900634
-0.39685026299200443 -0.3968502629900634 1.190550788973093

# Matrix 277
1.1905507889949933 0.39685026294948517 -0.39685026303710774
0.39685026294948517 1.190550788957476 0.3968502629887028
-0.39685026303710774 0.3968502629887028 1.1905507889751252

# Matrix 278
1.190550789355318 -0.39685026359729464 0.39685026499367454
-0.39685026359729464 1.1905507895522802 0.3968502609287629
0.39685026499367454 0.3968502609287629 1.190550788564433

# Matrix 279
1.1905507889703293 0.3968502630939027 0.39685026298154275
0.3968502630939027 1.1905507889718787 -0.39685026289558945
0.39685026298154275 -0.39685026289558945 1.1905507889811262

# Matrix 280
1.1905507889464624 -0.39685026297514797 0.396850262941118
-0.39685026297514797 1.190550788991018 0.3968502629658016
0.396850262941118 0.3968502629658016 1.190550788896887

# Matrix 281
1.1905507890032312 0.3968502629364469 0.3968502631975742
0.3968502629364469 1.190550788949085 -0.3968502628692042
0.3968502631975742 -0.3968502628692042 1.1905507890032085

# Matrix 282
1.1905507887692448 0.39685026200407614 -0.39685026370562804
0.39685026200407614 1.1905507887963587 0.3968502630688913
-0.39685026370562804 0.3968502630688913 1.1905507891652911

# Matrix 283
1.1905507890174796 -0.3968502652274908 0.3968502627294704
-0.3968502652274908 1.1905507889389872 0.3968502610613745
0.3968502627294704 0.3968502610613745 1.190550789014168

# Matrix 284
1.1905507889683047 -0.39685026279275243 0.3968502633113691
-0.39685026279275243 1.190550788984306 0.3968502627526765
0.3968502633113691 0.3968502627526765 1.190550788856486

# Matrix 285
1.587401051936969 0.7937005259613706 0.7937005259637033
0.7937005259613706 1.190550788967927 0.39685026295485387
0.7937005259637033 0.39685026295485387 1.1905507889724773

# Matrix 286
1.1905507889777138 -0.3968502629930817 -0.39685026299336684
-0.3968502629930817 1.1905507889745321 -0.3968502629902699
-0.39685026299336684 -0.3968502629902699 1.190550788976772

# Matrix 287
1.1905507889761486 -0.3968502629921691 0.3968502629920155
-0.3968502629921691 1.1905507889761506 0.3968502629919549
0.3968502629920155 0.3968502629919549 1.1905507889761398

# Matrix 288
1.1905507889737403 0.3968502629895337 -0.39685026299843024
0.3968502629895337 1.19055078898342 0.3968502629899438
-0.39685026299843024 0.3968502629899438 1.1905507889730467

# Matrix 289
1.1905507881591146 -0.3968502626249216 0.39685026336414125
-0.3968502626249216 1.1905507899808743 0.3968502631234243
0.39685026336414125 0.3968502631234243 1.1905507889247973

# Matrix 290
1.1905507886932993 0.39685026299368537 0.39685026314863764
0.39685026299368537 1.1905507891713671 -0.39685026281805447
0.39685026314863764 -0.39685026281805447 1.1905507890480107

# Matrix 291
1.1905507889762323 0.39685026300441534 -0.3968502630083673
0.39685026300441534 1.1905507889757199 0.39685026296278514
-0.3968502630083673 0.39685026296278514 1.1905507889759146

# Matrix 292
1.1905507888687434 -0.39685026306071014 -0.3968502627704812
-0.39685026306071014 1.1905507890884892 -0.39685026302665843
-0.3968502627704812 -0.39685026302665843 1.1905507888529163

# Matrix 293
1.1905507887841722 -0.39685026259841677 -0.39685026329352213
-0.39685026259841677 1.1905507888152473 -0.3968502628163758
-0.39685026329352213 -0.3968502628163758 1.1905507890611942

# Matrix 294
1.1905507889757627 0.39685026299151865 -0.39685026299280984
0.39685026299151865 1.190550788976528 0.39685026299142107
-0.39685026299280984 0.39685026299142107 1.190550788975758

# Matrix 295
1.1905507889876614 0.3968502630142864 0.3968502630128397
0.3968502630142864 1.1905507889767004 -0.3968502629677497
0.3968502630128397 -0.3968502629677497 1.1905507889828133

# Matrix 296
1.1905507889766265 0.3968502629914597 -0.39685026299367554
0.3968502629914597 1.1905507889758238 0.39685026299148524
-0.39685026299367554 0.39685026299148524 1.1905507889764693

# Matrix 297
1.1905507889566929 -0.39685026305044635 0.39685026299150056
-0.39685026305044635 1.1905507889892912 0.3968502629083329
0.39685026299150056 0.3968502629083329 1.190550788956595

# Matrix 298
1.1905507888544224 -0.3968502631727213 0.3968502633430767
-0.3968502631727213 1.190550789143587 0.39685026259768985
0.3968502633430767 0.39685026259768985 1.1905507890677773

# Matrix 299
1.1905507889637346 -0.39685026282882085 -0.39685026329481277
-0.39685026282882085 1.1905507889883953 -0.39685026283997926
-0.39685026329481277 -0.39685026283997926 1.190550788963782

# Matrix 300
1.190550789011225 0.3968502630401194 -0.3968502629849741
0.3968502630401194 1.1905507890090452 0.3968502629749399
-0.3968502629849741 0.3968502629749399 1.1905507889320623

# Matrix 301
1.1905507889785043 -0.3968502629880235 0.3968502629999589
-0.3968502629880235 1.1905507889733433 0.39685026298950427
0.3968502629999589 0.39685026298950427 1.190550788977938

# Matrix 302
1.190550788617892 -0.39685026324339945 -0.39685026326985257
-0.39685026324339945 1.1905507892386102 -0.3968502627159069
-0.39685026326985257 -0.3968502627159069 1.1905507893249558

# Matrix 303
1.1905507887838858 -0.39685026300629034 0.39685026377460064
-0.39685026300629034 1.1905507892019813 0.3968502620315558
0.39685026377460064 0.3968502620315558 1.190550788778879

# Matrix 304
1.1905507888741074 0.39685026293124265 -0.3968502629877585
0.39685026293124265 1.190550788861653 0.39685026293886033
-0.3968502629877585 0.39685026293886033 1.1905507890744003

# Matrix 305
1.587401051876508 0.7937005259379715 0.7937005259155652
0.7937005259379715 1.1905507889684692 0.3968502629062002
0.7937005259155652 0.3968502629062002 1.1905507889608584

# Matrix 306
1.1905507888494702 -0.3968502628952877 -0.39685026441220933
-0.3968502628952877 1.1905507888451172 -0.39685026153934744
-0.39685026441220933 -0.39685026153934744 1.1905507891045561

# Matrix 307
1.1905507890133984 -0.3968502630941439 0.39685026308670074
-0.3968502630941439 1.1905507889603584 0.39685026280778335
0.39685026308670074 0.39685026280778335 1.1905507889671703

# Matrix 308
1.1905507885687798 0.3968502634947679 0.3968502624345036
0.3968502634947679 1.1905507893846425 -0.39685026285306557
0.3968502624345036 -0.39685026285306557 1.1905507887812135

# Matrix 309
1.1905507889667315 0.3968502629637824 0.3968502630670947
0.3968502629637824 1.1905507889891271 -0.39685026293717646
0.3968502630670947 -0.39685026293717646 1.1905507889644944

# Matrix 310
1.190550789108961 0.396850262629304 -0.39685026407476426
0.396850262629304 1.1905507889972295 0.39685026250501054
-0.39685026407476426 0.39685026250501054 1.1905507890551876

# Matrix 311
1.1905507889067684 -0.39685026321585387 0.3968502650250082
-0.39685026321585387 1.1905507890174118 0.3968502609658902
0.3968502650250082 0.3968502609658902 1.190550789234871

# Matrix 312
1.1905507889030515 -0.3968502629856266 0.39685026325209316
-0.3968502629856266 1.1905507890871703 0.39685026276519964
0.39685026325209316 0.39685026276519964 1.1905507889649964

# Matrix 313
1.190550788965859 0.3968502629949278 0.39685026298008946
0.3968502629949278 1.190550788968159 -0.3968502629802921
0.39685026298008946 -0.3968502629802921 1.1905507889735902

# Matrix 314
1.1905507889785492 0.3968502629880012 0.39685026300684145
0.3968502629880012 1.190550788976877 -0.39685026298255466
0.39685026300684145 -0.39685026298255466 1.1905507889742704

# Matrix 315
1.1905507889798308 -0.39685026303232884 -0.3968502630209507
-0.39685026303232884 1.1905507889726599 -0.39685026291889836
-0.3968502630209507 -0.39685026291889836 1.1905507889719862

# Matrix 316
1.1905507889584575 0.3968502629786922 0.3968502629855445
0.3968502629786922 1.1905507889607756 -0.3968502629838738
0.3968502629855445 -0.3968502629838738 1.1905507889811768

# Matrix 317
1.1905507890385798 -0.396850264011342 -0.3968502627055512
-0.396850264011342 1.1905507889642575 -0.39685026236069326
-0.3968502627055512 -0.39685026236069326 1.1905507890270481

# Matrix 318
1.1905507889426288 0.39685026287216496 0.3968502630975317
0.39685026287216496 1.1905507889546882 -0.39685026297655973
0.3968502630975317 -0.39685026297655973 1.1905507890012386

# Matrix 319
1.1905507889765286 -0.3968502629989461 0.39685026299535553
-0.3968502629989461 1.1905507889759932 0.39685026298332565
0.39685026299535553 0.39685026298332565 1.1905507889774045

# Matrix 320
1.1905507888451152 -0.39685026266864953 -0.39685026328613143
-0.39685026266864953 1.1905507890567315 -0.396850262941154
-0.39685026328613143 -0.396850262941154 1.1905507889463876

# Matrix 321
1.1905507872660208 -0.39685026239096227 0.39685026166301945
-0.39685026239096227 1.190550789871252 0.39685026383931915
0.39685026166301945 0.39685026383931915 1.1905507887083269

# Matrix 322
1.1905507887211433 -0.3968502634422438 0.3968502634507559
-0.3968502634422438 1.1905507891352454 0.39685026209161584
0.3968502634507559 0.39685026209161584 1.190550789080526

# Matrix 323
1.1905507889792861 0.3968502629948037 -0.3968502629937715
0.3968502629948037 1.1905507889730436 0.3968502629862841
-0.3968502629937715 0.3968502629862841 1.1905507889748284

# Matrix 324
1.1905507889795304 0.39685026302210813 0.39685026297206377
0.39685026302210813 1.19055078898211 -0.3968502629803996
0.39685026297206377 -0.3968502629803996 1.19055078896523

# Matrix 325
1.1905507893513945 0.3968502631731738 0.39685026355850167
0.3968502631731738 1.1905507887868696 -0.39685026259231826
0.39685026355850167 -0.39685026259231826 1.1905507891380285

# Matrix 326
1.1905507889755365 -0.396850262994081 -0.3968502629945843
-0.396850262994081 1.1905507889774303 -0.3968502629854589
-0.3968502629945843 -0.3968502629854589 1.1905507889734568

# Matrix 327
1.1905507886143052 0.3968502616458212 -0.39685026518989897
0.3968502616458212 1.1905507890655536 0.39685026204502516
-0.39685026518989897 0.39685026204502516 1.1905507891531861

# Matrix 328
1.1905507889726552 0.396850262988686 -0.3968502629994442
0.396850262988686 1.1905507889748677 0.3968502629850722
-0.3968502629994442 0.3968502629850722 1.1905507889779783

# Matrix 329
1.1905507889569 0.3968502629494641 -0.3968502629883771
0.3968502629494641 1.1905507889847529 0.3968502630121693
-0.3968502629883771 0.3968502630121693 1.1905507889606566

# Matrix 330
1.1905507889746694 0.39685026296281195 0.3968502630703818
0.39685026296281195 1.1905507889798945 -0.3968502629431557
0.3968502630703818 -0.3968502629431557 1.1905507889740847

# Matrix 331
1.1905507890607003 -0.39685026290216785 0.3968502630622809
-0.39685026290216785 1.1905507887017759 0.3968502628715059
0.3968502630622809 0.3968502628715059 1.1905507890257778

# Matrix 332
1.190550788984334 -0.3968502629481561 -0.39685026305460747
-0.3968502629481561 1.1905507889711073 -0.39685026296858955
-0.39685026305460747 -0.39685026296858955 1.190550788968211

# Matrix 333
1.1905507889725555 0.3968502629983694 -0.39685026299658127
0.3968502629983694 1.1905507889789184 0.3968502629829255
-0.39685026299658127 0.3968502629829255 1.1905507889787017

# Matrix 334
1.1905507891214913 -0.3968502610409808 -0.39685026703407683
-0.3968502610409808 1.1905507888158922 -0.3968502610317231
-0.39685026703407683 -0.3968502610317231 1.1905507891216967

# Matrix 335
1.1905507886817766 -0.3968502627153918 -0.39685026287565345
-0.3968502627153918 1.190550788918518 -0.39685026310507643
-0.39685026287565345 -0.39685026310507643 1.1905507890481257

# Matrix 336
1.1905507892197145 -0.3968502629929852 -0.3968502633464266
-0.3968502629929852 1.1905507889240874 -0.3968502628634949
-0.3968502633464266 -0.3968502628634949 1.1905507890114038

# Matrix 337
1.190550788995903 0.39685026309304744 -0.39685026304640836
0.39685026309304744 1.1905507889360685 0.3968502628542455
-0.39685026304640836 0.3968502628542455 1.190550789014029

# Matrix 338
1.1905507889886646 -0.39685026295477405 0.3968502630450881
-0.39685026295477405 1.1905507889053277 0.396850262909971
0.3968502630450881 0.396850262909971 1.1905507889681397

# Matrix 339
1.1905507877159482 -0.3968502626771474 0.396850262184896
-0.3968502626771474 1.1905507895352694 0.39685026314248967
0.396850262184896 0.39685026314248967 1.1905507887056153

# Matrix 340
1.1905507891135578 -0.39685026543043866 -0.3968502634441551
-0.39685026543043866 1.190550788826103 -0.39685025996162787
-0.3968502634441551 -0.39685025996162787 1.19055078884886

# Matrix 341
1.1905507889638856 0.3968502635113465 -0.39685026288133973
0.3968502635113465 1.1905507889565108 0.3968502626634543
-0.39685026288133973 0.3968502626634543 1.1905507890880433

# Matrix 342
1.190550788976455 -0.3968502629922055 -0.39685026299238635
-0.3968502629922055 1.19055078897586 -0.39685026299126874
-0.39685026299238635 -0.39685026299126874 1.190550788975845

# Matrix 343
1.1905507898918393 -0.3968502641922119 -0.3968502627065428
-0.3968502641922119 1.1905507880440205 -0.39685026111554295
-0.3968502627065428 -0.39685026111554295 1.1905507880307376

# Matrix 344
1.1905507889655658 -0.39685026293738096 0.3968502630767664
-0.39685026293738096 1.1905507889897755 0.3968502629575399
0.3968502630767664 0.3968502629575399 1.190550788968645

# Matrix 345
1.1905507889725668 0.39685026299540194 0.3968502629921002
0.39685026299540194 1.190550788978757 -0.3968502629854139
0.3968502629921002 -0.3968502629854139 1.1905507889738913

# Matrix 346
1.190550788787644 -0.3968502629893517 0.3968502629384303
-0.3968502629893517 1.1905507891989582 0.3968502629491084
0.3968502629384303 0.3968502629491084 1.190550788842587

# Matrix 347
1.1905507895059348 0.3968502629936744 0.39685026302440535
0.3968502629936744 1.1905507882876032 -0.3968502621126056
0.39685026302440535 -0.3968502621126056 1.1905507882894464

# Matrix 348
1.1905507897020389 -0.39685026306700716 -0.39685026343318036
-0.39685026306700716 1.1905507887012676 -0.3968502624763666
-0.39685026343318036 -0.3968502624763666 1.1905507885255466

# Matrix 349
1.1905507889666114 -0.3968502629935916 -0.3968502629996194
-0.3968502629935916 1.1905507889869062 -0.3968502629919822
-0.3968502629996194 -0.3968502629919822 1.190550788983975

# Matrix 350
1.1905507889870217 0.39685026382113653 -0.3968502636038979
0.39685026382113653 1.1905507889294902 0.3968502616243622
-0.3968502636038979 0.3968502616243622 1.190550789085184

# Matrix 351
1.190550788964277 0.39685026230413917 0.396850265224147
0.39685026230413917 1.1905507888800688 -0.396850261426368
0.396850265224147 -0.396850261426368 1.1905507890626077

# Matrix 352
1.1905507890435891 0.3968502624159932 -0.39685026389985445
0.3968502624159932 1.1905507889151072 0.3968502627219165
-0.39685026389985445 0.3968502627219165 1.1905507890313667

# Matrix 353
1.1905507896565408 0.39685026364090986 -0.39685026325795153
0.39685026364090986 1.1905507882718243 0.3968502611982378
-0.39685026325795153 0.3968502611982378 1.1905507881210335

# Matrix 354
1.1905507890174836 -0.39685026214435015 0.396850263741854
-0.39685026214435015 1.1905507890113862 0.39685026308940546
0.396850263741854 0.39685026308940546 1.1905507888990392

# Matrix 355
1.190550788978362 -0.3968502629962987 0.3968502629954043
-0.3968502629962987 1.1905507889764815 0.3968502629879092
0.3968502629954043 0.3968502629879092 1.190550788977068

# Matrix 356
1.190550788972253 0.3968502630886941 0.39685026294715353
0.3968502630886941 1.1905507889581217 -0.39685026292993353
0.39685026294715353 -0.39685026292993353 1.1905507889877054

# Matrix 357
1.1905507889705536 -0.3968502628486534 0.3968502632782968
-0.3968502628486534 1.1905507889845826 0.39685026284452257
0.3968502632782968 0.39685026284452257 1.190550788968636

# Matrix 358
1.1905507890258629 0.3968502630021594 0.39685026304854687
0.3968502630021594 1.1905507890286404 -0.39685026297096565
0.39685026304854687 -0.39685026297096565 1.1905507889194678

# Matrix 359
1.1905507885120288 -0.39685026322202793 -0.3968502635271084
-0.39685026322202793 1.1905507892749128 -0.3968502619378876
-0.3968502635271084 -0.3968502619378876 1.1905507888523816

# Matrix 360
1.1905507889520195 0.39685026311836835 -0.3968502632932939
0.39685026311836835 1.190550788997869 0.3968502626027585
-0.3968502632932939 0.3968502626027585 1.1905507890168319

# Matrix 361
1.190550789134537 -0.39685026258346845 0.39685026317833705
-0.39685026258346845 1.1905507888193285 0.39685026299284726
0.39685026317833705 0.39685026299284726 1.1905507887530866

# Matrix 362
1.1905507889659526 0.39685026387375705 0.396850262469801
0.39685026387375705 1.1905507891724723 -0.39685026225183145
0.396850262469801 -0.39685026225183145 1.190550788409264

# Matrix 363
1.1905507890186622 -0.39685026303202603 0.396850263044956
-0.39685026303202603 1.1905507889757163 0.39685026290720693
0.396850263044956 0.39685026290720693 1.1905507889421099

# Matrix 364
1.1905507888927924 0.3968502639107529 0.39685026496439224
0.3968502639107529 1.19055078862272 -0.3968502600921959
0.39685026496439224 -0.3968502600921959 1.1905507894041274

# Matrix 365
1.1905507889135667 0.396850264545062 -0.3968502628290972
0.396850264545062 1.1905507894288783 0.39685026183606636
-0.3968502628290972 0.39685026183606636 1.1905507888200797

# Matrix 366
1.190550788595832 0.3968502629613409 0.39685026270950585
0.3968502629613409 1.1905507892988891 -0.39685026307719534
0.39685026270950585 -0.39685026307719534 1.19055078880562

# Matrix 367
1.1905507889742895 -0.3968502629920495 0.39685026299069276
-0.3968502629920495 1.1905507889785805 0.3968502629927577
0.39685026299069276 0.3968502629927577 1.1905507889749294

# Matrix 368
1.190550788979917 -0.3968502629721785 0.3968502630268512
-0.3968502629721785 1.1905507889723959 0.3968502629808853
0.3968502630268512 0.3968502629808853 1.1905507889799016

# Matrix 369
1.1905507889564564 -0.3968502629716523 0.3968502630290313
-0.3968502629716523 1.1905507889622247 0.39685026293209696
0.3968502630290313 0.39685026293209696 1.190550788966399

# Matrix 370
1.1905507891180198 -0.3968502632108948 -0.3968502625208852
-0.3968502632108948 1.1905507881226478 -0.3968502625485822
-0.3968502625208852 -0.3968502625485822 1.1905507889919942

# Matrix 371
1.1905507890829061 0.3968502625415221 0.3968502636314507
0.3968502625415221 1.1905507891392335 -0.3968502627617206
0.3968502636314507 -0.3968502627617206 1.1905507886648528

# Matrix 372
1.1905507889761509 -0.3968502629928916 0.3968502629925564
-0.3968502629928916 1.1905507889761506 0.396850262990705
0.3968502629925564 0.396850262990705 1.1905507889761509

# Matrix 373
1.1905507885608373 0.3968502625304319 -0.39685026311810234
0.3968502625304319 1.1905507890724176 0.39685026291247594
-0.39685026311810234 0.39685026291247594 1.1905507888800546

# Matrix 374
1.1905507889745908 -0.3968502629930506 0.39685026299002407
-0.3968502629930506 1.1905507889885187 0.3968502629827023
0.39685026299002407 0.3968502629827023 1.1905507889549671

# Matrix 375
1.1905507885363849 -0.3968502645316164 0.3968502652982171
-0.3968502645316164 1.1905507896491014 0.39685025928589107
0.3968502652982171 0.39685025928589107 1.1905507888825377

# Matrix 376
1.190550789086937 -0.39685026251655486 0.39685026277249286
-0.39685026251655486 1.1905507880206072 0.3968502627140924
0.39685026277249286 0.3968502627140924 1.1905507888478952

# Matrix 377
1.1905507887317757 -0.39685026282961616 0.39685026297112075
-0.39685026282961616 1.1905507891717784 0.39685026292557196
0.39685026297112075 0.39685026292557196 1.1905507887750546

# Matrix 378
1.1905507889776352 -0.3968502630038714 0.3968502630031045
-0.3968502630038714 1.1905507889797755 0.3968502629724347
0.3968502630031045 0.3968502629724347 1.1905507889742988

# Matrix 379
1.1905507889761542 0.39685026298452036 0.39685026299659953
0.39685026298452036 1.1905507889757774 -0.396850262995026
0.39685026299659953 -0.396850262995026 1.190550788976514

# Matrix 380
1.1905507890231768 -0.39685026314776556 0.3968502629203827
-0.39685026314776556 1.1905507890077183 0.39685026290696707
0.3968502629203827 0.39685026290696707 1.1905507888965194

# Matrix 381
1.1905507889767013 0.3968502629720484 -0.39685026301485044
0.3968502629720484 1.1905507889705256 0.3968502629875117
-0.39685026301485044 0.3968502629875117 1.190550788979483

# Matrix 382
1.1905507889750662 -0.39685026296940257 -0.396850263029697
-0.39685026296940257 1.190550788977476 -0.3968502629752944
-0.396850263029697 -0.3968502629752944 1.190550788974151

# Matrix 383
1.1905507889760547 -0.3968502629919885 0.39685026299221005
-0.3968502629919885 1.1905507889762528 0.3968502629918539
0.39685026299221005 0.3968502629918539 1.1905507889760445

# Matrix 384
1.1905507890074167 0.39685026297266907 0.3968502629319836
0.39685026297266907 1.1905507889052245 -0.39685026296142134
0.3968502629319836 -0.39685026296142134 1.190550788905732

# Matrix 385
1.1905507891270133 -0.3968502613770456 -0.3968502649355575
-0.3968502613770456 1.1905507891209952 -0.39685026281415137
-0.3968502649355575 -0.39685026281415137 1.1905507888310454

# Matrix 386
1.5874010517750454 0.7937005258843799 0.7937005258741295
0.7937005258843799 1.1905507889727418 0.3968502628023162
0.7937005258741295 0.3968502628023162 1.1905507889630211

# Matrix 387
1.1905507884130933 -0.3968502627069584 -0.3968502640783314
-0.3968502627069584 1.1905507892367995 -0.3968502622806668
-0.3968502640783314 -0.3968502622806668 1.1905507893683631

# Matrix 388
1.190550788978032 0.3968502629914504 -0.39685026301403403
0.3968502629914504 1.1905507889698224 0.39685026297909776
-0.39685026301403403 0.39685026297909776 1.190550788989027

# Matrix 389
1.1905507889733973 -0.3968502628124832 -0.39685026338130486
-0.3968502628124832 1.1905507889823699 -0.3968502627723613
-0.39685026338130486 -0.3968502627723613 1.1905507889626812

# Matrix 390
1.1905507889739069 -0.3968502629681792 0.3968502630539081
-0.3968502629681792 1.1905507889943732 0.3968502629846795
0.3968502630539081 0.3968502629846795 1.1905507889907863

# Matrix 391
1.190550788812276 0.39685026261859796 0.39685026295889125
0.39685026261859796 1.190550788850313 -0.39685026314683064
0.39685026295889125 -0.39685026314683064 1.1905507890140303

# Matrix 392
1.1905507888625133 -0.39685026229214354 0.3968502636322697
-0.39685026229214354 1.190550789116129 0.3968502631586109
0.3968502636322697 0.3968502631586109 1.190550789056681

# Matrix 393
1.1905507889508946 0.39685026255179867 0.3968502636916598
0.39685026255179867 1.1905507890040348 -0.3968502627049223
0.3968502636916598 -0.3968502627049223 1.1905507889457507

# Matrix 394
1.1905507889755118 -0.3968502631636467 0.39685026295562176
-0.3968502631636467 1.190550788976175 0.396850262857136
0.39685026295562176 0.396850262857136 1.190550788977017

# Matrix 395
1.1905507889697733 0.39685026289316666 -0.3968502630885914
0.39685026289316666 1.1905507889285858 0.396850262900491
-0.3968502630885914 0.396850262900491 1.190550788936189

# Matrix 396
1.1905507889794122 0.3968502629758834 -0.39685026301975246
0.3968502629758834 1.1905507889728202 0.3968502629830328
-0.39685026301975246 0.3968502629830328 1.1905507889787355

# Matrix 397
1.1905507891071607 -0.3968502630200922 0.3968502635802592
-0.3968502630200922 1.1905507888311342 0.3968502625381505
0.3968502635802592 0.3968502625381505 1.1905507891525065

# Matrix 398
1.1905507890072775 -0.3968502662281099 -0.39685026189130285
-0.3968502662281099 1.1905507892877332 -0.39685026093803477
-0.39685026189130285 -0.39685026093803477 1.190550788714736

# Matrix 399
1.1905507888472644 0.39685026342821766 -0.39685026350831826
0.39685026342821766 1.1905507890438327 0.39685026217788466
-0.39685026350831826 0.39685026217788466 1.1905507891756224

# Matrix 400
1.1905507889642861 -0.39685026307180715 0.3968502630451468
-0.39685026307180715 1.1905507889992601 0.3968502628750471
0.3968502630451468 0.3968502628750471 1.190550788980754

# Matrix 401
1.1905507889741556 0.3968502630088181 0.39685026299340886
0.3968502630088181 1.1905507889773275 -0.3968502629766224
0.39685026299340886 -0.3968502629766224 1.1905507889796658

# Matrix 402
1.190550788983469 0.3968502630057395 -0.39685026298792114
0.3968502630057395 1.1905507889850315 0.3968502629885908
-0.39685026298792114 0.3968502629885908 1.1905507889660505

# Matrix 403
1.1905507889544804 0.3968502629711435 -0.39685026305179777
0.3968502629711435 1.190550789026542 0.39685026296299275
-0.39685026305179777 0.39685026296299275 1.190550788957211

# Matrix 404
1.190550788976437 0.39685026315679633 -0.3968502629143816
0.39685026315679633 1.19055078897585 0.3968502629043607
-0.3968502629143816 0.3968502629043607 1.1905507889755509

# Matrix 405
1.1905507889763962 -0.39685026298698156 0.39685026300296405
-0.39685026298698156 1.190550788975872 0.396850262986439
0.39685026300296405 0.396850262986439 1.1905507889764158

# Matrix 406
1.1905507888567983 -0.3968502627307618 -0.3968502632088849
-0.3968502627307618 1.190550789097947 -0.39685026279114816
-0.3968502632088849 -0.39685026279114816 1.1905507887283489

# Matrix 407
1.1905507888904325 -0.39685026276406243 -0.3968502634701091
-0.39685026276406243 1.1905507889614293 -0.3968502627365739
-0.3968502634701091 -0.3968502627365739 1.1905507890711828

# Matrix 408
1.1905507889532456 -0.396850263030966 -0.3968502630476027
-0.396850263030966 1.1905507890050036 -0.3968502629012197
-0.3968502630476027 -0.3968502629012197 1.1905507889738383

# Matrix 409
1.1905507889753326 -0.39685026297042664 0.39685026302422455
-0.39685026297042664 1.19055078897888 0.39685026297922316
0.39685026302422455 0.39685026297922316 1.1905507889719606

# Matrix 410
1.19055078897774 -0.39685026222660147 0.396850264327161
-0.39685026222660147 1.190550789209386 0.3968502625785013
0.396850264327161 0.3968502625785013 1.1905507888974365

# Matrix 411
1.1905507889765425 0.3968502629926882 -0.3968502629933453
0.3968502629926882 1.1905507889764881 0.39685026299051196
-0.3968502629933453 0.39685026299051196 1.190550788975814

# Matrix 412
1.1905507886866538 0.3968502635343654 0.3968502631811252
0.3968502635343654 1.1905507892447482 -0.39685026197277024
0.3968502631811252 -0.39685026197277024 1.190550788709158

# Matrix 413
1.1905507891179028 -0.39685026355653436 -0.39685026307015336
-0.39685026355653436 1.1905507889756322 -0.3968502623886766
-0.39685026307015336 -0.3968502623886766 1.1905507888741287

# Matrix 414
1.190550789099233 -0.39685026308396565 -0.39685026332601037
-0.39685026308396565 1.1905507890048201 -0.3968502627031818
-0.39685026332601037 -0.3968502627031818 1.190550788961404

# Matrix 415
1.1905507889978686 0.3968502629842671 0.3968502632512103
0.3968502629842671 1.1905507890994644 -0.3968502629499816
0.3968502632512103 -0.3968502629499816 1.1905507890404252

# Matrix 416
1.190550788976561 -0.3968502628630452 0.39685026306604093
-0.3968502628630452 1.190550788978837 0.39685026305177457
0.39685026306604093 0.39685026305177457 1.1905507889777618

# Matrix 417
1.190550788963186 0.396850263039969 -0.39685026295994935
0.396850263039969 1.19055078896385 0.3968502629610181
-0.39685026295994935 0.3968502629610181 1.1905507889862

# Matrix 418
1.1905507889765825 -0.3968502629935706 0.3968502629971991
-0.3968502629935706 1.1905507889771751 0.3968502629869913
0.3968502629971991 0.3968502629869913 1.1905507889763023

# Matrix 419
1.1905507889751394 -0.39685026297042486 0.39685026303328247
-0.39685026297042486 1.190550788978652 0.3968502629696809
0.39685026303328247 0.3968502629696809 1.190550788971896

# Matrix 420
1.1905507889370288 -0.39685026284942915 0.3968502630647563
-0.39685026284942915 1.1905507889319307 0.39685026302115195
0.3968502630647563 0.39685026302115195 1.1905507890186773

# Matrix 421
1.5874010512224526 0.7937005255912175 0.7937005255859048
0.7937005255912175 1.190550788955097 0.3968502624332445
0.7937005255859048 0.3968502624332445 1.1905507889518718

# Matrix 422
1.1905507891786233 0.39685026197900114 -0.3968502636059423
0.39685026197900114 1.190550787723177 0.3968502628393657
-0.3968502636059423 0.3968502628393657 1.1905507894748084

# Matrix 423
1.1905507889783957 0.39685026299275306 0.3968502629937201
0.39685026299275306 1.1905507889740046 -0.3968502629876064
0.3968502629937201 -0.3968502629876064 1.1905507889739784

# Matrix 424
1.1905507890070415 -0.3968502642612879 0.396850263187941
-0.3968502642612879 1.1905507891364568 0.39685026154959435
0.396850263187941 0.39685026154959435 1.1905507888076243

# Matrix 425
1.190550789439744 -0.3968502651157548 0.3968502636167346
-0.3968502651157548 1.1905507899034673 0.3968502607305842
0.3968502636167346 0.3968502607305842 1.1905507880721617

# Matrix 426
1.1905507889308946 0.39685026280906016 -0.39685026336623863
0.39685026280906016 1.1905507889700404 0.39685026275398083
-0.39685026336623863 0.39685026275398083 1.190550788980644

# Matrix 427
1.2599210537402015 -0.6299605198325541 -0.6299605205015947
-0.6299605198325541 1.2599210406752632 -1.662599391494216e-9
-0.6299605205015947 -1.662599391494216e-9 1.2599210423481457

# Matrix 428
1.1905507889755547 0.39685026299263937 -0.3968502629914405
0.39685026299263937 1.190550788975593 0.3968502629914645
-0.3968502629914405 0.3968502629914645 1.190550788976696

# Matrix 429
1.1905507889892992 -0.3968502628238407 0.3968502632916153
-0.3968502628238407 1.190550788964984 0.3968502628741786
0.3968502632916153 0.3968502628741786 1.1905507889876503

# Matrix 430
1.1905507889761475 -0.39685026299170295 -0.39685026299247056
-0.39685026299170295 1.190550788975902 -0.3968502629919948
-0.39685026299247056 -0.3968502629919948 1.190550788976418

# Matrix 431
1.1905507886331388 0.39685026117165234 0.39685026611545926
0.39685026117165234 1.1905507898636138 -0.3968502623689318
0.39685026611545926 -0.3968502623689318 1.1905507891115898

# Matrix 432
1.1905507890372675 0.3968502626229755 0.3968502639656624
0.3968502626229755 1.1905507889703224 -0.3968502623942958
0.3968502639656624 -0.3968502623942958 1.190550788927643

# Matrix 433
1.190550788924745 -0.39685026297319786 0.39685026298808124
-0.39685026297319786 1.1905507890469622 0.3968502629814441
0.39685026298808124 0.3968502629814441 1.190550788923315

# Matrix 434
1.190550789057915 0.3968502630420841 0.396850263278877
0.3968502630420841 1.190550788971489 -0.396850262669398
0.396850263278877 -0.396850262669398 1.190550788913254

# Matrix 435
1.1905507889761515 0.3968502629943245 0.39685026299092463
0.3968502629943245 1.1905507889761493 -0.39685026299089765
0.39685026299092463 -0.39685026299089765 1.190550788976145

# Matrix 436
1.1905507887201117 0.39685026599465884 -0.3968502611970802
0.39685026599465884 1.1905507888868108 0.3968502614720747
-0.3968502611970802 0.3968502614720747 1.1905507890091909

# Matrix 437
1.19055078876155 -0.3968502622340918 0.3968502634205372
-0.3968502622340918 1.1905507887931004 0.396850263126619
0.3968502634205372 0.396850263126619 1.1905507891788967

# Matrix 438
1.1905507887087392 0.3968502622317747 0.39685026388451894
0.3968502622317747 1.1905507889642286 -0.39685026255258443
0.39685026388451894 -0.39685026255258443 1.1905507889482092

# Matrix 439
1.1905507886341038 -0.3968502631979845 -0.3968502624084461
-0.3968502631979845 1.1905507894624368 -0.39685026319990185
-0.3968502624084461 -0.39685026319990185 1.1905507886620907

# Matrix 440
1.190550788658537 0.39685026284419517 -0.39685026298967413
0.39685026284419517 1.1905507887482125 0.39685026289372055
-0.39685026298967413 0.39685026289372055 1.1905507892731397

# Matrix 441
1.1905507889760236 0.39685026299086834 -0.3968502629941363
0.39685026299086834 1.1905507889759854 0.3968502629909895
-0.3968502629941363 0.3968502629909895 1.1905507889762843

# Matrix 442
1.5874010519514108 0.7937005259590025 0.7937005259439859
0.7937005259590025 1.1905507889888707 0.396850261780408
0.7937005259439859 0.396850261780408 1.1905507889150062

# Matrix 443
1.1905507887781375 -0.3968502630215942 -0.396850262827698
-0.3968502630215942 1.190550789254132 -0.39685026304518645
-0.396850262827698 -0.39685026304518645 1.1905507888145082

# Matrix 444
1.1905507889735931 -0.39685026302085247 -0.3968502629879801
-0.39685026302085247 1.1905507889794156 -0.3968502629700903
-0.3968502629879801 -0.3968502629700903 1.190550788978213

# Matrix 445
1.190550788961748 0.39685026240604204 -0.3968502635231123
0.39685026240604204 1.190550788962659 0.3968502630354953
-0.3968502635231123 0.3968502630354953 1.1905507889925422

# Matrix 446
1.1905507889791271 0.39685026299919324 -0.39685026298879456
0.39685026299919324 1.1905507889741191 0.39685026298763837
-0.39685026298879456 0.39685026298763837 1.1905507889746794

# Matrix 447
1.1905507889523272 0.3968502630184279 -0.39685026302804366
0.3968502630184279 1.190550789003744 0.39685026295181075
-0.39685026302804366 0.39685026295181075 1.1905507889945104

# Matrix 448
1.190550789139312 0.3968502635597667 -0.39685026259028805
0.3968502635597667 1.1905507889328295 0.3968502626263526
-0.39685026259028805 0.3968502626263526 1.1905507886565647

# Matrix 449
1.1905507889751947 0.39685026295632914 -0.396850263068378
0.39685026295632914 1.1905507889741105 0.39685026294952647
-0.396850263068378 0.39685026294952647 1.1905507889772275

# Matrix 450
1.19055078896748 -0.3968502629893914 0.39685026299210396
-0.3968502629893914 1.1905507889855076 0.3968502629862062
0.39685026299210396 0.3968502629862062 1.1905507889670133

# Matrix 451
1.1905507889782936 -0.396850262996026 0.39685026299161347
-0.396850262996026 1.1905507889782205 0.3968502629906026
0.39685026299161347 0.3968502629906026 1.190550788974027

# Matrix 452
1.587401051959891 0.7937005259766744 0.7937005259762875
0.7937005259766744 1.1905507889731426 0.3968502629828294
0.7937005259762875 0.3968502629828294 1.1905507889722275

# Matrix 453
1.1905507889716809 -0.39685026298635573 0.39685026298791326
-0.39685026298635573 1.1905507889755396 0.3968502629956121
0.39685026298791326 0.3968502629956121 1.1905507889749596

# Matrix 454
1.190550788808543 0.39685026300673276 0.3968502629148983
0.39685026300673276 1.1905507888177753 -0.3968502628901879
0.3968502629148983 -0.3968502628901879 1.1905507891377995

# Matrix 455
1.1905507885715694 0.3968502631368994 0.3968502624096324
0.3968502631368994 1.1905507893325113 -0.3968502628828188
0.3968502624096324 -0.3968502628828188 1.190550788477569

# Matrix 456
1.1905507887439948 -0.39685026420022906 0.39685026376431937
-0.39685026420022906 1.1905507903427999 0.3968502609864175
0.39685026376431937 0.3968502609864175 1.1905507878164705

# Matrix 457
1.190550789065413 -0.39685026190809813 0.39685026531863393
-0.39685026190809813 1.190550788950191 0.3968502617563408
0.39685026531863393 0.3968502617563408 1.1905507889197677

# Matrix 458
1.190550788986992 0.39685026259724787 0.39685026378078087
0.39685026259724787 1.1905507889596942 -0.3968502625763223
0.39685026378078087 -0.3968502625763223 1.190550788959964

# Matrix 459
1.1905507889756195 -0.39685026296310666 0.3968502630230424
-0.39685026296310666 1.1905507889463314 0.3968502629668481
0.3968502630230424 0.3968502629668481 1.190550788983345

# Matrix 460
1.19055078898511 -0.39685026300954124 0.3968502630124785
-0.39685026300954124 1.1905507889766354 0.39685026296187864
0.3968502630124785 0.39685026296187864 1.1905507889744522

# Matrix 461
1.190550788976194 -0.396850262995263 0.39685026299536796
-0.396850262995263 1.1905507889760778 0.39685026298549625
0.39685026299536796 0.39685026298549625 1.190550788976155

# Matrix 462
1.190550789080252 0.3968502626624115 -0.39685026369146176
0.3968502626624115 1.1905507888425428 0.3968502626275432
-0.39685026369146176 0.3968502626275432 1.1905507890109206

# Matrix 463
1.587401051967283 0.7937005259829522 0.7937005259828885
0.7937005259829522 1.190550788975527 0.3968502629878125
0.7937005259828885 0.3968502629878125 1.1905507889753297

# Matrix 464
1.1905507889882374 -0.39685026280592955 0.3968502633831494
-0.39685026280592955 1.1905507889313172 0.3968502628626177
0.3968502633831494 0.3968502628626177 1.190550789084441

# Matrix 465
1.1905507890895342 0.39685026291055797 -0.39685026315342653
0.39685026291055797 1.1905507890124882 0.39685026298440707
-0.39685026315342653 0.39685026298440707 1.1905507888986688

# Matrix 466
1.190550788988823 0.3968502638016321 -0.39685026260925765
0.3968502638016321 1.1905507890179094 0.3968502625049262
-0.39685026260925765 0.3968502625049262 1.1905507888613827

# Matrix 467
1.1905507889610376 -0.3968502630044238 -0.3968502632730088
-0.3968502630044238 1.190550788998916 -0.39685026273007873
-0.3968502632730088 -0.39685026273007873 1.190550788999857

# Matrix 468
1.190550788875711 -0.39685026266035817 0.39685026312552657
-0.39685026266035817 1.1905507888542146 0.39685026284417385
0.39685026312552657 0.39685026284417385 1.190550788852432

# Matrix 469
1.5874010519566215 0.7937005259780434 0.7937005259779878
0.7937005259780434 1.1905507889758669 0.396850262981381
0.7937005259779878 0.396850262981381 1.1905507889758418

# Matrix 470
1.1905507879630715 0.39685026110352845 -0.39685026377563387
0.39685026110352845 1.1905507886776214 0.3968502631827326
-0.39685026377563387 0.3968502631827326 1.1905507893735012

# Matrix 471
1.5874010519622985 -0.7937005259811432 -0.793700525981112
-0.7937005259811432 1.1905507889749536 0.39685026299048637
-0.793700525981112 0.39685026299048637 1.1905507889773024

# Matrix 472
1.190550788976142 -0.39685026299203663 -0.3968502629920713
-0.39685026299203663 1.1905507889761553 -0.3968502629920293
-0.3968502629920713 -0.3968502629920293 1.1905507889761389

# Matrix 473
1.1905507901325239 -0.3968502636594534 -0.39685026337220664
-0.3968502636594534 1.1905507883773798 -0.39685026172768234
-0.39685026337220664 -0.39685026172768234 1.1905507882017379

# Matrix 474
1.190550788589152 0.3968502644106768 0.39685026214432745
0.3968502644106768 1.1905507888192164 -0.39685026165515186
0.39685026214432745 -0.39685026165515186 1.190550788754087

# Matrix 475
1.190550788977283 0.39685026303712556 -0.3968502629850781
0.39685026303712556 1.1905507889746285 0.39685026295193454
-0.3968502629850781 0.39685026295193454 1.190550788974526

# Matrix 476
1.1905507889760212 -0.3968502629914468 0.3968502629925434
-0.3968502629914468 1.1905507889763618 0.3968502629921734
0.3968502629925434 0.3968502629921734 1.19055078897608

# Matrix 477
1.1905507889413975 0.3968502629812013 -0.3968502629773618
0.3968502629812013 1.1905507889860518 0.39685026299602516
-0.3968502629773618 0.39685026299602516 1.1905507889794382

# Matrix 478
1.1905507895851593 0.3968502614241127 0.3968502667323779
0.3968502614241127 1.1905507883719997 -0.396850261410148
0.3968502667323779 -0.396850261410148 1.190550789561779

# Matrix 479
1.1905507891367475 0.39685026279000934 0.3968502626315289
0.39685026279000934 1.190550788417994 -0.39685026260463796
0.3968502626315289 -0.39685026260463796 1.1905507884237336

# Matrix 480
1.1905507889945692 0.3968502644471217 -0.3968502623929412
0.3968502644471217 1.190550789479789 0.396850262318714
-0.3968502623929412 0.396850262318714 1.190550788636718

# Matrix 481
1.1905507889761195 -0.39685026298794435 -0.3968502630006867
-0.39685026298794435 1.1905507889758993 -0.39685026298785636
-0.3968502630006867 -0.39685026298785636 1.1905507889767681

# Matrix 482
1.1905507890264002 0.396850262884211 0.39685026326114675
0.396850262884211 1.19055078890879 -0.39685026289884434
0.39685026326114675 -0.39685026289884434 1.1905507890613107

# Matrix 483
1.1905507889751588 -0.39685026298961085 0.39685026299812654
-0.39685026298961085 1.1905507889769429 0.3968502629874865
0.39685026299812654 0.3968502629874865 1.1905507889754217

# Matrix 484
1.1905507888269502 0.3968502648436927 0.3968502631711784
0.3968502648436927 1.1905507891169596 -0.3968502609101823
0.3968502631711784 -0.3968502609101823 1.1905507889334428

# Matrix 485
1.1905507889751477 -0.39685026300313914 0.3968502629882125
-0.39685026300313914 1.1905507889751064 0.39685026298380344
0.3968502629882125 0.39685026298380344 1.1905507889772005

# Matrix 486
1.1905507890788238 0.3968502630316539 0.39685026309836047
0.3968502630316539 1.1905507888922489 -0.39685026288450337
0.39685026309836047 -0.39685026288450337 1.1905507889957443

# Matrix 487
1.1905507889752152 0.3968502629912559 0.3968502629951667
0.3968502629912559 1.1905507889774143 -0.39685026298925774
0.3968502629951667 -0.39685026298925774 1.1905507889753502

# Matrix 488
1.1905507889763565 0.39685026299239873 0.39685026299155773
0.39685026299239873 1.190550788975857 -0.39685026299183795
0.39685026299155773 -0.39685026299183795 1.1905507889758802

# Matrix 489
1.5874010517464567 -0.7937005258327903 -0.7937005258460078
-0.7937005258327903 1.1905507889304892 0.3968502628279204
-0.7937005258460078 0.3968502628279204 1.1905507889541513

# Matrix 490
1.1905507887493214 -0.396850262827774 -0.3968502629955926
-0.396850262827774 1.1905507891979497 -0.3968502630843159
-0.3968502629955926 -0.3968502630843159 1.190550788912711

# Matrix 491
1.1905507889760427 -0.3968502629955492 -0.3968502629910696
-0.3968502629955492 1.1905507889762699 -0.39685026298963716
-0.3968502629910696 -0.39685026298963716 1.1905507889762423

# Matrix 492
1.1905507889868778 -0.3968502632028979 0.39685026298303816
-0.3968502632028979 1.1905507889917712 0.39685026281457275
0.39685026298303816 0.39685026281457275 1.1905507889741587

# Matrix 493
1.1905507889817482 0.39685026295039605 -0.396850263034132
0.39685026295039605 1.1905507889474154 0.3968502629631149
-0.396850263034132 0.3968502629631149 1.1905507889707792

# Matrix 494
1.1905507889762486 0.3968502629924369 0.39685026299185755
0.3968502629924369 1.1905507889760394 -0.39685026299168075
0.39685026299185755 -0.39685026299168075 1.1905507889759863

# Matrix 495
1.1905507889281144 0.3968502621976437 -0.39685026441099885
0.3968502621976437 1.1905507889663238 0.39685026235705084
-0.39685026441099885 0.39685026235705084 1.1905507890235543

# Matrix 496
1.1905507889761209 -0.3968502629921226 -0.39685026299240095
-0.3968502629921226 1.1905507889761857 -0.3968502629916613
-0.39685026299240095 -0.3968502629916613 1.190550788976178

# Matrix 497
1.1905507888464324 -0.3968502646502711 0.39685026219976854
-0.3968502646502711 1.1905507888407478 0.3968502620005918
0.39685026219976854 0.3968502620005918 1.1905507891157505

# Matrix 498
1.1905507890294007 -0.39685026288123165 -0.39685026295087206
-0.39685026288123165 1.1905507888677431 -0.3968502629828826
-0.39685026295087206 -0.3968502629828826 1.190550788870142

# Matrix 499
1.1905507889753912 0.39685026300907017 0.39685026298512555
0.39685026300907017 1.1905507889761777 -0.39685026298142717
0.39685026298512555 -0.39685026298142717 1.1905507889763527

# Matrix 500
1.1905507889502036 -0.3968502629896838 -0.39685026298082365
-0.3968502629896838 1.1905507889595077 -0.39685026297469356
-0.39685026298082365 -0.39685026297469356 1.1905507889877884

# Matrix 501
1.1905507889772577 -0.396850262991152 0.3968502629917535
-0.396850262991152 1.1905507889750293 0.3968502629920393
0.3968502629917535 0.3968502629920393 1.1905507889749571

# Matrix 502
1.190550788974919 0.396850262979723 -0.396850263024201
0.396850262979723 1.1905507889774165 0.39685026296789755
-0.396850263024201 0.39685026296789755 1.1905507889717855

# Matrix 503
1.1905507889265776 0.39685026298288856 0.39685026297307213
0.39685026298288856 1.1905507890124798 -0.3968502629691483
0.39685026297307213 -0.3968502629691483 1.1905507889383509

# Matrix 504
1.1905507892799612 -0.39685026341998225 -0.3968502630389397
-0.39685026341998225 1.1905507888773545 -0.39685026209143454
-0.3968502630389397 -0.39685026209143454 1.1905507883453401

# Matrix 505
1.1905507889213576 -0.3968502646443925 -0.3968502634324869
-0.3968502646443925 1.1905507890297435 -0.3968502609650222
-0.3968502634324869 -0.3968502609650222 1.1905507890431002

# Matrix 506
1.1905507891135965 -0.39685026319570094 0.3968502630078155
-0.39685026319570094 1.19055078898163 0.3968502628165949
0.3968502630078155 0.3968502628165949 1.1905507888771842

# Matrix 507
1.5874010519558153 0.793700525975295 -0.7937005259751627
0.793700525975295 1.1905507889691598 -0.3968502629863903
-0.7937005259751627 -0.3968502629863903 1.190550788977782

# Matrix 508
1.1905507889747788 -0.3968502629929193 -0.39685026299661175
-0.3968502629929193 1.1905507889777758 -0.39685026298837944
-0.39685026299661175 -0.39685026298837944 1.1905507889776554

# Matrix 509
1.190550788974356 0.3968502629794035 -0.3968502630055053
0.3968502629794035 1.1905507889768872 0.3968502629914178
-0.3968502630055053 0.3968502629914178 1.190550788977383

# Matrix 510
1.1905507890149063 -0.39685026306308085 0.3968502629670441
-0.39685026306308085 1.1905507889926275 0.3968502629553836
0.3968502629670441 0.3968502629553836 1.1905507889302747

# Matrix 511
1.1905507893087517 0.3968502629654726 -0.39685026317622696
0.3968502629654726 1.1905507886360247 0.39685026275219215
-0.39685026317622696 0.39685026275219215 1.1905507889014146

# Matrix 512
1.1905507892038965 0.3968502611938274 0.3968502647023125
0.3968502611938274 1.1905507891497795 -0.3968502632651716
0.3968502647023125 -0.3968502632651716 1.1905507887599345

# Matrix 513
1.1905507882740565 -0.3968502634888831 -0.3968502647289141
-0.3968502634888831 1.1905507891944629 -0.39685026075482915
-0.3968502647289141 -0.39685026075482915 1.1905507894564065

# Matrix 514
1.1905507889720661 0.39685026298658815 0.3968502630016737
0.39685026298658815 1.1905507889798808 -0.396850262984205
0.3968502630016737 -0.396850262984205 1.1905507889728195

# Matrix 515
1.1905507889616445 0.39685026273549456 -0.3968502630992484
0.39685026273549456 1.1905507889760079 0.39685026311021293
-0.3968502630992484 0.39685026311021293 1.1905507889596028

# Matrix 516
1.1905507890441096 -0.3968502608521768 -0.39685026539619284
-0.3968502608521768 1.190550788906341 -0.3968502628121119
-0.39685026539619284 -0.3968502628121119 1.1905507890623306

# Matrix 517
1.190550788972943 -0.3968502623579162 -0.3968502642099874
-0.3968502623579162 1.1905507889939615 -0.39685026245664795
-0.3968502642099874 -0.39685026245664795 1.1905507890099463

# Matrix 518
1.1905507887629796 -0.3968502654311815 0.3968502627510061
-0.3968502654311815 1.1905507898693453 0.3968502605542242
0.3968502627510061 0.3968502605542242 1.1905507880563861

# Matrix 519
1.1905507889759508 0.3968502629915943 0.39685026299397214
0.3968502629915943 1.190550788976291 -0.3968502629903975
0.39685026299397214 -0.3968502629903975 1.1905507889760218

# Matrix 520
1.190550788976304 -0.3968502629804631 0.3968502630044357
-0.3968502629804631 1.1905507889759162 0.39685026299096166
0.3968502630044357 0.39685026299096166 1.1905507889759397

# Matrix 521
1.5874010462270811 0.7937005228818707 0.7937005228719055
0.7937005228818707 1.1905507887355895 0.39685025925139966
0.7937005228719055 0.39685025925139966 1.1905507887434044

# Matrix 522
1.1905507889761269 0.3968502629915945 -0.3968502629927705
0.3968502629915945 1.1905507889762232 0.39685026299193743
-0.3968502629927705 0.39685026299193743 1.1905507889762514

# Matrix 523
1.1905507889759237 0.39685026299065823 -0.3968502629956652
0.39685026299065823 1.190550788976479 0.39685026298950343
-0.3968502629956652 0.39685026298950343 1.1905507889757234

# Matrix 524
1.2599210499766555 -0.6299605248580787 -0.6299605248628918
-0.6299605248580787 1.2599210497229587 -9.41680067256796e-12
-0.6299605248628918 -9.41680067256796e-12 1.2599210497321522

# Matrix 525
1.1905507889728595 -0.3968502629466902 0.3968502631011959
-0.3968502629466902 1.190550788979089 0.3968502629244108
0.3968502631011959 0.3968502629244108 1.1905507889726477

# Matrix 526
1.1905507888143263 0.3968502655648023 0.396850263544998
0.3968502655648023 1.1905507891333043 -0.39685025981994926
0.396850263544998 -0.39685025981994926 1.1905507889344182

# Matrix 527
1.1905507889807054 0.3968502629329032 -0.39685026310920335
0.3968502629329032 1.1905507889716596 0.39685026293848724
-0.39685026310920335 0.39685026293848724 1.1905507889805278

# Matrix 528
1.1905507893843859 0.3968502615054284 -0.3968502640203877
0.3968502615054284 1.1905507893905802 0.39685026386077626
-0.3968502640203877 0.39685026386077626 1.1905507885639253

# Matrix 529
1.190550788763301 0.3968502629748595 0.3968502647928405
0.3968502629748595 1.1905507892255327 -0.3968502610212033
0.3968502647928405 -0.3968502610212033 1.1905507887523687

# Matrix 530
1.1905507889813587 -0.39685026305835447 -0.396850262962592
-0.39685026305835447 1.190550788968835 -0.3968502629538926
-0.396850262962592 -0.3968502629538926 1.1905507889769447

# Matrix 531
1.190550788982444 0.3968502629995195 -0.39685026299631093
0.3968502629995195 1.1905507889731943 0.3968502629807719
-0.39685026299631093 0.3968502629807719 1.1905507889732634

# Matrix 532
1.190550788626719 -0.396850261518046 0.39685026492514835
-0.396850261518046 1.1905507883876123 0.3968502619507966
0.39685026492514835 0.3968502619507966 1.1905507893319587

# Matrix 533
1.1905507890723912 0.39685026479283886 -0.3968502623443779
0.39685026479283886 1.1905507890400746 0.39685026191343625
-0.3968502623443779 0.39685026191343625 1.1905507888904865

# Matrix 534
1.1905507889761706 -0.3968502629916487 0.39685026299640946
-0.3968502629916487 1.190550788976133 0.39685026298811416
0.39685026299640946 0.39685026298811416 1.1905507889761673

# Matrix 535
1.1905507889853029 -0.3968502630326819 0.3968502630057412
-0.3968502630326819 1.1905507889575693 0.3968502629493781
0.3968502630057412 0.3968502629493781 1.1905507889972287

# Matrix 536
1.1905507890053746 -0.3968502628903248 -0.3968502631266763
-0.3968502628903248 1.1905507889545621 -0.39685026299054144
-0.3968502631266763 -0.39685026299054144 1.1905507889999052

# Matrix 537
1.1905507889498212 -0.39685026309756594 -0.3968502629252309
-0.39685026309756594 1.1905507889519424 -0.3968502629166189
-0.3968502629252309 -0.3968502629166189 1.1905507889899518

# Matrix 538
1.1905507889606013 0.39685026301755283 -0.3968502630039809
0.39685026301755283 1.1905507889910196 0.3968502629672352
-0.3968502630039809 0.3968502629672352 1.1905507889894473

# Matrix 539
1.1905507888526032 -0.39685026299945736 0.3968502628566397
-0.39685026299945736 1.190550789111055 0.39685026298888254
0.3968502628566397 0.39685026298888254 1.1905507888336209

# Matrix 540
1.1905507890682052 -0.3968502631004565 -0.3968502631908308
-0.3968502631004565 1.1905507888081697 -0.39685026273847884
-0.3968502631908308 -0.39685026273847884 1.1905507891056903

# Matrix 541
1.1905507889637832 0.39685026291162795 -0.3968502630270901
0.39685026291162795 1.1905507889882918 0.39685026302818205
-0.3968502630270901 0.39685026302818205 1.1905507889671243

# Matrix 542
1.1905507888345366 -0.39685026481918245 -0.39685026371724186
-0.39685026481918245 1.190550789114227 -0.39685026063544576
-0.39685026371724186 -0.39685026063544576 1.190550789175406

# Matrix 543
1.1905507889798506 -0.3968502630984217 -0.39685026296955994
-0.3968502630984217 1.1905507889724034 -0.39685026290307546
-0.39685026296955994 -0.39685026290307546 1.1905507889711022

# Matrix 544
1.1905507888840472 -0.3968502627821189 -0.39685026371442467
-0.3968502627821189 1.1905507889536688 -0.3968502624004621
-0.39685026371442467 -0.3968502624004621 1.1905507890115887

# Matrix 545
1.1905507889730327 0.3968502629543476 -0.3968502630214323
0.3968502629543476 1.1905507889763334 0.3968502630010562
-0.3968502630214323 0.3968502630010562 1.1905507889797693

# Matrix 546
1.190550788505902 0.39685026025097153 -0.3968502647946062
0.39685026025097153 1.1905507881505797 0.39685026345637936
-0.3968502647946062 0.39685026345637936 1.190550789797775

# Matrix 547
1.1905507889810198 -0.3968502644161053 0.39685026330833945
-0.3968502644161053 1.1905507889620452 0.3968502612572856
0.39685026330833945 0.3968502612572856 1.1905507889909646

# Matrix 548
1.190550789021025 0.3968502631787582 -0.3968502628843247
0.3968502631787582 1.1905507888935194 0.3968502628203351
-0.3968502628843247 0.3968502628203351 1.1905507889211728

# Matrix 549
1.1905507889362554 -0.39685026291346875 0.3968502630859364
-0.39685026291346875 1.1905507890373035 0.396850262946238
0.3968502630859364 0.396850262946238 1.1905507889243834

# Matrix 550
1.1905507889760525 0.396850262992237 0.39685026299194115
0.396850262992237 1.190550788976237 -0.3968502629919451
0.39685026299194115 -0.3968502629919451 1.190550788976133

# Matrix 551
1.1905507889396056 0.3968502630295952 0.3968502630280103
0.3968502630295952 1.1905507890259441 -0.39685026296565523
0.3968502630280103 -0.39685026296565523 1.19055078901001

# Matrix 552
1.1905507889594624 -0.3968502625510624 0.3968502638211279
-0.3968502625510624 1.1905507889914047 0.396850262582417
0.3968502638211279 0.396850262582417 1.1905507889560396

# Matrix 553
1.1905507883346764 -0.396850262563954 0.3968502644891448
-0.396850262563954 1.1905507895557406 0.3968502624322079
0.3968502644891448 0.3968502624322079 1.190550789547189

# Matrix 554
1.587401051963724 -0.7937005259815935 -0.7937005259813191
-0.7937005259815935 1.190550788976 0.39685026299146914
-0.7937005259813191 0.39685026299146914 1.1905507889754874

# Matrix 555
1.1905507887002607 -0.39685026302527543 -0.3968502632794556
-0.39685026302527543 1.1905507889711575 -0.39685026241460714
-0.3968502632794556 -0.39685026241460714 1.190550789000219

# Matrix 556
1.1905507889785447 0.3968502629817547 0.3968502630133286
0.3968502629817547 1.1905507889737377 -0.39685026298342124
0.3968502630133286 -0.39685026298342124 1.1905507889785216

# Matrix 557
1.190550788975121 0.39685026298272047 0.39685026300103887
0.39685026298272047 1.1905507889769127 -0.39685026299369625
0.39685026300103887 -0.39685026299369625 1.1905507889777214

# Matrix 558
1.190550789123002 -0.39685026284890307 0.39685026327235673
-0.39685026284890307 1.1905507886555273 0.3968502625269563
0.39685026327235673 0.3968502625269563 1.1905507888219855

# Matrix 559
1.190550788885269 -0.3968502627636488 -0.3968502631126825
-0.3968502627636488 1.1905507888884537 -0.3968502630155401
-0.3968502631126825 -0.3968502630155401 1.1905507890704479

# Matrix 560
1.1905507889712994 -0.39685026303471227 -0.3968502629917051
-0.39685026303471227 1.190550789038292 -0.3968502629779829
-0.3968502629917051 -0.3968502629779829 1.1905507889471076

# Matrix 561
1.5874010519659638 -0.7937005259829083 -0.7937005259828797
-0.7937005259829083 1.1905507889761056 0.3968502629945212
-0.7937005259828797 0.3968502629945212 1.190550788976018

# Matrix 562
1.1905507889754041 0.3968502629901405 0.3968502630056814
0.3968502629901405 1.190550788977047 -0.39685026297951403
0.3968502630056814 -0.39685026297951403 1.1905507889751836

# Matrix 563
1.190550788972629 -0.39685026297247583 -0.3968502629900758
-0.39685026297247583 1.1905507889537403 -0.3968502629897209
-0.3968502629900758 -0.3968502629897209 1.1905507889782023

# Matrix 564
1.1905507889706841 0.3968502630015582 -0.3968502629846022
0.3968502630015582 1.1905507889947642 0.3968502629964507
-0.3968502629846022 0.3968502629964507 1.1905507889694622

# Matrix 565
1.190550789058119 0.39685026297481113 -0.396850263195466
0.39685026297481113 1.1905507888796711 0.39685026273807933
-0.396850263195466 0.39685026273807933 1.190550788922866

# Matrix 566
1.1905507889896696 -0.3968502630695934 -0.39685026320082495
-0.3968502630695934 1.1905507890326925 -0.3968502627475177
-0.39685026320082495 -0.3968502627475177 1.1905507889478733

# Matrix 567
1.1905507889736504 -0.3968502629987013 0.3968502630125526
-0.3968502629987013 1.190550789024645 0.3968502629503758
0.3968502630125526 0.3968502629503758 1.1905507889156335

# Matrix 568
1.1905507889787523 0.39685026299414794 0.3968502629916752
0.39685026299414794 1.1905507889739573 -0.39685026298872783
0.3968502629916752 -0.39685026298872783 1.190550788974141

# Matrix 569
1.1905507889762343 0.3968502629919461 0.39685026299286646
0.3968502629919461 1.1905507889762934 -0.3968502629914969
0.39685026299286646 -0.3968502629914969 1.1905507889760811

# Matrix 570
1.1905507889997795 0.39685026298042864 0.3968502629741995
0.39685026298042864 1.1905507889531017 -0.39685026298263854
0.3968502629741995 -0.39685026298263854 1.1905507889366849

# Matrix 571
1.1905507889759241 -0.3968502629923218 0.3968502629916061
-0.3968502629923218 1.190550788976428 0.3968502629919933
0.3968502629916061 0.3968502629919933 1.190550788975868

# Matrix 572
1.1905507889760016 -0.39685026299062204 -0.3968502629948555
-0.39685026299062204 1.190550788976342 -0.3968502629905807
-0.3968502629948555 -0.3968502629905807 1.1905507889760136

# Matrix 573
1.1905507891266052 -0.39685026221829467 -0.39685026541255725
-0.39685026221829467 1.1905507889043485 -0.39685026174756083
-0.39685026541255725 -0.39685026174756083 1.1905507892997582

# Matrix 574
1.1905507889225944 0.3968502624747893 0.3968502636812393
0.3968502624747893 1.190550788940865 -0.3968502627859125
0.3968502636812393 -0.3968502627859125 1.1905507890307812

# Matrix 575
1.1905507889733864 0.3968502629780797 0.39685026301452825
0.3968502629780797 1.1905507889789742 -0.3968502629804428
0.39685026301452825 -0.3968502629804428 1.1905507889729894

# Matrix 576
1.1905507890974658 -0.3968502628034055 -0.3968502633764906
-0.3968502628034055 1.1905507887755424 -0.3968502627490269
-0.3968502633764906 -0.3968502627490269 1.1905507890082137

# Matrix 577
1.1905507889777573 -0.3968502630269525 0.39685026297315146
-0.3968502630269525 1.1905507889448572 0.39685026295700454
0.39685026297315146 0.39685026295700454 1.190550788986793

# Matrix 578
1.190550788926455 0.3968502625516231 0.39685026318187355
0.3968502625516231 1.1905507889634137 -0.39685026314655103
0.39685026318187355 -0.39685026314655103 1.1905507889424782

# Matrix 579
1.1905507889769522 0.39685026299593085 -0.3968502629902893
0.39685026299593085 1.1905507889786247 0.3968502629909827
-0.3968502629902893 0.3968502629909827 1.1905507889739249

# Matrix 580
1.1905507889540685 -0.3968502631560632 -0.396850262875595
-0.3968502631560632 1.190550789001545 -0.3968502629227952
-0.396850262875595 -0.3968502629227952 1.1905507889511386

# Matrix 581
1.1905507889765201 -0.3968502629924514 0.39685026299305276
-0.3968502629924514 1.1905507889765201 0.39685026299137843
0.39685026299305276 0.39685026299137843 1.1905507889761415

# Matrix 582
1.1905507892870097 -0.3968502633572948 0.396850263749507
-0.3968502633572948 1.1905507888540552 0.3968502621806133
0.396850263749507 0.3968502621806133 1.1905507890986495

# Matrix 583
1.1905507889758407 -0.39685026299449244 -0.3968502629930548
-0.39685026299449244 1.1905507889764584 -0.3968502629884326
-0.3968502629930548 -0.3968502629884326 1.19055078897598

# Matrix 584
1.2599210497507496 0.6299605247699959 0.6299605243828685
0.6299605247699959 1.2599210494780013 -1.31072486198036e-10
0.6299605243828685 -1.31072486198036e-10 1.2599210496019466

# Matrix 585
1.5874010492470343 0.7937005243933902 0.7937005243720616
0.7937005243933902 1.1905507887617401 0.39685025840716304
0.7937005243720616 0.39685025840716304 1.1905507887089766

# Matrix 586
1.1905507889653075 -0.3968502630093734 -0.39685026307269156
-0.3968502630093734 1.190550788977535 -0.3968502629150895
-0.39685026307269156 -0.3968502629150895 1.1905507890066114

# Matrix 587
1.1905507889690807 -0.3968502630251333 -0.3968502629628635
-0.3968502630251333 1.190550789032508 -0.3968502629948948
-0.3968502629628635 -0.3968502629948948 1.1905507889336018

# Matrix 588
1.19055078897589 0.3968502629916693 0.3968502629926932
0.3968502629916693 1.1905507889764422 -0.3968502629915391
0.3968502629926932 -0.3968502629915391 1.1905507889758686

# Matrix 589
1.190550788898627 0.3968502634053546 0.3968502631180754
0.3968502634053546 1.1905507888764 -0.3968502623782171
0.3968502631180754 -0.3968502623782171 1.1905507890789195

# Matrix 590
1.1905507888255662 0.39685026267136003 -0.3968502630471045
0.39685026267136003 1.1905507888367144 0.39685026306215754
-0.3968502630471045 0.39685026306215754 1.1905507890706406

# Matrix 591
1.1905507888486244 -0.39685026238620635 0.39685026441475013
-0.39685026238620635 1.1905507888647548 0.3968502620787953
0.39685026441475013 0.3968502620787953 1.1905507891186717

# Matrix 592
1.190550788975979 0.39685026298384724 -0.3968502629977566
0.39685026298384724 1.1905507889762532 0.3968502629947222
-0.3968502629977566 0.3968502629947222 1.1905507889763933

# Matrix 593
1.1905507880161097 -0.39685025915030864 0.3968502649768738
-0.39685025915030864 1.1905507891978342 0.39685026444859767
0.3968502649768738 0.39685026444859767 1.1905507893141352

# Matrix 594
1.5874010519653372 -0.7937005259818737 -0.7937005259824355
-0.7937005259818737 1.1905507889749976 0.39685026297161957
-0.7937005259824355 0.39685026297161957 1.1905507889762739

# Matrix 595
1.1905507889734552 -0.3968502629933308 -0.3968502629967082
-0.3968502629933308 1.1905507889795315 -0.39685026299046544
-0.3968502629967082 -0.39685026299046544 1.190550788979817

# Matrix 596
1.1905507889508067 0.3968502627191197 -0.3968502630020115
0.3968502627191197 1.190550789059592 0.3968502631946604
-0.3968502630020115 0.3968502631946604 1.190550788857692

# Matrix 597
1.19055078897729 0.39685026298569015 0.3968502629988488
0.39685026298569015 1.1905507889744202 -0.3968502629920543
0.3968502629988488 -0.3968502629920543 1.1905507889771825

# Matrix 598
1.1905507889760198 -0.3968502629926917 0.39685026299247017
-0.3968502629926917 1.1905507889764126 0.3968502629911468
0.39685026299247017 0.3968502629911468 1.1905507889761755

# Matrix 599
1.1905507889774658 0.3968502629922073 0.3968502629968708
0.3968502629922073 1.1905507889806597 -0.39685026299197024
0.3968502629968708 -0.39685026299197024 1.1905507889752218

# Matrix 600
1.1905507889759728 0.396850262992218 0.3968502629921577
0.396850262992218 1.1905507889763172 -0.3968502629919496
0.3968502629921577 -0.3968502629919496 1.1905507889763343

# Matrix 601
1.2599210483769885 0.6299605232972052 0.6299605225549516
0.6299605232972052 1.259921049583665 -3.0773231185498855e-9
0.6299605225549516 -3.0773231185498855e-9 1.259921048891188

# Matrix 602
1.1905507888533025 0.3968502627489856 0.3968502631657362
0.3968502627489856 1.1905507889529003 -0.39685026301000703
0.3968502631657362 -0.39685026301000703 1.1905507890708253

# Matrix 603
1.1905507889770677 0.3968502629755015 -0.39685026301501386
0.3968502629755015 1.1905507889702642 0.39685026298155723
-0.39685026301501386 0.39685026298155723 1.1905507889770397

# Matrix 604
1.190550789088687 -0.39685026285180713 -0.3968502634151698
-0.39685026285180713 1.190550788564982 -0.3968502626929245
-0.3968502634151698 -0.3968502626929245 1.1905507892585319

# Matrix 605
1.1905507889761378 0.3968502629905627 0.39685026299325676
0.3968502629905627 1.1905507889761533 -0.3968502629923282
0.39685026299325676 -0.3968502629923282 1.1905507889761557

# Matrix 606
1.2599210499130915 -0.629960524951399 0.6299605249512987
-0.629960524951399 1.259921049880578 -2.2125246079695977e-11
0.6299605249512987 -2.2125246079695977e-11 1.2599210498805595

# Matrix 607
1.5874010519608897 0.7937005259803611 -0.7937005259803982
0.7937005259803611 1.1905507889758078 -0.3968502629895225
-0.7937005259803982 -0.3968502629895225 1.1905507889763611

# Matrix 608
1.1905507889761278 0.39685026297790227 0.3968502629983296
0.39685026297790227 1.1905507889761426 -0.3968502629987245
0.3968502629983296 -0.3968502629987245 1.1905507889749847

# Matrix 609
1.1905507889761109 -0.3968502629918793 0.39685026299252874
-0.3968502629918793 1.1905507889761888 0.3968502629917025
0.39685026299252874 0.3968502629917025 1.1905507889761102

# Matrix 610
1.1905507891112201 -0.39685026306124344 0.396850262998152
-0.39685026306124344 1.1905507890324472 0.3968502628799731
0.396850262998152 0.3968502628799731 1.190550788748

# Matrix 611
1.190550789032984 0.3968502629144911 -0.3968502630893781
0.3968502629144911 1.190550788936851 0.39685026298654524
-0.3968502630893781 0.39685026298654524 1.1905507889728788

# Matrix 612
1.190550788956756 0.3968502629824697 0.39685026299665865
0.3968502629824697 1.190550788994762 -0.3968502629937683
0.39685026299665865 -0.3968502629937683 1.1905507889736782

# Matrix 613
1.190550788971861 0.3968502629323197 0.3968502636564328
0.3968502629323197 1.19055078897922 -0.39685026238501464
0.3968502636564328 -0.39685026238501464 1.1905507889749856

# Matrix 614
1.1905507890551568 0.3968502627993969 -0.3968502633419316
0.3968502627993969 1.1905507885278395 0.39685026252367556
-0.3968502633419316 0.39685026252367556 1.190550789034307

# Matrix 615
1.1905507888314384 -0.3968502613571268 0.3968502652328826
-0.3968502613571268 1.190550789120671 0.3968502622412274
0.3968502652328826 0.3968502622412274 1.1905507888314266

# Matrix 616
1.190550788981267 0.3968502628886854 0.396850263223185
0.3968502628886854 1.1905507889671765 -0.3968502628578881
0.396850263223185 -0.3968502628578881 1.1905507889736142

# Matrix 617
1.1905507889760072 -0.3968502629853326 0.3968502630053797
-0.3968502629853326 1.190550788976303 0.3968502629853092
0.3968502630053797 0.3968502629853092 1.1905507889760103

# Matrix 618
1.1905507889746751 -0.39685026302491916 0.3968502629785993
-0.39685026302491916 1.1905507889746851 0.3968502629711613
0.3968502629785993 0.3968502629711613 1.1905507889776188

# Matrix 619
1.1905507889761726 -0.3968502629920055 -0.3968502629921132
-0.3968502629920055 1.190550788976153 -0.3968502629920546
-0.3968502629921132 -0.3968502629920546 1.1905507889761466

# Matrix 620
1.1905507889768274 0.39685026292553344 0.3968502633432641
0.39685026292553344 1.19055078900655 -0.39685026271440993
0.3968502633432641 -0.39685026271440993 1.1905507889521294

# Matrix 621
1.1905507888389149 0.3968502617616681 0.39685026492047976
0.3968502617616681 1.1905507890121236 -0.3968502621435419
0.39685026492047976 -0.3968502621435419 1.1905507889269507

# Matrix 622
1.1905507890005083 -0.39685026290035746 0.3968502630646128
-0.39685026290035746 1.1905507889536264 0.3968502630207409
0.3968502630646128 0.3968502630207409 1.1905507889838758

# Matrix 623
1.1905507889575955 -0.3968502632031643 0.3968502628934725
-0.3968502632031643 1.1905507889913507 0.39685026287827657
0.3968502628934725 0.39685026287827657 1.1905507889782663

# Matrix 624
1.1905507898937624 -0.39685026317118105 -0.3968502633950515
-0.39685026317118105 1.1905507888410765 -0.39685026223084907
-0.3968502633950515 -0.39685026223084907 1.1905507880145416

# Matrix 625
1.2599210493923718 -8.872718185171097e-10 0.6299605242500147
-8.872718185171097e-10 1.2599210494000952 0.6299605242549909
0.6299605242500147 0.6299605242549909 1.259921049696601

# Matrix 626
1.1905507889458369 0.39685026288757685 0.3968502631486274
0.39685026288757685 1.1905507890029072 -0.39685026290687075
0.3968502631486274 -0.39685026290687075 1.1905507889466305

# Matrix 627
1.1905507895810876 -0.3968502627294664 -0.3968502637144311
-0.3968502627294664 1.1905507885354998 -0.39685026267310347
-0.3968502637144311 -0.39685026267310347 1.1905507889527132

# Matrix 628
1.1905507890384188 -0.39685026104028454 0.3968502645680824
-0.39685026104028454 1.1905507888976319 0.3968502632836368
0.3968502645680824 0.3968502632836368 1.190550788908252

# Matrix 629
1.1905507889762437 0.3968502630117617 -0.3968502629825408
0.3968502630117617 1.1905507889762452 0.3968502629819448
-0.3968502629825408 0.3968502629819448 1.1905507889760578

# Matrix 630
1.1905507889731535 -0.3968502629998123 -0.3968502629915794
-0.3968502629998123 1.1905507889794198 -0.396850262983323
-0.3968502629915794 -0.396850262983323 1.1905507889744404

# Matrix 631
1.259921049894885 0.6299605249474338 0.6299605249474336
0.6299605249474338 1.2599210498948568 9.769962616701332e-15
0.6299605249474336 9.769962616701332e-15 1.25992104989486

# Matrix 632
1.5874010485104744 -0.7937005240386746 -0.7937005239733269
-0.7937005240386746 1.1905507886733298 0.39685026238525306
-0.7937005239733269 0.39685026238525306 1.1905507887804965

# Matrix 633
1.1905507889596207 -0.39685026299046106 0.3968502629802388
-0.39685026299046106 1.1905507889840574 0.3968502629887851
0.3968502629802388 0.3968502629887851 1.190550788968106

# Matrix 634
1.1905507893248428 0.3968502630597199 0.39685026322097267
0.3968502630597199 1.1905507886700575 -0.39685026275266816
0.39685026322097267 -0.39685026275266816 1.1905507889907596

# Matrix 635
1.1905507889746312 0.39685026299072446 0.3968502629931127
0.39685026299072446 1.190550788977691 -0.3968502629908167
0.3968502629931127 -0.3968502629908167 1.1905507889746312

# Matrix 636
1.190550788991623 -0.39685026300403514 -0.39685026298393256
-0.39685026300403514 1.190550789044277 -0.3968502629421184
-0.39685026298393256 -0.3968502629421184 1.1905507888464855

# Matrix 637
1.587401051967554 0.7937005259837759 0.7937005259837653
0.7937005259837759 1.1905507889762375 0.3968502629917503
0.7937005259837653 0.3968502629917503 1.190550788976049

# Matrix 638
1.1905507889830305 -0.3968502631049828 0.39685026296867093
-0.3968502631049828 1.1905507889815445 0.3968502629059217
0.39685026296867093 0.3968502629059217 1.1905507889672995

# Matrix 639
1.5874010519452466 0.7937005259687521 -0.7937005259683293
0.7937005259687521 1.1905507889724412 -0.3968502629781784
-0.7937005259683293 -0.3968502629781784 1.1905507889716926

# Matrix 640
1.1905507887024167 -0.3968502627547673 0.39685026351274344
-0.3968502627547673 1.190550789678475 0.39685026288199643
0.39685026351274344 0.39685026288199643 1.1905507887209148

# Matrix 641
1.1905507889703222 -0.3968502628631995 0.39685026322166306
-0.3968502628631995 1.19055078898164 0.3968502628857038
0.39685026322166306 0.3968502628857038 1.1905507889709033

# Matrix 642
1.58740104470462 0.7937005222715262 0.793700521961367
0.7937005222715262 1.1905507888121787 0.39685026211282043
0.793700521961367 0.39685026211282043 1.1905507886683935

# Matrix 643
1.1905507889763571 -0.39685026298871373 0.39685026301886756
-0.39685026298871373 1.1905507889762048 0.39685026296904974
0.39685026301886756 0.39685026296904974 1.1905507889763687

# Matrix 644
1.1905507889751694 0.39685026298337694 -0.3968502630043189
0.39685026298337694 1.1905507889726237 0.39685026298474857
-0.3968502630043189 0.39685026298474857 1.1905507889769502

# Matrix 645
1.1905507889435067 0.39685026365448567 0.3968502626670457
0.39685026365448567 1.1905507890178106 -0.3968502626666615
0.3968502626670457 -0.3968502626666615 1.1905507889791749

# Matrix 646
1.1905507886650122 0.39685026265204354 -0.3968502627819485
0.39685026265204354 1.1905507887163538 0.3968502628068453
-0.3968502627819485 0.3968502628068453 1.190550788811771

# Matrix 647
1.1905507889733544 0.3968502629829986 -0.3968502629973628
0.3968502629829986 1.1905507889771774 0.39685026299484144
-0.3968502629973628 0.39685026299484144 1.1905507889769704

# Matrix 648
1.1905507889764075 -0.39685026299978277 -0.3968502629893596
-0.39685026299978277 1.1905507889758893 -0.3968502629868177
-0.3968502629893596 -0.3968502629868177 1.1905507889759623

# Matrix 649
1.2599210496149602 0.6299605248064124 -0.629960524806357
0.6299605248064124 1.2599210500348565 4.2459047389086637e-10
-0.629960524806357 4.2459047389086637e-10 1.2599210500350293

# Matrix 650
1.1905507890152027 0.3968502630156796 0.3968502628540248
0.3968502630156796 1.1905507890655318 -0.3968502628784842
0.3968502628540248 -0.3968502628784842 1.1905507886197537

# Matrix 651
1.1905507889615456 -0.39685026291085257 0.3968502631905325
-0.39685026291085257 1.1905507889898679 0.3968502628575121
0.3968502631905325 0.3968502628575121 1.1905507889597828

# Matrix 652
1.19055078899387 0.39685026232050097 -0.3968502636574688
0.39685026232050097 1.190550788228142 0.3968502623129975
-0.3968502636574688 0.3968502623129975 1.1905507890212546

# Matrix 653
1.1905507889780684 0.39685026298850584 0.39685026301719106
0.39685026298850584 1.190550788974056 -0.39685026297204834
0.39685026301719106 -0.39685026297204834 1.19055078897792

# Matrix 654
1.1905507889923646 0.3968502627465416 0.3968502633233605
0.3968502627465416 1.190550788941174 -0.3968502629417109
0.3968502633233605 -0.3968502629417109 1.1905507890303735

# Matrix 655
1.1905507890933373 -0.3968502636205747 -0.3968502633761896
-0.3968502636205747 1.190550788925157 -0.39685026210613866
-0.3968502633761896 -0.39685026210613866 1.1905507890367077

# Matrix 656
1.1905507887548499 -0.3968502630925801 -0.396850263019966
-0.3968502630925801 1.1905507891978224 -0.3968502629555393
-0.396850263019966 -0.3968502629555393 1.1905507890677123

# Matrix 657
1.1905507889716116 -0.3968502629152983 0.3968502631415714
-0.3968502629152983 1.1905507889806637 0.3968502629147188
0.3968502631415714 0.3968502629147188 1.1905507889716125

# Matrix 658
1.190550788988516 -0.39685026302959714 -0.3968502629596343
-0.39685026302959714 1.1905507890492073 -0.3968502629794202
-0.3968502629596343 -0.3968502629794202 1.1905507888832274

# Matrix 659
1.190550788973656 0.39685026279058194 0.39685026322402994
0.39685026279058194 1.1905507889651434 -0.3968502629925156
0.39685026322402994 -0.3968502629925156 1.1905507890206273

# Matrix 660
1.1905507886187037 -0.3968502630639022 -0.39685026288392866
-0.3968502630639022 1.1905507890210243 -0.3968502627975511
-0.39685026288392866 -0.3968502627975511 1.190550789057953

# Matrix 661
1.190550789153433 -0.39685026361420667 0.39685026370102233
-0.39685026361420667 1.1905507889354447 0.39685026180342614
0.39685026370102233 0.39685026180342614 1.1905507889820766

# Matrix 662
1.1905507888316655 -0.396850262759949 -0.3968502633255164
-0.396850262759949 1.190550789130189 -0.3968502627393032
-0.3968502633255164 -0.3968502627393032 1.1905507888152127

# Matrix 663
1.1905507889614428 -0.3968502630318032 0.39685026306211657
-0.3968502630318032 1.190550789003694 0.39685026288351005
0.39685026306211657 0.39685026288351005 1.1905507889645925

# Matrix 664
1.2599210498963511 1.576328650942922e-11 -0.6299605249403147
1.576328650942922e-11 1.2599210498907947 0.6299605249375086
-0.6299605249403147 0.6299605249375086 1.2599210498876554

# Matrix 665
1.1905507889367175 0.3968502628683056 0.39685026322101036
0.3968502628683056 1.190550789006531 -0.39685026283919367
0.39685026322101036 -0.39685026283919367 1.1905507889375604

# Matrix 666
1.1905507894005984 -0.39685026342733587 0.3968502640225805
-0.39685026342733587 1.1905507886585502 0.3968502618976385
0.3968502640225805 0.3968502618976385 1.1905507892407052

# Matrix 667
1.1905507889759928 0.39685026299110565 0.3968502629933398
0.39685026299110565 1.1905507889763307 -0.39685026299166803
0.3968502629933398 -0.39685026299166803 1.1905507889760891

# Matrix 668
1.1905507888974889 -0.3968502626854298 -0.39685026353860486
-0.3968502626854298 1.1905507890650573 -0.3968502626841106
-0.39685026353860486 -0.3968502626841106 1.1905507888978986

# Matrix 669
1.1905507891807425 -0.396850262270197 0.3968502644121295
-0.396850262270197 1.190550788739323 0.3968502623523081
0.3968502644121295 0.3968502623523081 1.1905507890668685

# Matrix 670
1.1905507889736813 0.39685026298359 0.3968502630124104
0.39685026298359 1.1905507889778661 -0.39685026297854015
0.3968502630124104 -0.39685026297854015 1.1905507889752922

# Matrix 671
1.587401051967672 0.793700525983828 0.7937005259837709
0.793700525983828 1.1905507889762086 0.3968502629921532
0.7937005259837709 0.3968502629921532 1.1905507889760174

# Matrix 672
1.19055078903324 -0.3968502630077402 -0.3968502631268043
-0.3968502630077402 1.190550788963066 -0.39685026281532165
-0.3968502631268043 -0.39685026281532165 1.1905507889058593

# Matrix 673
1.190550788975863 0.3968502629918771 0.39685026299221654
0.3968502629918771 1.1905507889764433 -0.39685026299182047
0.39685026299221654 -0.39685026299182047 1.1905507889759066

# Matrix 674
1.1905507881911241 -0.39685026230109605 -0.3968502650271456
-0.39685026230109605 1.1905507890282803 -0.3968502615284685
-0.3968502650271456 -0.3968502615284685 1.1905507895896048

# Matrix 675
1.1905507889794844 0.39685026244813365 -0.3968502639468391
0.39685026244813365 1.1905507889726712 0.39685026258426986
-0.3968502639468391 0.39685026258426986 1.1905507889793863

# Matrix 676
1.1905507880074724 0.39685026227510245 0.3968502640083727
0.39685026227510245 1.190550788971252 -0.39685026183956673
0.3968502640083727 -0.39685026183956673 1.1905507890966165

# Matrix 677
1.1905507889764788 0.39685026299265663 -0.3968502629939544
0.39685026299265663 1.1905507889758977 0.3968502629892387
-0.3968502629939544 0.3968502629892387 1.1905507889757727

# Matrix 678
1.1905507889519853 -0.3968502625233492 0.3968502639017127
-0.3968502625233492 1.1905507889997873 0.396850262526401
0.3968502639017127 0.396850262526401 1.1905507889519893

# Matrix 679
1.587401051958496 -0.7937005259792442 0.793700525979248
-0.7937005259792442 1.1905507889761884 -0.3968502629718822
0.793700525979248 -0.3968502629718822 1.1905507889761073

# Matrix 680
1.2599210499697546 -0.6299605248801048 0.6299605248765869
-0.6299605248801048 1.2599210497553215 -7.542355628942129e-12
0.6299605248765869 -7.542355628942129e-12 1.259921049745313

# Matrix 681
1.1905507891332925 0.39685026637703624 0.3968502635117224
0.39685026637703624 1.1905507892155152 -0.3968502593141333
0.3968502635117224 -0.3968502593141333 1.1905507888063833

# Matrix 682
1.1905507887375493 -0.3968502621839906 0.39685026340796575
-0.3968502621839906 1.190550788927944 0.39685026325121514
0.39685026340796575 0.39685026325121514 1.1905507891299774

# Matrix 683
1.1905507889775697 -0.3968502626781962 0.3968502636343048
-0.3968502626781962 1.1905507889748426 0.39685026266496476
0.3968502636343048 0.39685026266496476 1.1905507889773526

# Matrix 684
1.259921049900908 0.6299605249413257 -0.6299605249414885
0.6299605249413257 1.2599210498826448 -9.270362255620011e-15
-0.6299605249414885 -9.270362255620011e-15 1.2599210498829705

# Matrix 685
1.5874010517546921 0.7937005258727826 -0.7937005258612126
0.7937005258727826 1.1905507889864657 -0.3968502628516511
-0.7937005258612126 -0.3968502628516511 1.1905507889451366

# Matrix 686
1.1905507889828226 0.39685026304014936 -0.39685026301610477
0.39685026304014936 1.1905507889777627 0.3968502629296754
-0.39685026301610477 0.3968502629296754 1.190550788977643

# Matrix 687
1.1905507891453833 0.3968502629078122 0.3968502629171117
0.3968502629078122 1.1905507888499305 -0.3968502628905003
0.3968502629171117 -0.3968502628905003 1.1905507886724094

# Matrix 688
1.1905507887271052 0.3968502647832644 -0.3968502619946028
0.3968502647832644 1.1905507888677491 0.396850261532638
-0.3968502619946028 0.396850261532638 1.1905507886679503

# Matrix 689
1.1905507889767848 -0.39685026299522297 -0.39685026299081677
-0.39685026299522297 1.190550788976798 -0.3968502629907498
-0.39685026299081677 -0.3968502629907498 1.190550788975506

# Matrix 690
1.1905507889761426 -0.39685026298891946 0.39685026299625503
-0.39685026298891946 1.1905507889761486 0.3968502629909756
0.39685026299625503 0.3968502629909756 1.190550788976158

# Matrix 691
1.1905507887219047 -0.39685025935611035 -0.39685026652764493
-0.39685025935611035 1.1905507892231335 -0.3968502632664832
-0.39685026652764493 -0.3968502632664832 1.1905507891574996

# Matrix 692
1.190550788975115 -0.3968502629179541 -0.3968502631389365
-0.3968502629179541 1.1905507889752485 -0.39685026291786424
-0.3968502631389365 -0.39685026291786424 1.1905507889766902

# Matrix 693
1.1905507889694036 0.3968502628905017 0.3968502632039191
0.3968502628905017 1.1905507889829339 -0.39685026287501873
0.3968502632039191 -0.39685026287501873 1.1905507889694016

# Matrix 694
1.2599210499451963 0.6299605249660152 -0.6299605249658763
0.6299605249660152 1.2599210498623692 -6.947303843318803e-11
-0.6299605249658763 -6.947303843318803e-11 1.2599210498633218

# Matrix 695
1.2599210499492226 0.6299605249462059 0.6299605249461826
0.6299605249462059 1.2599210498799815 0.629960524945474
0.6299605249461826 0.629960524945474 1.2599210498524507

# Matrix 696
1.1905507889801088 -0.39685026299035414 -0.396850262997205
-0.39685026299035414 1.190550788974546 -0.3968502629856025
-0.396850262997205 -0.3968502629856025 1.1905507889708058

# Matrix 697
1.1905507889965972 0.39685026333421675 0.3968502630589684
0.39685026333421675 1.1905507890140257 -0.39685026259971745
0.3968502630589684 -0.39685026259971745 1.1905507889345794

# Matrix 698
1.1905507889858775 -0.3968502632092531 -0.39685026289907455
-0.3968502632092531 1.1905507889852645 -0.3968502628715426
-0.39685026289907455 -0.3968502628715426 1.1905507889610274

# Matrix 699
1.1905507889749316 0.39685026297333836 -0.39685026305228865
0.39685026297333836 1.190550788977872 0.3968502629448738
-0.39685026305228865 0.3968502629448738 1.1905507889699962

# Matrix 700
1.1905507891094405 -0.396850262011062 -0.39685026534729784
-0.396850262011062 1.190550788825296 -0.39685026178033544
-0.39685026534729784 -0.39685026178033544 1.1905507891562581

# Matrix 701
1.1905507889757998 -0.3968502629555195 0.39685026303497994
-0.3968502629555195 1.1905507889803324 0.39685026299361836
0.39685026303497994 0.39685026299361836 1.1905507889802849

# Matrix 702
1.190550789921296 -0.3968502625179997 -0.3968502643274832
-0.3968502625179997 1.1905507878555297 -0.39685026215618335
-0.3968502643274832 -0.39685026215618335 1.1905507891771403

# Matrix 703
1.1905507889434688 -0.3968502625087923 0.39685026392606243
-0.3968502625087923 1.1905507890086702 0.39685026250836625
0.39685026392606243 0.39685026250836625 1.1905507889433808

# Matrix 704
1.1905507889741263 -0.39685026298548415 -0.39685026301591525
-0.39685026298548415 1.1905507889791735 -0.396850262973027
-0.39685026301591525 -0.396850262973027 1.190550788973426

# Matrix 705
1.1905507887907396 0.3968502633622596 -0.39685026260641326
0.3968502633622596 1.1905507893115292 0.3968502629972695
-0.39685026260641326 0.3968502629972695 1.190550788815973

# Matrix 706
1.1905507889672209 0.39685026295272047 0.396850263297739
0.39685026295272047 1.1905507889827318 -0.396850262714159
0.396850263297739 -0.396850262714159 1.190550788966965

# Matrix 707
1.190550788976174 -0.39685026299160975 0.39685026299295056
-0.39685026299160975 1.1905507889761342 0.39685026299160103
0.39685026299295056 0.39685026299160103 1.1905507889761526

# Matrix 708
1.190550788965763 0.39685026280031827 -0.396850263399712
0.39685026280031827 1.190550788993973 0.39685026277440255
-0.396850263399712 0.39685026277440255 1.190550788966996

# Matrix 709
1.1905507889762528 0.3968502629922633 -0.3968502629923024
0.3968502629922633 1.190550788976069 0.39685026299150833
-0.3968502629923024 0.39685026299150833 1.190550788976052

# Matrix 710
1.1905507889667657 -0.39685026300881066 0.39685026299327214
-0.39685026300881066 1.1905507889819396 0.3968502629749811
0.39685026299327214 0.3968502629749811 1.190550788980658

# Matrix 711
1.1905507890371607 -0.39685026302059273 -0.3968502630579874
-0.39685026302059273 1.190550788838338 -0.396850262746026
-0.3968502630579874 -0.396850262746026 1.1905507889014062

# Matrix 712
1.190550789221446 0.3968502635425185 0.3968502628473841
0.3968502635425185 1.1905507893584761 -0.39685026283471503
0.3968502628473841 -0.39685026283471503 1.1905507885969948

# Matrix 713
1.1905507888526057 0.3968502625029314 -0.3968502634102982
0.3968502625029314 1.1905507891327953 0.396850262876685
-0.3968502634102982 0.396850262876685 1.190550788756813

# Matrix 714
1.190550788976154 -0.39685026299206594 0.3968502629920794
-0.39685026299206594 1.1905507889761546 0.3968502629920105
0.3968502629920794 0.3968502629920105 1.1905507889761462

# Matrix 715
1.1905507889758293 -0.3968502629902826 -0.3968502629928681
-0.3968502629902826 1.190550788975903 -0.396850262992729
-0.3968502629928681 -0.396850262992729 1.1905507889764462

# Matrix 716
1.190550788976012 0.3968502629905418 -0.3968502629970084
0.3968502629905418 1.1905507889762974 0.39685026298845666
-0.3968502629970084 0.39685026298845666 1.190550788975996

# Matrix 717
1.190550788950506 0.39685026310763905 -0.39685026301642873
0.39685026310763905 1.1905507890033078 0.3968502628558371
-0.39685026301642873 0.3968502628558371 1.1905507889783906

# Matrix 718
1.1905507889757185 -0.3968502629911227 -0.39685026299323767
-0.3968502629911227 1.1905507889761233 -0.3968502629918154
-0.39685026299323767 -0.3968502629918154 1.190550788976633

# Matrix 719
1.1905507890935167 0.3968502637688162 0.39685026342337376
0.3968502637688162 1.1905507889915206 -0.39685026145836433
0.39685026342337376 -0.39685026145836433 1.1905507885178161

# Matrix 720
1.1905507889749383 0.3968502629805806 0.39685026300311554
0.3968502629805806 1.19055078897719 -0.39685026299266185
0.39685026300311554 -0.39685026299266185 1.1905507889765292

# Matrix 721
1.190550788978308 0.3968502629940322 -0.3968502629941294
0.3968502629940322 1.1905507889753868 0.3968502629865103
-0.3968502629941294 0.3968502629865103 1.1905507889732763

# Matrix 722
1.1905507888650027 0.3968502609041085 0.39685026689207176
0.3968502609041085 1.19055078889362 -0.3968502608571061
0.39685026689207176 -0.3968502608571061 1.1905507888469629

# Matrix 723
1.1905507889751168 0.3968502629653343 -0.3968502630519456
0.3968502629653343 1.1905507889771783 0.39685026295784576
-0.3968502630519456 0.39685026295784576 1.19055078897513

# Matrix 724
1.1905507889759381 0.396850262967602 0.3968502630202164
0.396850262967602 1.190550788976063 -0.39685026298822423
0.3968502630202164 -0.39685026298822423 1.190550788976341

# Matrix 725
1.19055078893724 -0.3968502646970747 -0.3968502648083313
-0.3968502646970747 1.1905507890822336 -0.39685025951936326
-0.3968502648083313 -0.39685025951936326 1.1905507889575953

# Matrix 726
1.1905507889732185 -0.39685026297503134 0.3968502630129172
-0.39685026297503134 1.1905507889789804 0.3968502629903319
0.3968502630129172 0.3968502629903319 1.1905507889783808

# Matrix 727
1.5874010518519153 -0.7937005259009092 -0.7937005258999978
-0.7937005259009092 1.1905507889508884 0.39685026285025526
-0.7937005258999978 0.39685026285025526 1.1905507889504023

# Matrix 728
1.1905507890034923 0.39685026290208963 0.3968502631716753
0.39685026290208963 1.1905507889708211 -0.3968502629143447
0.3968502631716753 -0.3968502629143447 1.1905507889660956

# Matrix 729
1.1905507889752769 0.3968502630172623 -0.39685026298002707
0.3968502630172623 1.190550788977612 0.396850262979787
-0.39685026298002707 0.396850262979787 1.1905507889764866

# Matrix 730
1.1905507889826652 0.3968502630161606 0.39685026301021364
0.3968502630161606 1.1905507889742415 -0.39685026294301595
0.39685026301021364 -0.39685026294301595 1.1905507889647826

# Matrix 731
1.1905507889486169 -0.39685026302937787 -0.3968502630102099
-0.39685026302937787 1.1905507889790021 -0.39685026292033143
-0.3968502630102099 -0.39685026292033143 1.1905507889845999

# Matrix 732
1.1905507889464861 0.3968502602308531 0.39685026408714635
0.3968502602308531 1.1905507887746771 -0.3968502640319768
0.39685026408714635 -0.3968502640319768 1.190550788581112

# Matrix 733
1.1905507889758074 -0.39685026299907766 -0.39685026300898407
-0.39685026299907766 1.1905507889758766 -0.3968502629676586
-0.39685026300898407 -0.3968502629676586 1.1905507889763358

# Matrix 734
1.5874010475780556 -0.7937005234329533 -0.7937005234651334
-0.7937005234329533 1.1905507885956537 0.3968502639436315
-0.7937005234651334 0.3968502639436315 1.1905507886766769

# Matrix 735
1.1905507890265865 -0.3968502627191629 -0.3968502643427985
-0.3968502627191629 1.1905507887708673 -0.39685026178100224
-0.3968502643427985 -0.39685026178100224 1.190550788997809

# Matrix 736
1.1905507888540032 -0.3968502610603861 0.3968502666603802
-0.3968502610603861 1.1905507890983387 0.39685026113303445
0.3968502666603802 0.39685026113303445 1.190550788853758

# Matrix 737
1.1905507885817603 -0.396850262895303 -0.396850262779427
-0.396850262895303 1.190550789213192 -0.3968502630036552
-0.396850262779427 -0.3968502630036552 1.1905507888357325

# Matrix 738
1.1905507890986127 0.39685026356758857 0.39685026289363845
0.39685026356758857 1.190550789037994 -0.39685026260642436
0.39685026289363845 -0.39685026260642436 1.1905507888833442

# Matrix 739
1.1905507888855191 -0.39685026186988454 -0.3968502659745055
-0.39685026186988454 1.190550789072229 -0.3968502610516247
-0.3968502659745055 -0.3968502610516247 1.1905507888905658

# Matrix 740
1.259921050179546 -0.6299605246619631 0.6299605246634962
-0.6299605246619631 1.2599210493239874 2.1094237467877884e-15
0.6299605246634962 2.1094237467877884e-15 1.2599210493269781

# Matrix 741
1.190550788653101 0.39685026107968024 -0.3968502642179799
0.39685026107968024 1.190550788692778 0.3968502633497265
-0.3968502642179799 0.3968502633497265 1.190550789253807

# Matrix 742
1.1905507889774896 -0.39685026301855747 -0.3968502629826566
-0.39685026301855747 1.1905507889775035 -0.3968502629762435
-0.3968502629826566 -0.3968502629762435 1.190550788974764

# Matrix 743
1.587401051945105 0.7937005259725378 0.7937005259725085
0.7937005259725378 1.190550788974404 0.39685026298821297
0.7937005259725085 0.39685026298821297 1.1905507889778364

# Matrix 744
1.1905507889771036 0.3968502629691709 -0.39685026304981286
0.3968502629691709 1.190550788975142 0.3968502629581075
-0.39685026304981286 0.3968502629581075 1.190550788977145

# Matrix 745
1.1905507889564584 -0.39685026197783113 -0.3968502635999315
-0.39685026197783113 1.190550788970434 -0.39685026338901724
-0.3968502635999315 -0.39685026338901724 1.1905507889921865

# Matrix 746
1.1905507889620337 -0.3968502629773896 -0.3968502630843336
-0.3968502629773896 1.1905507889906257 -0.3968502629323252
-0.3968502630843336 -0.3968502629323252 1.1905507889936884

# Matrix 747
1.1905507882875956 -0.396850262514897 0.39685026591485684
-0.396850262514897 1.1905507893278593 0.3968502606880965
0.39685026591485684 0.3968502606880965 1.1905507894546947

# Matrix 748
1.2599210496590583 -0.6299605247877277 0.6299605247900273
-0.6299605247877277 1.2599210499689861 3.912686286078288e-10
0.6299605247900273 3.912686286078288e-10 1.259921049973202

# Matrix 749
1.1905507889635842 0.3968502631605094 -0.39685026304907056
0.3968502631605094 1.1905507889925437 0.3968502628085729
-0.39685026304907056 0.3968502628085729 1.190550789014324

# Matrix 750
1.190550788975884 -0.39685026298879694 -0.3968502629952112
-0.39685026298879694 1.1905507889761873 -0.39685026299207726
-0.3968502629952112 -0.39685026299207726 1.1905507889763132

# Matrix 751
1.190550788957466 0.3968502625295857 -0.3968502639450767
0.3968502625295857 1.1905507889942062 0.39685026248214766
-0.3968502639450767 0.39685026248214766 1.190550788957437

# Matrix 752
1.190550789120813 0.39685026286825975 -0.3968502634015608
0.39685026286825975 1.1905507889593345 0.396850262812868
-0.3968502634015608 0.396850262812868 1.1905507889548401

# Matrix 753
1.2599210498750884 0.6299605248954595 0.629960524895124
0.6299605248954595 1.259921049865932 -7.937778212507867e-11
0.629960524895124 -7.937778212507867e-11 1.25992104986406

# Matrix 754
1.1905507888100408 -0.39685026140760227 -0.39685026651993277
-0.39685026140760227 1.1905507888674824 -0.39685026086424735
-0.39685026651993277 -0.39685026086424735 1.1905507890665585

# Matrix 755
1.1905507889760438 -0.396850262994384 -0.3968502630005785
-0.396850262994384 1.1905507889760285 -0.39685026298109916
-0.3968502630005785 -0.39685026298109916 1.1905507889762887

# Matrix 756
1.1905507889682507 -0.39685026307188614 -0.3968502630295434
-0.39685026307188614 1.1905507889912021 -0.39685026288537045
-0.3968502630295434 -0.39685026288537045 1.1905507889796465

# Matrix 757
1.2599210498706641 0.629960524932099 0.6299605249316462
0.629960524932099 1.2599210499068438 -5.458417051684611e-11
0.6299605249316462 -5.458417051684611e-11 1.259921049910067

# Matrix 758
1.2599210498873363 9.726643102059285e-12 -0.6299605249389397
9.726643102059285e-12 1.2599210498872502 0.6299605249386279
-0.6299605249389397 0.6299605249386279 1.2599210498938007

# Matrix 759
1.2599210498963294 0.6299605249417377 0.6299605249428953
0.6299605249417377 1.2599210498871058 -3.4418023986403896e-12
0.6299605249428953 -3.4418023986403896e-12 1.25992104988934

# Matrix 760
1.1905507889753877 0.39685026313790017 0.39685026315353256
0.39685026313790017 1.190550788975611 -0.3968502626828568
0.39685026315353256 -0.3968502626828568 1.1905507889755902

# Matrix 761
1.1905507890477407 0.3968502625011082 0.3968502640109554
0.3968502625011082 1.1905507889060567 -0.3968502625318164
0.3968502640109554 -0.3968502625318164 1.1905507890423819

# Matrix 762
1.1905507889761715 -0.3968502629920486 0.3968502629922914
-0.3968502629920486 1.190550788976156 0.3968502629918124
0.3968502629922914 0.3968502629918124 1.1905507889761242

# Matrix 763
1.1905507889760123 0.3968502629917892 0.39685026299386283
0.3968502629917892 1.1905507889762934 -0.396850262990377
0.39685026299386283 -0.396850262990377 1.1905507889760227

# Matrix 764
1.2599210506001561 0.629960524391248 -0.6299605243466284
0.629960524391248 1.259921048634082 -1.0200706945795455e-10
-0.6299605243466284 -1.0200706945795455e-10 1.25992104860462

# Matrix 765
1.190550788968201 0.39685026257660033 0.39685026392150996
0.39685026257660033 1.1905507889802645 -0.3968502624520977
0.39685026392150996 -0.3968502624520977 1.190550788954042

# Matrix 766
1.190550788926495 -0.396850262717704 0.39685026350696107
-0.396850262717704 1.1905507889703455 0.3968502627554752
0.39685026350696107 0.3968502627554752 1.1905507890355989

# Matrix 767
1.1905507889998501 0.39685026318865213 0.39685026290794395
0.39685026318865213 1.1905507889790534 -0.39685026288859704
0.39685026290794395 -0.39685026288859704 1.1905507889585882

# Matrix 768
1.1905507889977505 -0.39685026289962466 0.39685026306207044
-0.39685026289962466 1.1905507889989757 0.39685026304026455
0.39685026306207044 0.39685026304026455 1.1905507889575326

# Matrix 769
1.190550788967618 -0.39685026293825054 -0.3968502630908803
-0.39685026293825054 1.1905507889841573 -0.3968502629380287
-0.3968502630908803 -0.3968502629380287 1.1905507889676836

# Matrix 770
1.1905507893900877 -0.39685026018718345 -0.3968502661788113
-0.39685026018718345 1.1905507888738753 -0.39685026246290667
-0.3968502661788113 -0.39685026246290667 1.1905507885172375

# Matrix 771
1.2599210501121199 0.6299605246645186 0.6299605246861762
0.6299605246645186 1.259921049379114 -5.3219317841523444e-11
0.6299605246861762 -5.3219317841523444e-11 1.2599210494308783

# Matrix 772
1.5874010516535497 -0.793700525821811 0.7937005258109859
-0.793700525821811 1.1905507889749705 -0.39685026275914564
0.7937005258109859 -0.39685026275914564 1.1905507889565758

# Matrix 773
1.1905507889808278 -0.3968502629723368 -0.3968502630495847
-0.3968502629723368 1.1905507889714586 -0.3968502629591926
-0.3968502630495847 -0.3968502629591926 1.1905507889811269

# Matrix 774
1.1905507891004996 0.3968502630781246 0.3968502647579802
0.3968502630781246 1.190550788845504 -0.39685026127529016
0.3968502647579802 -0.39685026127529016 1.1905507891176905

# Matrix 775
1.1905507889683242 0.3968502629842316 -0.3968502630022802
0.3968502629842316 1.1905507889845626 0.3968502629836635
-0.3968502630022802 0.3968502629836635 1.1905507889695879

# Matrix 776
1.190550788974854 -0.39685026314516725 0.3968502629176014
-0.39685026314516725 1.190550788977385 0.39685026291329856
0.3968502629176014 0.39685026291329856 1.1905507889761273

# Matrix 777
1.2599210498952222 -0.6299605249466438 0.6299605249468111
-0.6299605249466438 1.2599210498936526 3.4028335704760725e-13
0.6299605249468111 3.4028335704760725e-13 1.2599210498939644

# Matrix 778
1.1905507890296778 0.3968502630318504 -0.39685026310442517
0.3968502630318504 1.1905507890103115 0.3968502628940983
-0.39685026310442517 0.3968502628940983 1.190550788942684

# Matrix 779
1.1905507889770965 -0.39685026299279147 -0.3968502629920639
-0.39685026299279147 1.1905507889767324 -0.3968502629919014
-0.3968502629920639 -0.3968502629919014 1.1905507889752271

# Matrix 780
1.1905507888995437 0.39685026226644043 -0.39685026505155413
0.39685026226644043 1.1905507890488678 0.3968502615788468
-0.39685026505155413 0.3968502615788468 1.1905507889007287

# Matrix 781
1.1905507891275362 0.39685026364229853 -0.39685026276476
0.39685026364229853 1.190550789101971 0.3968502626129322
-0.39685026276476 0.3968502626129322 1.1905507887427826

# Matrix 782
1.1905507889971174 -0.39685026312868343 0.39685026296581744
-0.39685026312868343 1.1905507890051787 0.39685026289900854
0.39685026296581744 0.39685026289900854 1.1905507889435123

# Matrix 783
1.2599210501941391 -0.6299605246823383 0.6299605248287078
-0.6299605246823383 1.2599210495328534 -9.09926023417967e-10
0.6299605248287078 -9.09926023417967e-10 1.259921048739485

# Matrix 784
1.1905507889742966 0.39685026299638737 -0.39685026299670656
0.39685026299638737 1.1905507889749587 0.3968502629799694
-0.39685026299670656 0.3968502629799694 1.190550788976107

# Matrix 785
1.1905507891218865 0.3968502647452778 -0.3968502620942863
0.3968502647452778 1.1905507890926965 0.39685026218041974
-0.3968502620942863 0.39685026218041974 1.1905507887577003

# Matrix 786
1.1905507892324474 0.396850263098308 -0.3968502636509257
0.396850263098308 1.1905507892846987 0.3968502628177849
-0.3968502636509257 0.3968502628177849 1.1905507890021714

# Matrix 787
1.2599210498996238 -0.6299605249388045 -0.6299605249390435
-0.6299605249388045 1.259921049881457 -3.735678433258719e-12
-0.6299605249390435 -3.735678433258719e-12 1.2599210498817452

# Matrix 788
1.1905507891689462 0.39685026459207784 0.3968502626227745
0.39685026459207784 1.1905507891857643 -0.3968502620949913
0.3968502626227745 -0.3968502620949913 1.1905507889074323

# Matrix 789
1.190550788976144 0.39685026299279424 -0.3968502629919349
0.39685026299279424 1.190550788976171 0.39685026299141635
-0.3968502629919349 0.39685026299141635 1.1905507889761298

# Matrix 790
1.259921048934936 -0.6299605233597493 -0.6299605221429553
-0.6299605233597493 1.2599210496163737 -2.700630274965357e-9
-0.6299605221429553 -2.700630274965357e-9 1.2599210473974842

# Matrix 791
1.1905507889196159 -0.3968502629918997 0.3968502628710713
-0.3968502629918997 1.190550789121665 0.39685026306051313
0.3968502628710713 0.39685026306051313 1.1905507888345028

# Matrix 792
1.1905507889244034 0.3968502623726119 0.3968502643765535
0.3968502623726119 1.1905507890299216 -0.3968502621760557
0.3968502643765535 -0.3968502621760557 1.1905507889231952

# Matrix 793
1.2599210498505935 -8.075942692364872e-11 0.6299605248858924
-8.075942692364872e-11 1.2599210498380753 0.6299605248763055
0.6299605248858924 0.6299605248763055 1.2599210498783855

# Matrix 794
1.259921055921246 -0.6299605208515094 -0.6299605208649832
-0.6299605208515094 1.2599210397522944 1.9827838260155673e-9
-0.6299605208649832 1.9827838260155673e-9 1.259921039775925

# Matrix 795
1.1905507889212894 0.3968502629958923 -0.3968502636658622
0.3968502629958923 1.190550788901306 0.39685026239318416
-0.3968502636658622 0.39685026239318416 1.190550789184643

# Matrix 796
1.2599210529418774 0.6299605212461469 -0.6299605212524119
0.6299605212461469 1.2599210431472259 6.648251948959653e-10
-0.6299605212524119 6.648251948959653e-10 1.2599210431613128

# Matrix 797
1.1905507889777494 -0.3968502629724593 0.3968502630155941
-0.3968502629724593 1.1905507889747324 0.3968502629893699
0.3968502630155941 0.3968502629893699 1.190550788977241

# Matrix 798
1.2599210496791649 0.6299605247952026 0.6299605248118992
0.6299605247952026 1.2599210499486733 -3.608158216650234e-10
0.6299605248118992 -3.608158216650234e-10 1.259921049985533

# Matrix 799
1.1905507892672902 0.39685026271099966 -0.3968502636803864
0.39685026271099966 1.190550787919507 0.39685026205939156
-0.3968502636803864 0.39685026205939156 1.19055078921628

# Matrix 800
1.1905507889619997 -0.39685026269881457 0.39685026353644864
-0.39685026269881457 1.1905507889904758 0.39685026272675056
0.39685026353644864 0.39685026272675056 1.190550788961837

# Matrix 801
1.1905507889752538 0.3968502629454748 0.39685026307599836
0.3968502629454748 1.1905507889761742 -0.39685026295528625
0.39685026307599836 -0.39685026295528625 1.1905507889776308

# Matrix 802
1.1905507889200477 -0.396850263187984 -0.3968502632156044
-0.396850263187984 1.190550788981015 -0.39685026251259453
-0.3968502632156044 -0.39685026251259453 1.190550788967419

# Matrix 803
1.5874010518231443 -0.7937005259061097 -0.7937005259109021
-0.7937005259061097 1.1905507889775104 0.3968502630041025
-0.7937005259109021 0.3968502630041025 1.1905507889686562

# Matrix 804
1.1905507887661335 0.39685026119939 -0.3968502662700005
0.39685026119939 1.190550789092749 0.3968502616067804
-0.3968502662700005 0.3968502616067804 1.1905507891695875

# Matrix 805
1.1905507889308924 0.3968502629965478 0.39685026310039584
0.3968502629965478 1.1905507889362366 -0.39685026283201413
0.39685026310039584 -0.39685026283201413 1.1905507890141278

# Matrix 806
1.1905507889557048 0.3968502629983272 -0.39685026340557167
0.3968502629983272 1.1905507889962592 0.3968502625522281
-0.39685026340557167 0.3968502625522281 1.1905507889564622

# Matrix 807
1.2599210539918175 0.6299605221502924 -0.6299605221949404
0.6299605221502924 1.2599210429793193 -1.3225318618026443e-9
-0.6299605221949404 -1.3225318618026443e-9 1.2599210430666263

# Matrix 808
1.1905507889908378 0.3968502630242197 -0.3968502629780997
0.3968502630242197 1.1905507889564106 0.3968502629654412
-0.3968502629780997 0.3968502629654412 1.1905507889728115

# Matrix 809
1.259921049902899 -0.6299605249358432 0.6299605249384775
-0.6299605249358432 1.2599210498751583 -2.7276514380503308e-12
0.6299605249384775 -2.7276514380503308e-12 1.2599210498746651

# Matrix 810
1.1905507887914617 0.396850263142267 -0.39685026293840747
0.396850263142267 1.1905507889676799 0.39685026272794194
-0.39685026293840747 0.39685026272794194 1.1905507890017744

# Matrix 811
1.1905507889656728 0.39685026326055095 -0.39685026323493877
0.39685026326055095 1.1905507890133953 0.39685026245105226
-0.39685026323493877 0.39685026245105226 1.1905507889197733

# Matrix 812
1.2599210494289343 0.6299605246437713 0.6299605246518623
0.6299605246437713 1.2599210497152853 1.8453111261251083e-10
0.6299605246518623 1.8453111261251083e-10 1.2599210497737057

# Matrix 813
1.1905507889733795 0.39685026282446156 -0.3968502633303821
0.39685026282446156 1.1905507889789106 0.39685026281852037
-0.3968502633303821 0.39685026281852037 1.1905507889733733

# Matrix 814
1.1905507889727294 -0.3968502630246981 -0.39685026298863835
-0.3968502630246981 1.1905507889778029 -0.3968502629659402
-0.39685026298863835 -0.3968502629659402 1.1905507889810438

# Matrix 815
1.1905507889759945 0.3968502629912466 0.3968502629935043
0.3968502629912466 1.1905507889763047 -0.3968502629912432
0.3968502629935043 -0.3968502629912432 1.190550788975994

# Matrix 816
1.1905507889666742 -0.3968502627645537 0.3968502634308839
-0.3968502627645537 1.1905507889867215 0.39685026277146473
0.3968502634308839 0.39685026277146473 1.190550788965806

# Matrix 817
1.2599210498925537 0.629960524945948 0.6299605249458775
0.629960524945948 1.2599210498962659 -4.77629047423985e-12
0.6299605249458775 -4.77629047423985e-12 1.2599210498956934

# Matrix 818
1.259921050624253 0.6299605246676049 0.6299605246733869
0.6299605246676049 1.259921048884351 4.5374459745061885e-10
0.6299605246733869 4.5374459745061885e-10 1.2599210488918837

# Matrix 819
1.1905507889828297 0.3968502629129028 -0.3968502631542582
0.3968502629129028 1.1905507889679705 0.3968502629157372
-0.3968502631542582 0.3968502629157372 1.1905507889843971

# Matrix 820
1.190550788978331 0.39685026296743997 -0.39685026303793375
0.39685026296743997 1.1905507889730977 0.3968502629735234
-0.39685026303793375 0.3968502629735234 1.1905507889797675

# Matrix 821
1.190550789409385 -0.3968502630636228 0.3968502629127275
-0.3968502630636228 1.190550788917212 0.3968502627753847
0.3968502629127275 0.3968502627753847 1.1905507883774373

# Matrix 822
1.1905507889594074 -0.3968502619154296 0.39685026460709855
-0.3968502619154296 1.190550788994432 0.3968502624355275
0.39685026460709855 0.3968502624355275 1.1905507889565152

# Matrix 823
1.1905507889732816 0.3968502629434195 -0.39685026308944105
0.3968502629434195 1.190550788978897 0.39685026294031045
-0.39685026308944105 0.39685026294031045 1.1905507889732916

# Matrix 824
1.259921047966496 0.6299605233276602 0.6299605232937613
0.6299605233276602 1.2599210501971374 -3.599267606180192e-9
0.6299605232937613 -3.599267606180192e-9 1.259921050198688

# Matrix 825
1.190550788950947 0.3968502623010857 -0.3968502644074751
0.3968502623010857 1.1905507879453898 0.39685026228069237
-0.3968502644074751 0.39685026228069237 1.1905507900452157

# Matrix 826
1.1905507889251374 -0.3968502614148324 0.3968502650475743
-0.3968502614148324 1.1905507891723626 0.3968502625669502
0.3968502650475743 0.3968502625669502 1.1905507888841564

# Matrix 827
1.259921049894936 0.6299605249466761 0.6299605249466774
0.6299605249466761 1.2599210498942985 -1.2389533843304342e-12
0.6299605249466774 -1.2389533843304342e-12 1.259921049894164

# Matrix 828
1.2599210477643468 0.6299605207469899 0.6299605204467548
0.6299605207469899 1.2599210478185823 -6.615641257034848e-9
0.6299605204467548 -6.615641257034848e-9 1.2599210476207894

# Matrix 829
1.190550788933694 -0.39685026280410074 -0.3968502633542994
-0.39685026280410074 1.1905507890296465 -0.39685026277356955
-0.3968502633542994 -0.39685026277356955 1.1905507889209288

# Matrix 830
1.1905507889699358 0.39685026296736486 -0.3968502630215363
0.39685026296736486 1.1905507889673124 0.3968502629776509
-0.3968502630215363 0.3968502629776509 1.1905507889816032

# Matrix 831
1.1905507889550555 0.3968502630170269 -0.39685026296885967
0.3968502630170269 1.19055078895427 0.39685026296850096
-0.39685026296885967 0.39685026296850096 1.1905507889973612

# Matrix 832
1.1905507890291274 -0.3968502628356162 0.3968502633009943
-0.3968502628356162 1.1905507888897826 0.3968502628590199
0.3968502633009943 0.3968502628590199 1.1905507890290197

# Matrix 833
1.1905507889658575 0.3968502621581528 0.3968502639600651
0.3968502621581528 1.1905507889645175 -0.3968502628421248
0.3968502639600651 -0.3968502628421248 1.190550788982267

# Matrix 834
1.259921048724189 0.6299605232201787 0.6299605230538816
0.6299605232201787 1.2599210486336792 -2.512932084641701e-9
0.6299605230538816 -2.512932084641701e-9 1.2599210495645172

# Matrix 835
1.1905507888050402 0.3968502633096765 0.3968502627634414
0.3968502633096765 1.1905507888047095 -0.39685026273262075
0.3968502627634414 -0.39685026273262075 1.190550789148288

# Matrix 836
1.1905507889769995 -0.3968502629956458 -0.39685026299539083
-0.3968502629956458 1.1905507889752989 -0.39685026298426074
-0.39685026299539083 -0.39685026298426074 1.190550788975298

# Matrix 837
1.1905507889753455 -0.3968502629909035 0.39685026299365816
-0.3968502629909035 1.1905507889759854 0.3968502629920086
0.39685026299365816 0.3968502629920086 1.1905507889775389

# Matrix 838
1.190550788981082 -0.39685026271058027 0.39685026328276163
-0.39685026271058027 1.1905507889204696 0.3968502629398106
0.39685026328276163 0.3968502629398106 1.1905507889839

# Matrix 839
1.1905507889769884 0.39685026295658066 -0.39685026302822063
0.39685026295658066 1.1905507889716138 0.3968502629891207
-0.39685026302822063 0.3968502629891207 1.190550788977619

# Matrix 840
1.1905507889765132 0.3968502630124605 -0.396850263001323
0.3968502630124605 1.1905507889758071 0.39685026296206544
-0.396850263001323 0.39685026296206544 1.1905507889758276

# Matrix 841
1.1905507889757059 -0.3968502625023864 -0.3968502634421024
-0.3968502625023864 1.1905507886823206 -0.39685026244049515
-0.3968502634421024 -0.39685026244049515 1.1905507886792568

# Matrix 842
1.1905507889762341 -0.3968502629926571 0.39685026299181697
-0.3968502629926571 1.1905507889760982 0.39685026299167886
0.39685026299181697 0.39685026299167886 1.19055078897612

# Matrix 843
1.2599210499038693 0.6299605249370323 -0.6299605249410842
0.6299605249370323 1.259921049873605 -4.833911049217927e-13
-0.6299605249410842 -4.833911049217927e-13 1.259921049881482

# Matrix 844
1.1905507889764677 0.39685026299137666 0.3968502629956989
0.39685026299137666 1.1905507889768028 -0.39685026299040116
0.3968502629956989 -0.39685026299040116 1.190550788976506

# Matrix 845
1.259921049895086 0.6299605249472601 0.6299605249474173
0.6299605249472601 1.2599210498945088 -4.4408920985006084e-16
0.6299605249474173 -4.4408920985006084e-16 1.259921049894693

# Matrix 846
1.259921049282058 0.6299605233384528 0.6299605244884777
0.6299605233384528 1.2599210490217632 -1.1731596805119877e-9
0.6299605244884777 -1.1731596805119877e-9 1.2599210496099198

# Matrix 847
1.190550789280261 0.39685026332971546 0.3968502629739469
0.39685026332971546 1.1905507892561655 -0.3968502629609011
0.3968502629739469 -0.3968502629609011 1.190550788680436

# Matrix 848
1.19055078917359 0.3968502633045556 0.39685026398072937
0.3968502633045556 1.1905507887656226 -0.39685026153379616
0.39685026398072937 -0.39685026153379616 1.1905507888321676

# Matrix 849
1.1905507889732923 0.3968502629768358 0.396850263022304
0.3968502629768358 1.1905507889790077 -0.39685026297415404
0.396850263022304 -0.39685026297415404 1.1905507889732931

# Matrix 850
1.1905507889761664 0.3968502629919331 -0.39685026299229387
0.3968502629919331 1.1905507889761335 0.39685026299194076
-0.39685026299229387 0.39685026299194076 1.190550788976167

# Matrix 851
1.1905507889313707 -0.3968502629211113 -0.3968502630031204
-0.3968502629211113 1.1905507889933182 -0.39685026300697684
-0.3968502630031204 -0.39685026300697684 1.1905507889588185

# Matrix 852
1.190550788981206 0.39685026297248194 -0.3968502630179003
0.39685026297248194 1.1905507889821991 0.39685026299154935
-0.3968502630179003 0.39685026299154935 1.1905507889708258

# Matrix 853
1.190550788975802 0.3968502629700321 0.39685026302575
0.3968502629700321 1.190550788976496 -0.3968502629800205
0.39685026302575 -0.3968502629800205 1.1905507889758036

# Matrix 854
1.2599210498918056 0.629960524945589 0.6299605249457927
0.629960524945589 1.2599210498960065 -4.843014878019875e-12
0.6299605249457927 -4.843014878019875e-12 1.2599210498964033

# Matrix 855
1.1905507889748292 0.39685026299722437 -0.3968502629893133
0.39685026299722437 1.1905507889763154 0.39685026298763265
-0.3968502629893133 0.39685026298763265 1.1905507889753248

# Matrix 856
1.1905507889599272 -0.39685026299636295 -0.3968502629579093
-0.39685026299636295 1.1905507889980829 -0.3968502629863287
-0.3968502629579093 -0.3968502629863287 1.19055078893489

# Matrix 857
1.190550788965399 -0.3968502642742422 0.39685026278228674
-0.3968502642742422 1.19055078898511 0.39685026193109274
0.39685026278228674 0.39685026193109274 1.190550788989412

# Matrix 858
1.2599210543281554 0.6299605237605317 0.6299605233294414
0.6299605237605317 1.2599210448045106 2.6864401259095406e-9
0.6299605233294414 2.6864401259095406e-9 1.259921043543366

# Matrix 859
1.1905507889077043 0.3968502624650107 -0.39685026409833435
0.3968502624650107 1.1905507889762383 0.39685026224588593
-0.39685026409833435 0.39685026224588593 1.1905507888775881

# Matrix 860
1.1905507889816322 0.3968502633583063 -0.39685026280765723
0.3968502633583063 1.1905507889049554 0.3968502627595265
-0.39685026280765723 0.3968502627595265 1.190550788991202

# Matrix 861
1.1905507889766598 -0.39685026300602566 -0.3968502629921745
-0.39685026300602566 1.190550788974477 -0.3968502629783348
-0.3968502629921745 -0.3968502629783348 1.1905507889776974

# Matrix 862
1.1905507890952658 0.3968502614969018 -0.3968502659145437
0.3968502614969018 1.1905507888643725 0.3968502616010486
-0.3968502659145437 0.3968502616010486 1.1905507890051552

# Matrix 863
1.190550788965298 0.39685026297822745 -0.3968502630564589
0.39685026297822745 1.190550788979189 0.3968502629369622
-0.3968502630564589 0.3968502629369622 1.1905507889794609

# Matrix 864
1.259921049895309 0.6299605249471237 -0.6299605249471077
0.6299605249471237 1.2599210498941338 -6.961098364399718e-14
-0.6299605249471077 -6.961098364399718e-14 1.2599210498941296

# Matrix 865
1.2599210495091653 0.6299605247026465 -0.6299605246941619
0.6299605247026465 1.2599210500086946 5.740067310355684e-10
-0.6299605246941619 5.740067310355684e-10 1.2599210500139135

# Matrix 866
1.5874010517203605 -0.7937005258582837 0.7937005258257934
-0.7937005258582837 1.1905507890187668 -0.3968502629013692
0.7937005258257934 -0.3968502629013692 1.190550788897249

# Matrix 867
1.190550788617033 -0.39685026275937535 -0.39685026449678623
-0.39685026275937535 1.1905507895088832 -0.3968502616733969
-0.39685026449678623 -0.3968502616733969 1.1905507887559417

# Matrix 868
1.1905507887733813 -0.3968502638213403 -0.39685026544358565
-0.3968502638213403 1.1905507895071301 -0.3968502599831622
-0.39685026544358565 -0.3968502599831622 1.1905507889198763

# Matrix 869
1.190550789030277 -0.39685026284641095 0.39685026292710346
-0.39685026284641095 1.1905507888316886 0.3968502629812091
0.39685026292710346 0.3968502629812091 1.190550788845057

# Matrix 870
1.2599210497151996 0.6299605232531734 0.6299605235740987
0.6299605232531734 1.259921048341966 -1.900572810242765e-9
0.6299605235740987 -1.900572810242765e-9 1.2599210488642592

# Matrix 871
1.19055078871751 0.3968502638055971 -0.3968502625031857
0.3968502638055971 1.190550788663867 0.39685026225202386
-0.3968502625031857 0.39685026225202386 1.1905507891317286

# Matrix 872
1.1905507889325921 -0.39685025954613495 0.3968502671516665
-0.39685025954613495 1.1905507890587819 0.3968502623628335
0.3968502671516665 0.3968502623628335 1.1905507890215599

# Matrix 873
1.1905507889758074 0.3968502629892666 -0.3968502629931939
0.3968502629892666 1.1905507889759412 0.39685026299326565
-0.3968502629931939 0.39685026299326565 1.1905507889762765

# Matrix 874
1.259921049810916 -0.6299605246040223 0.629960524153339
-0.6299605246040223 1.259921049226107 -0.6299605239312048
0.629960524153339 -0.6299605239312048 1.2599210492117672

# Matrix 875
1.259921050112632 -0.6299605248164387 0.6299605248153346
-0.6299605248164387 1.259921049539835 -9.053219285348736e-11
0.6299605248153346 -9.053219285348736e-11 1.2599210495484119

# Matrix 876
1.2599210492507873 2.715997829416664e-9 -0.6299605234633258
2.715997829416664e-9 1.2599210489651482 0.6299605230504948
-0.6299605234633258 0.6299605230504948 1.2599210490521775

# Matrix 877
1.259921049895547 0.6299605249462695 -0.6299605249467376
0.6299605249462695 1.2599210498927649 1.716404796070496e-13
-0.6299605249467376 1.716404796070496e-13 1.2599210498937092

# Matrix 878
1.1905507889784608 -0.3968502616526322 0.39685026475719054
-0.3968502616526322 1.1905507889742655 0.39685026256248074
0.39685026475719054 0.39685026256248074 1.1905507889718767

# Matrix 879
1.2599210499039815 0.6299605249439925 0.6299605249274769
0.6299605249439925 1.2599210498780993 3.275824056458975e-12
0.6299605249274769 3.275824056458975e-12 1.2599210498661138

# Matrix 880
1.259921049908245 0.6299605249017028 0.6299605249009026
0.6299605249017028 1.2599210498524616 -6.529704554836211e-11
0.6299605249009026 -6.529704554836211e-11 1.2599210498399638

# Matrix 881
1.259921048590747 0.6299605223576114 0.6299605225862822
0.6299605223576114 1.2599210487382784 -3.8748113606601125e-9
0.6299605225862822 -3.8748113606601125e-9 1.2599210487722043

# Matrix 882
1.1905507889781406 0.3968502629625243 -0.3968502630372901
0.3968502629625243 1.1905507889740572 0.39685026297823917
-0.3968502630372901 0.39685026297823917 1.1905507889781548

# Matrix 883
1.1905507884319995 0.3968502623026959 0.39685026306936516
0.3968502623026959 1.1905507882867545 -0.39685026297355486
0.39685026306936516 -0.39685026297355486 1.1905507895791614

# Matrix 884
1.259921050159996 -0.6299605250335251 0.6299605248892288
-0.6299605250335251 1.2599210499068993 -0.6299605245165182
0.6299605248892288 -0.6299605245165182 1.259921049349033

# Matrix 885
1.2599210455038437 0.6299605227061217 0.6299605227048134
0.6299605227061217 1.259921052026191 -6.5785302205689425e-9
0.6299605227048134 -6.5785302205689425e-9 1.2599210520253645

# Matrix 886
1.190550789048473 0.39685026382190125 -0.39685026262090956
0.39685026382190125 1.190550789010623 0.396850262534687
-0.39685026262090956 0.396850262534687 1.1905507888707012

# Matrix 887
1.5874010519664967 -0.7937005259830109 -0.7937005259830588
-0.7937005259830109 1.1905507889759446 0.3968502629904708
-0.7937005259830588 0.3968502629904708 1.1905507889759277

# Matrix 888
1.5874010517439803 -0.7937005257184103 0.7937005257189423
-0.7937005257184103 1.1905507888226645 -0.396850264871151
0.7937005257189423 -0.396850264871151 1.1905507888230071

# Matrix 889
1.190550789505933 -0.39685026364785586 0.3968502628885851
-0.39685026364785586 1.1905507895345708 0.396850262934376
0.3968502628885851 0.396850262934376 1.190550788382612

# Matrix 890
1.1905507889529974 -0.39685026720862315 -0.39685026114696736
-0.39685026720862315 1.1905507892714218 -0.3968502606477026
-0.39685026114696736 -0.3968502606477026 1.1905507887311735

# Matrix 891
1.5874010443140418 -0.7937005220449818 0.793700522111259
-0.7937005220449818 1.1905507888569415 -0.396850261025504
0.793700522111259 -0.396850261025504 1.1905507889375568

# Matrix 892
1.1905507889816622 -0.3968502629870664 0.39685026300467563
-0.3968502629870664 1.1905507889725429 0.39685026298467213
0.39685026300467563 0.39685026298467213 1.1905507889745082

# Matrix 893
1.1905507889819658 -0.396850262911844 -0.3968502630453582
-0.396850262911844 1.1905507889829348 -0.3968502630262729
-0.3968502630453582 -0.3968502630262729 1.1905507889708737

# Matrix 894
1.587401051938638 0.7937005259677118 0.7937005259678821
0.7937005259677118 1.1905507889666718 0.3968502630160459
0.7937005259678821 0.3968502630160459 1.1905507889825835

# Matrix 895
1.1905507889735185 0.3968502629925493 -0.3968502629881309
0.3968502629925493 1.1905507889778628 0.3968502629922117
-0.3968502629881309 0.3968502629922117 1.1905507889738096

# Matrix 896
1.190550788976792 -0.3968502632291064 -0.3968502632342969
-0.3968502632291064 1.1905507889673863 -0.3968502625084335
-0.3968502632342969 -0.3968502625084335 1.190550788979958

# Matrix 897
1.190550788625652 0.39685026398302464 -0.39685026360872905
0.39685026398302464 1.1905507897021634 0.39685026232209114
-0.39685026360872905 0.39685026232209114 1.190550789538329

# Matrix 898
1.190550788971887 -0.39685026302379567 0.3968502630306542
-0.39685026302379567 1.1905507889800822 0.39685026292558734
0.3968502630306542 0.39685026292558734 1.1905507889803675

# Matrix 899
1.2599210498867475 0.6299605245111606 -0.6299605246328633
0.6299605245111606 1.2599210494611952 5.623416177158478e-10
-0.6299605246328633 5.623416177158478e-10 1.2599210497131474

# Matrix 900
1.1905507889803628 0.3968502627491903 0.3968502646813921
0.3968502627491903 1.1905507889646059 -0.39685026155277087
0.3968502646813921 -0.39685026155277087 1.1905507889906835

# Matrix 901
1.1905507889761489 -0.39685026299155557 -0.39685026299303705
-0.39685026299155557 1.1905507889761493 -0.3968502629915557
-0.39685026299303705 -0.3968502629915557 1.1905507889761495

# Matrix 902
1.1905507889761495 -0.3968502629920461 0.3968502629920578
-0.3968502629920461 1.190550788976151 0.39685026299204296
0.3968502629920578 0.39685026299204296 1.1905507889761453

# Matrix 903
1.2599210499313527 0.6299605249143395 -0.6299605249157172
0.6299605249143395 1.2599210498246052 -4.0843439741422135e-12
-0.6299605249157172 -4.0843439741422135e-12 1.2599210498273572

# Matrix 904
1.1905507892980394 -0.3968502621640812 -0.3968502661910318
-0.3968502621640812 1.1905507885379036 -0.39685026021929587
-0.3968502661910318 -0.39685026021929587 1.190550788690765

# Matrix 905
1.2599210506705674 0.629960524767492 0.6299605247778743
0.629960524767492 1.2599210489195551 6.45945519295309e-10
0.6299605247778743 6.45945519295309e-10 1.2599210489392927

# Matrix 906
1.1905507889761495 -0.3968502629922698 -0.39685026299195125
-0.3968502629922698 1.190550788976148 -0.396850262991929
-0.39685026299195125 -0.396850262991929 1.1905507889761515

# Matrix 907
1.1905507896182062 0.39685026355141534 0.3968502630036829
0.39685026355141534 1.1905507886483193 -0.39685026206392715
0.3968502630036829 -0.39685026206392715 1.1905507883047994

# Matrix 908
1.1905507889761495 0.3968502629920563 0.3968502629920639
0.3968502629920563 1.1905507889761504 -0.3968502629920303
0.3968502629920639 -0.3968502629920303 1.19055078897615

# Matrix 909
1.1905507889937148 0.39685026429416265 -0.39685026319594163
0.39685026429416265 1.1905507889507627 0.39685026144583085
-0.39685026319594163 0.39685026144583085 1.1905507889437565

# Matrix 910
1.2599210500104598 0.6299605249654181 -0.6299605249667098
0.6299605249654181 1.2599210498020512 -1.1600864713301494e-10
-0.6299605249667098 -1.1600864713301494e-10 1.2599210498059135

# Matrix 911
1.259921049526608 0.6299605247468282 0.6299605247478193
0.6299605247468282 1.2599210500600628 -5.514176337761892e-10
0.6299605247478193 -5.514176337761892e-10 1.259921050054681

# Matrix 912
1.1905507882899882 0.39685026289059067 -0.3968502654222835
0.39685026289059067 1.1905507892309728 0.3968502604436877
-0.3968502654222835 0.3968502604436877 1.1905507891879004

# Matrix 913
1.259921049868028 -0.6299605248983159 -0.6299605248985466
-0.6299605248983159 1.2599210498724822 -7.586770101042094e-11
-0.6299605248985466 -7.586770101042094e-11 1.2599210498729554

# Matrix 914
1.2599210498722737 0.6299605249340365 0.6299605249335319
0.6299605249340365 1.2599210499081686 -3.869199405315292e-11
0.6299605249335319 -3.869199405315292e-11 1.2599210499010987

# Matrix 915
1.1905507889343914 -0.39685026243036936 -0.3968502644163222
-0.39685026243036936 1.1905507890264717 -0.39685026218086383
-0.3968502644163222 -0.39685026218086383 1.1905507890189917

# Matrix 916
1.5874010515867827 -0.7937005257861987 0.7937005257871794
-0.7937005257861987 1.190550788971155 -0.39685026269113555
0.7937005257871794 -0.39685026269113555 1.1905507889677394

# Matrix 917
1.1905507889752078 -0.3968502629847871 0.3968502629993581
-0.3968502629847871 1.1905507889775975 0.3968502629925693
0.3968502629993581 0.3968502629925693 1.1905507889762088

# Matrix 918
1.1905507889821674 0.3968502630068808 0.39685026301622
0.3968502630068808 1.1905507889780211 -0.39685026295397174
0.39685026301622 -0.39685026295397174 1.190550788969183

# Matrix 919
1.190550789842752 -0.39685026250468186 0.3968502654621547
-0.39685026250468186 1.190550788545816 0.3968502611165279
0.3968502654621547 0.3968502611165279 1.1905507886470954

# Matrix 920
1.259921050167571 0.6299605249498269 0.6299605249445867
0.6299605249498269 1.2599210495484408 2.523254383213218e-10
0.6299605249445867 2.523254383213218e-10 1.2599210497088784

# Matrix 921
1.2599210494962827 0.6299605247318685 -0.6299605247385769
0.6299605247318685 1.2599210500410023 5.21030552036436e-10
-0.6299605247385769 5.21030552036436e-10 1.259921050061648

# Matrix 922
1.5874010431251018 0.7937005212430374 0.7937005212321301
0.7937005212430374 1.1905507887465523 0.39685026029952186
0.7937005212321301 0.39685026029952186 1.1905507885558129

# Matrix 923
1.1905507890108418 -0.3968502626071418 0.39685026438718485
-0.3968502626071418 1.1905507892152347 0.3968502621801319
0.39685026438718485 0.3968502621801319 1.190550788900681

# Matrix 924
1.259921049733435 4.016417545771298e-10 -0.6299605247182789
4.016417545771298e-10 1.259921049922316 0.6299605247338858
-0.6299605247182789 0.6299605247338858 1.259921049753482

# Matrix 925
1.1905507893231908 0.3968502602757177 -0.3968502660932854
0.3968502602757177 1.1905507891449711 0.3968502627895137
-0.3968502660932854 0.3968502627895137 1.1905507886426543

# Matrix 926
1.25992104988969 -0.6299605249322417 -0.6299605249308049
-0.6299605249322417 1.259921049884066 -2.094047157896746e-11
-0.6299605249308049 -2.094047157896746e-11 1.2599210498841162

# Matrix 927
1.2599210497528046 0.6299605244442966 -0.6299605244579967
0.6299605244442966 1.2599210494594972 -0.6299605244701979
-0.6299605244579967 -0.6299605244701979 1.2599210494924389

# Matrix 928
1.1905507889763371 -0.3968502629918606 0.3968502629919802
-0.3968502629918606 1.1905507889759401 0.3968502629920782
0.3968502629919802 0.3968502629920782 1.1905507889759406

# Matrix 929
1.1905507889768743 -0.3968502629914178 0.39685026299264226
-0.3968502629914178 1.1905507889752673 0.39685026299117543
0.39685026299264226 0.39685026299117543 1.1905507889753928

# Matrix 930
1.1905507889755667 0.3968502629921588 -0.39685026301629706
0.3968502629921588 1.1905507889763023 0.3968502629687362
-0.39685026301629706 0.3968502629687362 1.1905507889776223

# Matrix 931
1.2599210498945208 -0.6299605249470436 0.6299605249470448
-0.6299605249470436 1.2599210498948317 7.455147610357865e-13
0.6299605249470448 7.455147610357865e-13 1.2599210498948348

# Matrix 932
1.2599210482489303 -0.6299605222048317 -0.6299605223763999
-0.6299605222048317 1.2599210488843804 -4.298942479774543e-9
-0.6299605223763999 -4.298942479774543e-9 1.2599210488810628

# Matrix 933
1.2599210503184028 0.6299605251255527 0.629960525125769
0.6299605251255527 1.25992104965933 5.721295104343878e-10
0.629960525125769 5.721295104343878e-10 1.2599210496595552

# Matrix 934
1.1905507889761606 -0.39685026299203735 -0.39685026299205833
-0.39685026299203735 1.1905507889761424 -0.39685026299204657
-0.39685026299205833 -0.39685026299204657 1.1905507889761389

# Matrix 935
1.259921050033333 -0.6299605249167909 0.629960524918683
-0.6299605249167909 1.2599210497410405 -5.872446973143028e-11
0.629960524918683 -5.872446973143028e-11 1.2599210497457436

# Matrix 936
1.190550788990197 0.3968502630747066 0.3968502629561076
0.3968502630747066 1.190550788990869 -0.39685026295643666
0.3968502629561076 -0.39685026295643666 1.1905507889584839

# Matrix 937
1.1905507890064326 -0.39685026322551537 0.39685026290579833
-0.39685026322551537 1.1905507889475326 0.39685026281515284
0.39685026290579833 0.39685026281515284 1.1905507889448008

# Matrix 938
1.2599210489863102 -0.6299605239802009 0.6299605238653828
-0.6299605239802009 1.2599210498139484 1.988811171305121e-9
0.6299605238653828 1.988811171305121e-9 1.2599210497807036

# Matrix 939
1.2599210496548374 0.6299605232927291 0.6299605240080546
0.6299605232927291 1.2599210487882346 -1.80908499292085e-9
0.6299605240080546 -1.80908499292085e-9 1.2599210490688302

# Matrix 940
1.1905507889675186 -0.3968502629644001 -0.3968502630348181
-0.3968502629644001 1.1905507889674736 -0.39685026297969
-0.3968502630348181 -0.39685026297969 1.1905507889962152

# Matrix 941
1.5874010517817645 0.7937005258775437 -0.7937005258651256
0.7937005258775437 1.190550788968369 -0.3968502629182765
-0.7937005258651256 -0.3968502629182765 1.1905507889448352

# Matrix 942
1.190550788976058 0.3968502629919545 0.39685026299231924
0.3968502629919545 1.1905507889759872 -0.3968502629918286
0.39685026299231924 -0.3968502629918286 1.1905507889763562

# Matrix 943
1.1905507890722884 -0.3968502661441629 0.3968502618665738
-0.3968502661441629 1.1905507897865422 0.39685026167019266
0.3968502618665738 0.39685026167019266 1.190550788774398

# Matrix 944
1.1905507889271303 0.39685026338633755 0.3968502631180139
0.39685026338633755 1.1905507890206743 -0.3968502625115628
0.3968502631180139 -0.3968502625115628 1.190550789020409

# Matrix 945
1.2599210531882246 -0.6299605259736322 -0.629960525894309
-0.6299605259736322 1.259921047696143 4.1126257399604105e-9
-0.629960525894309 4.1126257399604105e-9 1.2599210475914748

# Matrix 946
1.587401051963071 -0.7937005259814276 -0.793700525981428
-0.7937005259814276 1.190550788976042 0.3968502629857269
-0.793700525981428 0.3968502629857269 1.1905507889760416

# Matrix 947
1.190550789039989 -0.3968502638377799 0.39685026336624785
-0.3968502638377799 1.1905507887647986 0.39685026197305046
0.39685026336624785 0.39685026197305046 1.1905507893245897

# Matrix 948
1.190550789015384 -0.396850262162971 -0.3968502636508765
-0.396850262162971 1.1905507889236269 -0.3968502629655528
-0.3968502636508765 -0.3968502629655528 1.1905507887926892

# Matrix 949
1.2599210499111424 -0.6299605249254371 -0.6299605242833529
-0.6299605249254371 1.2599210495102526 0.6299605245817903
-0.6299605242833529 0.6299605245817903 1.2599210495620714

# Matrix 950
1.1905507889480516 -0.3968502630735677 0.39685026306514365
-0.3968502630735677 1.1905507889875548 0.3968502628643103
0.39685026306514365 0.3968502628643103 1.1905507890197147

# Matrix 951
1.1905507887154658 0.3968502630913591 0.3968502623705442
0.3968502630913591 1.1905507889891471 -0.39685026275288376
0.3968502623705442 -0.39685026275288376 1.1905507884624738

# Matrix 952
1.2599210475178964 -0.6299605236514217 -0.6299605229582678
-0.6299605236514217 1.2599210513566674 -3.834810469172119e-9
-0.6299605229582678 -3.834810469172119e-9 1.2599210497786766

# Matrix 953
1.190550788976075 -0.3968502629913189 0.39685026299497955
-0.3968502629913189 1.190550788978546 0.39685026299063725
0.39685026299497955 0.39685026299063725 1.1905507889746139

# Matrix 954
1.1905507891468632 -0.39685026338579876 -0.39685026340796775
-0.39685026338579876 1.1905507887970377 -0.3968502621631553
-0.39685026340796775 -0.3968502621631553 1.1905507889653204

# Matrix 955
1.1905507890140385 -0.39685026278658436 -0.39685026339010254
-0.39685026278658436 1.1905507889204296 -0.3968502627332708
-0.39685026339010254 -0.3968502627332708 1.1905507889277887

# Matrix 956
1.1905507889850118 -0.396850263007255 0.3968502629902988
-0.396850263007255 1.190550788981209 0.396850262984027
0.3968502629902988 0.396850262984027 1.1905507889676594

# Matrix 957
1.1905507890066644 -0.3968502631457545 0.39685026296468445
-0.3968502631457545 1.1905507889996239 0.39685026289275804
0.39685026296468445 0.39685026289275804 1.1905507889492077

# Matrix 958
1.2599210501483114 -0.6299605247012786 -0.6299605246744732
-0.6299605247012786 1.259921049406648 -5.993927576497421e-12
-0.6299605246744732 -5.993927576497421e-12 1.2599210493570148

# Matrix 959
1.2599210498950322 0.6299605249467121 0.6299605249468403
0.6299605249467121 1.2599210498943243 -1.4102607970301105e-12
0.6299605249468403 -1.4102607970301105e-12 1.2599210498943891

# Matrix 960
1.2599210499828815 -0.6299605218795754 0.6299605215717328
-0.6299605218795754 1.259921046613395 3.027867623295333e-9
0.6299605215717328 3.027867623295333e-9 1.2599210464861657

# Matrix 961
1.1905507889800189 -0.3968502630197877 -0.3968502629791742
-0.3968502630197877 1.190550788968817 -0.3968502629718591
-0.3968502629791742 -0.3968502629718591 1.1905507889742841

# Matrix 962
1.1905507891266611 0.3968502625718335 0.39685026401787216
0.3968502625718335 1.1905507886921545 -0.3968502622631464
0.39685026401787216 -0.3968502622631464 1.1905507889863354

# Matrix 963
1.2599210499713365 0.6299605242513856 0.6299605242570505
0.6299605242513856 1.2599210491238135 -6.148959119656124e-10
0.6299605242570505 -6.148959119656124e-10 1.2599210491253294

# Matrix 964
1.1905507889761353 -0.3968502629920358 0.3968502629930009
-0.3968502629920358 1.1905507889761575 0.3968502629910825
0.3968502629930009 0.3968502629910825 1.1905507889761258

# Matrix 965
1.259921050000125 0.629960524997229 -0.6299605249678422
0.629960524997229 1.2599210499256805 -0.6299605249341363
-0.6299605249678422 -0.6299605249341363 1.2599210497967457

# Matrix 966
1.1905507889760973 -0.39685026299136356 -0.39685026299262155
-0.39685026299136356 1.1905507889761449 -0.39685026299212406
-0.39685026299262155 -0.39685026299212406 1.1905507889761657

# Matrix 967
1.1905507890526326 0.3968502630875683 0.39685026308982163
0.3968502630875683 1.1905507889557951 -0.39685026278291063
0.39685026308982163 -0.39685026278291063 1.190550788904172

# Matrix 968
1.2599210499304943 0.6299605249342719 -0.6299605249357736
0.6299605249342719 1.2599210498440239 -2.4417134980580964e-11
-0.6299605249357736 -2.4417134980580964e-11 1.2599210498488462

# Matrix 969
1.2599210499042945 0.6299605249468461 0.6299605249491692
0.6299605249468461 1.2599210498856008 9.48907619147125e-12
0.6299605249491692 9.48907619147125e-12 1.2599210498867808

# Matrix 970
1.1905507889762537 -0.3968502629898551 0.39685026299853643
-0.3968502629898551 1.190550788978502 0.39685026298938375
0.39685026299853643 0.39685026298938375 1.1905507889753186

# Matrix 971
1.2599210499007707 0.6299605249415403 -0.6299605249415396
0.6299605249415403 1.2599210498830788 -2.109423746787846e-15
-0.6299605249415396 -2.109423746787846e-15 1.2599210498830784

# Matrix 972
1.2599210501031097 0.6299605247271317 -0.6299605247412426
0.6299605247271317 1.2599210494653692 1.2806866678261034e-11
-0.6299605247412426 1.2806866678261034e-11 1.259921049486601

# Matrix 973
1.2599210514343402 0.6299605255058531 -0.6299605255061327
0.6299605255058531 1.2599210489127946 -2.100402074489692e-9
-0.6299605255061327 -2.100402074489692e-9 1.2599210489135446

# Matrix 974
1.2599210499346198 -0.6299605249135207 -0.6299605248988696
-0.6299605249135207 1.2599210498251587 -5.223044219349002e-13
-0.6299605248988696 -5.223044219349002e-13 1.2599210498019633

# Matrix 975
1.2599210498875222 0.6299605249416776 0.6299605249395209
0.6299605249416776 1.2599210498965865 -1.5298540212427147e-11
0.6299605249395209 -1.5298540212427147e-11 1.2599210498949274

# Matrix 976
1.259921049878922 0.6299605249160033 -0.6299605249167547
0.6299605249160033 1.259921049879466 4.686834254030726e-11
-0.6299605249167547 4.686834254030726e-11 1.259921049879974

# Matrix 977
1.2599210492539579 0.6299605213256424 -0.6299605216708362
0.6299605213256424 1.2599210470999982 4.085745686222005e-9
-0.6299605216708362 4.085745686222005e-9 1.2599210470702729

# Matrix 978
1.1905507889761453 -0.39685026299204684 -0.3968502629920456
-0.39685026299204684 1.1905507889761495 -0.39685026299205184
-0.3968502629920456 -0.39685026299205184 1.1905507889761489

# Matrix 979
1.2599210500655131 0.6299605249785853 0.6299605250158613
0.6299605249785853 1.2599210497198214 3.148633576088845e-10
0.6299605250158613 3.148633576088845e-10 1.2599210497652604

# Matrix 980
1.1905507889761435 0.39685026299183057 0.3968502629924158
0.39685026299183057 1.190550788976153 -0.3968502629919015
0.3968502629924158 -0.3968502629919015 1.1905507889761502

# Matrix 981
1.190550788976075 0.39685026298489545 -0.3968502629993344
0.39685026298489545 1.1905507889706266 0.39685026298621956
-0.3968502629993344 0.39685026298621956 1.1905507889760472

# Matrix 982
1.1905507889726588 -0.3968502630031642 -0.3968502630375299
-0.3968502630031642 1.1905507889691564 -0.3968502629289176
-0.3968502630375299 -0.3968502629289176 1.1905507889800957

# Matrix 983
1.259921049824599 0.6299605246752668 -0.6299605246965205
0.6299605246752668 1.2599210497468079 -0.6299605247027318
-0.6299605246965205 -0.6299605247027318 1.2599210496013522

# Matrix 984
1.1905507890503209 -0.3968502640936335 0.3968502626321908
-0.3968502640936335 1.1905507888155193 0.39685026226213216
0.3968502626321908 0.39685026226213216 1.1905507890744156

# Matrix 985
1.5874010516480437 0.793700525823588 0.7937005258194009
0.793700525823588 1.1905507889892064 0.39685026290876857
0.7937005258194009 0.39685026290876857 1.190550788958038

# Matrix 986
1.190550788976149 -0.3968502629922588 -0.39685026299225895
-0.3968502629922588 1.1905507889761502 -0.39685026299163106
-0.39685026299225895 -0.39685026299163106 1.1905507889761489

# Matrix 987
1.1905507889751819 -0.3968502616592004 0.3968502656565561
-0.3968502616592004 1.1905507889763094 0.39685026165977977
0.3968502656565561 0.39685026165977977 1.1905507889763443

# Matrix 988
1.2599210497387967 2.3845519309118026e-10 -0.6299605247595841
2.3845519309118026e-10 1.2599210497952966 0.6299605247745838
-0.6299605247595841 0.6299605247745838 1.2599210498451354

# Matrix 989
1.259921050098594 0.6299605248965034 -0.6299605245769696
0.6299605248965034 1.2599210500227727 -0.6299605253281181
-0.6299605245769696 -0.6299605253281181 1.2599210495361073

# Matrix 990
1.1905507889721578 0.39685026298560466 0.39685026299918136
0.39685026298560466 1.1905507889763416 -0.3968502629877859
0.39685026299918136 -0.3968502629877859 1.1905507889763716

# Matrix 991
1.1905507889670341 -0.3968502628446719 0.39685026324150174
-0.3968502628446719 1.1905507889394693 0.3968502628731583
0.39685026324150174 0.3968502628731583 1.1905507890051275

# Matrix 992
1.5874010518897288 -0.7937005259298286 -0.7937005259125396
-0.7937005259298286 1.1905507889487013 0.39685026284624425
-0.7937005259125396 0.39685026284624425 1.1905507889562372

# Matrix 993
1.2599210496166673 -0.6299605233029774 -0.6299605244570381
-0.6299605233029774 1.2599210486709376 -6.897059035004551e-10
-0.6299605244570381 -6.897059035004551e-10 1.259921049103077

# Matrix 994
1.2599210498817406 -0.6299605249138099 -0.6299605249148476
-0.6299605249138099 1.2599210498751905 -4.6769310646509994e-11
-0.6299605249148476 -4.6769310646509994e-11 1.2599210498749576

# Matrix 995
1.2599210497976197 -0.6299605248228394 -0.6299605248688764
-0.6299605248228394 1.2599210498993467 -2.3922064329439975e-10
-0.6299605248688764 -2.3922064329439975e-10 1.259921049908675

# Matrix 996
1.259921051758058 0.6299605227910993 -0.6299605232977755
0.6299605227910993 1.2599210456014134 1.3709294810482e-10
-0.6299605232977755 1.3709294810482e-10 1.2599210467208173

# Matrix 997
1.190550788940263 -0.39685026313936084 -0.39685026299539233
-0.39685026313936084 1.190550789040643 -0.39685026288198805
-0.39685026299539233 -0.39685026288198805 1.1905507889881344

# Matrix 998
1.2599210499324591 -0.6299605248414512 0.6299605248442789
-0.6299605248414512 1.259921049735583 6.459810464320983e-11
0.6299605248442789 6.459810464320983e-11 1.2599210497682565

# Matrix 999
1.25992104989701 -0.6299605249464503 0.6299605249464832
-0.6299605249464503 1.259921049891777 -9.955369861813714e-13
0.6299605249464832 -9.955369861813714e-13 1.2599210498918703

# Matrix 1000
1.190550788976274 0.39685026298566345 -0.3968502630118736
0.39685026298566345 1.1905507889760463 0.396850262978486
-0.3968502630118736 0.396850262978486 1.190550788976002

# Matrix 1001
1.2599210504567053 -0.6299605246511193 -0.6299605246506049
-0.6299605246511193 1.2599210490264594 3.0183144872353177e-10
-0.6299605246506049 3.0183144872353177e-10 1.2599210490220907

# Matrix 1002
1.2599210496165028 -0.6299605246308522 -0.6299605245840769
-0.6299605246308522 1.2599210498726827 -5.893723287186869e-10
-0.6299605245840769 -5.893723287186869e-10 1.2599210497745466

# Matrix 1003
1.259921052095957 0.6299605257593445 0.6299605257843629
0.6299605257593445 1.2599210484951027 3.049250352216166e-9
0.6299605257843629 3.049250352216166e-9 1.2599210485254775

# Matrix 1004
1.1905507889744023 0.3968502630403806 -0.3968502629942654
0.3968502630403806 1.1905507889776736 0.3968502629416102
-0.3968502629942654 0.3968502629416102 1.1905507889764795

# Matrix 1005
1.190550788976147 0.3968502629838585 -0.3968502630089705
0.3968502629838585 1.190550788976152 0.396850262983323
-0.3968502630089705 0.396850262983323 1.190550788976152

# Matrix 1006
1.259921049684076 -0.6299605248064367 0.6299605248088627
-0.6299605248064367 1.2599210499623226 3.485540744918611e-10
0.6299605248088627 3.485540744918611e-10 1.259921049968091

# Matrix 1007
1.259921049897289 0.6299605249449185 0.6299605249448638
0.6299605249449185 1.25992104988992 -1.3666845433135462e-13
0.6299605249448638 -1.3666845433135462e-13 1.2599210498899085

# Matrix 1008
1.1905507889420808 0.39685026275814905 -0.3968502633558731
0.39685026275814905 1.1905507889364921 0.3968502628395208
-0.3968502633558731 0.3968502628395208 1.1905507890272695

# Matrix 1009
1.1905507889707192 -0.3968502628940227 -0.39685026318502553
-0.3968502628940227 1.1905507889666875 -0.3968502628892161
-0.39685026318502553 -0.3968502628892161 1.1905507889831566

# Matrix 1010
1.2599210502847191 0.6299605247599465 0.6299605245867845
0.6299605247599465 1.2599210492610375 9.869882688917638e-13
0.6299605245867845 9.869882688917638e-13 1.2599210492773996

# Matrix 1011
1.259921050791932 0.6299605219828847 0.6299605219695058
0.6299605219828847 1.259921046054001 -2.07073952429582e-9
0.6299605219695058 -2.07073952429582e-9 1.2599210459968495

# Matrix 1012
1.1905507889745512 -0.3968502629810811 0.3968502630114175
-0.3968502629810811 1.1905507889745581 0.39685026298329973
0.3968502630114175 0.39685026298329973 1.1905507889789881

# Matrix 1013
1.2599210486504688 -0.6299605232433816 0.6299605230792622
-0.6299605232433816 1.2599210500336018 4.152194255091507e-9
0.6299605230792622 4.152194255091507e-9 1.2599210494205075

# Matrix 1014
1.2599210498766245 -0.6299605249288897 -0.6299605249352281
-0.6299605249288897 1.2599210498914024 -3.4721170383277963e-11
-0.6299605249352281 -3.4721170383277963e-11 1.2599210499048161

# Matrix 1015
1.1905507889719877 0.39685026239042576 0.39685026420110453
0.39685026239042576 1.1905507889783298 -0.3968502623845349
0.39685026420110453 -0.3968502623845349 1.190550788978047

# Matrix 1016
1.259921049783341 -0.6299605245335715 -0.6299605243139148
-0.6299605245335715 1.2599210494727537 -1.0709618192272456e-9
-0.6299605243139148 -1.0709618192272456e-9 1.2599210497831606

# Matrix 1017
1.2599210498043911 -0.6299605244162725 -0.6299605247474253
-0.6299605244162725 1.259921049500902 -4.6538989328937016e-10
-0.6299605247474253 -4.6538989328937016e-10 1.2599210497448465

# Matrix 1018
1.2599210441538664 -0.6299605215592451 -0.6299605215282487
-0.6299605215592451 1.2599210523421394 -9.461800731802482e-9
-0.6299605215282487 -9.461800731802482e-9 1.2599210523336442

# Matrix 1019
1.2599210498079054 -0.6299605248718031 0.6299605248794606
-0.6299605248718031 1.2599210498989608 1.5740159176047296e-10
0.6299605248794606 1.5740159176047296e-10 1.2599210499201978

# Matrix 1020
1.2599210498994386 0.629960524936355 0.6299605249421223
0.629960524936355 1.259921049875224 -1.0313971898767695e-13
0.6299605249421223 -1.0313971898767695e-13 1.2599210498866429

# Matrix 1021
1.190550788976226 0.396850262865145 0.3968502632124969
0.396850262865145 1.1905507889789568 -0.39685026289817277
0.3968502632124969 -0.39685026289817277 1.190550788972931

# Matrix 1022
1.2599210494009503 0.6299605237595114 -0.629960524494046
0.6299605237595114 1.2599210486266497 9.812900492178811e-10
-0.629960524494046 9.812900492178811e-10 1.259921050287433

# Matrix 1023
1.2599210479414489 -0.6299605219811458 -0.6299605219424125
-0.6299605219811458 1.259921048806792 -4.513903029135236e-9
-0.6299605219424125 -4.513903029135236e-9 1.2599210486350356

# Matrix 1024
1.1905507889746592 -0.3968502629806701 -0.3968502629962553
-0.3968502629806701 1.1905507889777425 -0.39685026299654674
-0.3968502629962553 -0.39685026299654674 1.1905507889733695

# Matrix 1025
1.1905507889868236 0.396850262427196 -0.39685026410249363
0.396850262427196 1.1905507890026676 0.3968502624476371
-0.39685026410249363 0.3968502624476371 1.190550788940135

# Matrix 1026
1.1905507889678015 -0.3968502629660765 -0.396850263022082
-0.3968502629660765 1.1905507889877762 -0.3968502629804439
-0.396850263022082 -0.3968502629804439 1.1905507889653237

# Matrix 1027
1.1905507889764126 -0.3968502629926382 -0.39685026299199544
-0.3968502629926382 1.1905507889764042 -0.39685026299177084
-0.39685026299199544 -0.39685026299177084 1.190550788975887

# Matrix 1028
1.1905507889713591 -0.3968502624615697 -0.396850264113947
-0.3968502624615697 1.1905507889766305 -0.39685026240075144
-0.396850264113947 -0.39685026240075144 1.1905507889805775

# Matrix 1029
1.2599210499057192 0.6299605249520845 0.6299605249508337
0.6299605249520845 1.2599210498893783 1.2750800415517386e-11
0.6299605249508337 1.2750800415517386e-11 1.2599210498881326

# Matrix 1030
1.2599210492434074 -0.6299605230645244 0.6299605222158865
-0.6299605230645244 1.2599210493386328 3.521758662472545e-9
0.6299605222158865 3.521758662472545e-9 1.2599210475149571

# Matrix 1031
1.2599210498792786 0.6299605243408487 0.6299605244730461
0.6299605243408487 1.2599210491579063 -3.371271595220487e-10
0.6299605244730461 -3.371271595220487e-10 1.2599210494360797

# Matrix 1032
1.190550789135613 -0.39685026319516453 0.3968502640924662
-0.39685026319516453 1.190550788859096 0.39685026153533515
0.3968502640924662 0.39685026153533515 1.190550788780556

# Matrix 1033
1.2599210500878635 0.6299605234749426 0.6299605244545491
0.6299605234749426 1.259921048376838 -2.137100774124437e-9
0.6299605244545491 -2.137100774124437e-9 1.2599210499598132

# Matrix 1034
1.1905507889699591 -0.3968502629910676 -0.3968502629911208
-0.3968502629910676 1.1905507889777953 -0.3968502629911715
-0.3968502629911208 -0.3968502629911715 1.190550788977905

# Matrix 1035
1.1905507889764109 0.3968502629930222 0.39685026299268866
0.3968502629930222 1.1905507889759541 -0.3968502629900388
0.39685026299268866 -0.3968502629900388 1.1905507889756841

# Matrix 1036
1.259921051345719 -0.6299605252477481 0.6299605251889265
-0.6299605252477481 1.259921048933885 -2.1949322914771287e-9
0.6299605251889265 -2.1949322914771287e-9 1.2599210481805139

# Matrix 1037
1.190550788998532 -0.3968502614654766 -0.3968502670871309
-0.3968502614654766 1.1905507889277473 -0.3968502604282129
-0.3968502670871309 -0.3968502604282129 1.1905507890068403

# Matrix 1038
1.259921049896307 0.6299605249410349 -0.6299605249462341
0.6299605249410349 1.2599210498852982 -0.6299605249387895
-0.6299605249462341 -0.6299605249387895 1.2599210498921802

# Matrix 1039
1.2599210498959275 0.6299605249447947 -0.6299605249441256
0.6299605249447947 1.2599210498911835 1.9536039452816692e-12
-0.6299605249441256 1.9536039452816692e-12 1.2599210498905224

# Matrix 1040
1.2599210498968105 0.6299605249443275 -0.6299605249443546
0.6299605249443275 1.2599210498898161 1.1608491945480625e-12
-0.6299605249443546 1.1608491945480625e-12 1.2599210498898668

# Matrix 1041
1.259921049888027 -0.6299605249360009 -0.6299605249391221
-0.6299605249360009 1.2599210498915383 -1.6551482406867954e-11
-0.6299605249391221 -1.6551482406867954e-11 1.2599210498920372

# Matrix 1042
1.2599210489220158 0.6299605212884658 -0.6299605213319682
0.6299605212884658 1.2599210472271822 4.602984049473199e-9
-0.6299605213319682 4.602984049473199e-9 1.2599210472291114

# Matrix 1043
1.259921049898637 -0.6299605249485178 -0.6299605249445216
-0.6299605249485178 1.2599210498911733 0.629960524941383
-0.6299605249445216 0.629960524941383 1.2599210498895508

# Matrix 1044
1.2599210493155384 0.6299605243202968 -0.6299605244772759
0.6299605243202968 1.2599210493650648 -0.6299605244932813
-0.6299605244772759 -0.6299605244932813 1.2599210499697127

# Matrix 1045
1.2599210491028796 -0.6299605237113173 -0.6299605235320803
-0.6299605237113173 1.2599210496813171 -1.8979265936635773e-9
-0.6299605235320803 -1.8979265936635773e-9 1.259921048894404

# Matrix 1046
1.259921049918159 -0.6299605249210951 0.6299605249182663
-0.6299605249210951 1.259921049843877 4.613476267678574e-12
0.6299605249182663 4.613476267678574e-12 1.2599210498438815

# Matrix 1047
1.259921049935691 -0.6299605249235716 -0.6299605249332575
-0.6299605249235716 1.2599210498247153 -3.649303081942885e-12
-0.6299605249332575 -3.649303081942885e-12 1.2599210498623146

# Matrix 1048
1.1905507884503665 0.39685026154973957 0.396850264778969
0.39685026154973957 1.1905507897680687 -0.3968502624900058
0.396850264778969 -0.3968502624900058 1.1905507885525788

# Matrix 1049
1.2599210510061862 -5.21107490492054e-10 -0.6299605248791782
-5.21107490492054e-10 1.259921048495994 -0.6299605239124711
-0.6299605248791782 -0.6299605239124711 1.2599210492678776

# Matrix 1050
1.1905507890600002 -0.3968502566050946 -0.3968502661123964
-0.3968502566050946 1.1905507888861588 -0.396850266166407
-0.3968502661123964 -0.396850266166407 1.1905507888900382

# Matrix 1051
1.1905507889778075 0.39685026299284853 -0.3968502629961922
0.39685026299284853 1.1905507889766453 0.39685026298802184
-0.3968502629961922 0.39685026298802184 1.1905507889749092

# Matrix 1052
1.1905507893617293 0.39685026322003397 0.3968502641288564
0.39685026322003397 1.1905507893523137 -0.3968502624832203
0.3968502641288564 -0.3968502624832203 1.190550789070367

# Matrix 1053
1.1905507889867593 -0.39685026298864395 0.39685026304769294
-0.39685026298864395 1.190550788986628 0.39685026295012266
0.39685026304769294 0.39685026295012266 1.1905507889653713

# Matrix 1054
1.1905507894517657 0.3968502649123946 0.3968502640690013
0.3968502649123946 1.190550789818122 -0.3968502604701485
0.3968502640690013 -0.3968502604701485 1.1905507881339557

# Matrix 1055
1.190550788635951 -0.39685026340931545 0.396850263221949
-0.39685026340931545 1.1905507891046205 0.39685026241954363
0.396850263221949 0.39685026241954363 1.1905507892625362

# Matrix 1056
1.259921049872482 0.6299605249332885 -0.6299605249355265
0.6299605249332885 1.2599210499051725 -0.629960524967193
-0.6299605249355265 -0.629960524967193 1.2599210499027638

# Matrix 1057
1.190550788977703 0.3968502629973302 -0.39685026299789306
0.3968502629973302 1.1905507889750429 0.3968502629802262
-0.39685026299789306 0.3968502629802262 1.1905507889750029

# Matrix 1058
1.2599210498953333 -0.6299605249475604 0.6299605249474578
-0.6299605249475604 1.2599210498947144 -0.6299605249466409
0.6299605249474578 -0.6299605249466409 1.2599210498941382

# Matrix 1059
1.2599210502342277 0.6299605247861305 -0.6299605248227708
0.6299605247861305 1.2599210492178468 -0.6299605247016822
-0.6299605248227708 -0.6299605247016822 1.2599210498780606

# Matrix 1060
1.2599210498936533 3.645951596187301e-12 -0.6299605249450035
3.645951596187301e-12 1.2599210498936528 0.6299605249450033
-0.6299605249450035 0.6299605249450033 1.25992104989366

# Matrix 1061
1.190550788976161 -0.3968502629569632 0.39685026306236926
-0.3968502629569632 1.190550788976185 0.3968502629568529
0.39685026306236926 0.3968502629568529 1.1905507889761384

# Matrix 1062
1.2599210496627218 -0.6299605246168823 -0.6299605245251763
-0.6299605246168823 1.2599210495491844 0.6299605249810359
-0.6299605245251763 0.6299605249810359 1.2599210499932367

# Matrix 1063
1.2599210498953302 0.6299605249476488 0.6299605249475428
0.6299605249476488 1.2599210498946938 0.6299605249469105
0.6299605249475428 0.6299605249469105 1.2599210498944573

# Matrix 1064
1.2599210498174882 -1.1312823594566997e-10 -0.6299605248574859
-1.1312823594566997e-10 1.259921049814304 -0.6299605248452441
-0.6299605248574859 -0.6299605248452441 1.2599210498777598

# Matrix 1065
1.1905507889749805 0.3968502629055605 -0.3968502630869681
0.3968502629055605 1.1905507889765778 0.3968502629904136
-0.3968502630869681 0.3968502629904136 1.1905507889836828

# Matrix 1066
1.2599210518034791 -0.6299605257018787 -0.6299605256530928
-0.6299605257018787 1.2599210487201147 2.672566834505157e-9
-0.6299605256530928 2.672566834505157e-9 1.2599210486899104

# Matrix 1067
1.2599210498936566 -0.6299605249416315 0.6299605249467859
-0.6299605249416315 1.2599210498940632 5.2418624996165205e-12
0.6299605249467859 5.2418624996165205e-12 1.2599210498921918

# Matrix 1068
1.2599210498883904 0.6299605249356447 0.6299605249387161
0.6299605249356447 1.2599210498923812 -1.8319901151642125e-11
0.6299605249387161 -1.8319901151642125e-11 1.2599210498908722

# Matrix 1069
1.2599210484695615 0.6299605240949168 -0.6299605240995042
0.6299605240949168 1.2599210505074439 2.3962828388235198e-9
-0.6299605240995042 2.3962828388235198e-9 1.2599210505129705

# Matrix 1070
1.2599210486834855 3.1950465329000304e-9 -0.6299605227362535
3.1950465329000304e-9 1.2599210488172856 0.6299605228000683
-0.6299605227362535 0.6299605228000683 1.2599210488505765

# Matrix 1071
1.2599210496796938 -0.6299605248391651 0.629960524838604
-0.6299605248391651 1.2599210500008402 -0.6299605251586231
0.629960524838604 -0.6299605251586231 1.2599210500001403

# Matrix 1072
1.1905507889370335 -0.396850261733402 -0.39685026551276287
-0.396850261733402 1.1905507890177167 -0.39685026177350274
-0.39685026551276287 -0.39685026177350274 1.190550789017217

# Matrix 1073
1.2599210498934958 0.629960524944428 0.6299605249442735
0.629960524944428 1.2599210498931823 -4.48663328711507e-12
0.6299605249442735 -4.48663328711507e-12 1.259921049893163

# Matrix 1074
1.1905507889491684 0.396850263259141 -0.39685026305754695
0.396850263259141 1.190550789004615 0.3968502626859366
-0.39685026305754695 0.3968502626859366 1.1905507890011404

# Matrix 1075
1.2599210498949196 -0.6299605249473904 -0.6299605249473087
-0.6299605249473904 1.2599210498948201 -3.497202527569186e-14
-0.6299605249473087 -3.497202527569186e-14 1.2599210498946554

# Matrix 1076
1.2599210496546687 0.629960524675581 -0.6299605246695131
0.629960524675581 1.2599210498662732 5.149350945643462e-10
-0.6299605246695131 5.149350945643462e-10 1.259921049853997

# Matrix 1077
1.259921049599279 0.6299605247429522 0.629960524758995
0.6299605247429522 1.2599210499978601 0.6299605251689632
0.629960524758995 0.6299605251689632 1.259921049973214

# Matrix 1078
1.259921049895527 -0.6299605249453156 0.6299605249400412
-0.6299605249453156 1.259921049907123 -0.6299605249431405
0.6299605249400412 -0.6299605249431405 1.2599210498727615

# Matrix 1079
1.2599210498894002 -0.6299605249391041 -0.6299605249380087
-0.6299605249391041 1.25992104988451 0.629960524942857
-0.6299605249380087 0.629960524942857 1.259921049895816

# Matrix 1080
1.2599210499085198 0.6299605249409588 -0.6299605249298743
0.6299605249409588 1.259921049863252 -1.3008927268742777e-11
-0.6299605249298743 -1.3008927268742777e-11 1.2599210498675726

# Matrix 1081
1.2599210494545299 0.6299605246834857 -0.6299605247086714
0.6299605246834857 1.2599210498611992 1.043425901237073e-10
-0.6299605247086714 1.043425901237073e-10 1.2599210499149451

# Matrix 1082
1.2599210498967086 -0.6299605249453979 -0.6299605249479344
-0.6299605249453979 1.2599210498807838 0.6299605249256619
-0.6299605249479344 0.6299605249256619 1.2599210498915832

# Matrix 1083
1.2599210501747815 -0.6299605247454588 -0.629960524670459
-0.6299605247454588 1.2599210494053898 4.9960480197341617e-11
-0.629960524670459 4.9960480197341617e-11 1.2599210493392314

# Matrix 1084
1.1905507889762663 0.3968502629874507 -0.3968502630012996
0.3968502629874507 1.1905507889761702 0.3968502629872755
-0.3968502630012996 0.3968502629872755 1.1905507889758886

# Matrix 1085
1.190550788976128 -0.3968502629924043 0.3968502629919013
-0.3968502629924043 1.1905507889761897 0.39685026299184073
0.3968502629919013 0.39685026299184073 1.1905507889761275

# Matrix 1086
1.2599210499006415 -0.629960524912392 -0.6299605248777925
-0.629960524912392 1.259921049844587 -3.9382885841377225e-11
-0.6299605248777925 -3.9382885841377225e-11 1.2599210498241389

# Matrix 1087
1.2599210495413367 -0.6299605242655912 -0.6299605246533776
-0.6299605242655912 1.2599210492555564 -6.327433577091353e-10
-0.6299605246533776 -6.327433577091353e-10 1.259921050126195

# Matrix 1088
1.2599210498898668 -0.6299605247642192 -0.6299605247110769
-0.6299605247642192 1.2599210497227435 -2.0935631006579551e-10
-0.6299605247110769 -2.0935631006579551e-10 1.2599210496538122

# Matrix 1089
1.2599210498769815 -0.6299605249324923 0.6299605249340019
-0.6299605249324923 1.259921049892685 -0.6299605249519602
0.6299605249340019 -0.6299605249519602 1.2599210498990494

# Matrix 1090
1.1905507889096576 0.3968502629820711 -0.39685026296072873
0.3968502629820711 1.190550788995792 0.3968502630013773
-0.39685026296072873 0.3968502630013773 1.190550788991027

# Matrix 1091
1.2599210498360385 0.6299605249145984 -0.6299605249131532
0.6299605249145984 1.2599210499256892 -0.6299605250017
-0.6299605249131532 -0.6299605250017 1.2599210499143196

# Matrix 1092
1.2599210485632297 0.6299605241435097 -0.6299605241909264
0.6299605241435097 1.2599210499462832 -0.6299605259435073
-0.6299605241909264 -0.6299605259435073 1.259921050798862

# Matrix 1093
1.259921049911828 -0.6299605249359368 0.6299605249332468
-0.6299605249359368 1.259921049869037 1.1946443834176622e-11
0.6299605249332468 1.1946443834176622e-11 1.2599210498718145

# Matrix 1094
1.190550788958777 0.39685026223595016 0.3968502634685715
0.39685026223595016 1.1905507889846274 -0.3968502632549262
0.3968502634685715 -0.3968502632549262 1.1905507889683429

# Matrix 1095
1.5874010390554987 0.7937005193455487 0.7937005195080977
0.7937005193455487 1.1905507889962497 0.39685026268501883
0.7937005195080977 0.39685026268501883 1.1905507887541973

# Matrix 1096
1.1905507884887774 0.39685026120562505 -0.39685026505582155
0.39685026120562505 1.1905507893479397 0.39685026217177055
-0.39685026505582155 0.39685026217177055 1.190550788548799

# Matrix 1097
1.2599210498951459 1.1975351266180216e-12 0.6299605249473286
1.1975351266180216e-12 1.2599210498938 -0.6299605249455198
0.6299605249473286 -0.6299605249455198 1.2599210498940474

# Matrix 1098
1.1905507892810474 0.3968502636623127 0.3968502638138878
0.3968502636623127 1.1905507886992825 -0.396850261793034
0.3968502638138878 -0.396850261793034 1.1905507892412037

# Matrix 1099
1.1905507889772438 -0.3968502629755098 0.3968502630319406
-0.3968502629755098 1.190550788977285 0.3968502629699368
0.3968502630319406 0.3968502629699368 1.1905507889751576

# Matrix 1100
1.259921049916896 0.6299605249250932 0.6299605249250358
0.6299605249250932 1.2599210498507998 -3.3306690738755253e-16
0.6299605249250358 -3.3306690738755253e-16 1.2599210498499243

# Matrix 1101
1.2599210498953393 -0.6299605249460026 -0.6299605249452387
-0.6299605249460026 1.259921049892733 -1.4344636589669153e-12
-0.6299605249452387 -1.4344636589669153e-12 1.2599210498925055

# Matrix 1102
1.2599210488874075 0.6299605244430337 0.6299605244433966
0.6299605244430337 1.2599210504008127 -1.5203344139181017e-9
0.6299605244433966 -1.5203344139181017e-9 1.2599210504011868

# Matrix 1103
1.2599210498833624 0.6299605249122471 0.6299605249076516
0.6299605249122471 1.259921049873445 -4.8999859725284855e-11
0.6299605249076516 -4.8999859725284855e-11 1.2599210498643498

# Matrix 1104
1.2599210498714026 -2.8259720952217245e-11 -0.6299605249214956
-2.8259720952217245e-11 1.2599210498714475 -0.6299605249215219
-0.6299605249214956 -0.6299605249215219 1.2599210498923192

# Matrix 1105
1.2599210499265325 -0.6299605245048356 -0.6299605249310977
-0.6299605245048356 1.2599210494071418 -4.781126605735045e-10
-0.6299605249310977 -4.781126605735045e-10 1.259921050047214

# Matrix 1106
1.1905507897397973 0.3968502614475231 0.39685026615646635
0.3968502614475231 1.190550788620359 -0.39685026210519586
0.39685026615646635 -0.39685026210519586 1.190550789301328

# Matrix 1107
1.1905507886628643 -0.39685026368013304 0.39685026235794735
-0.39685026368013304 1.1905507892213325 0.39685026271613627
0.39685026235794735 0.39685026271613627 1.1905507888223188

# Matrix 1108
1.2599210501639242 -0.6299605249892992 0.6299605249913945
-0.6299605249892992 1.2599210496718756 -3.0430807873571217e-10
0.6299605249913945 -3.0430807873571217e-10 1.2599210496706912

# Matrix 1109
1.2599210500434714 -0.6299605249908499 -0.6299605246066419
-0.6299605249908499 1.2599210501313323 0.6299605249711769
-0.6299605246066419 0.6299605249711769 1.2599210493273885

# Matrix 1110
1.25992105099645 0.6299605253185804 -0.629960525114807
0.6299605253185804 1.2599210490614776 -1.5996878266477707e-9
-0.629960525114807 -1.5996878266477707e-9 1.25992104891106

# Matrix 1111
1.5874010519046855 -0.7937005259522066 0.7937005259522046
-0.7937005259522066 1.1905507889763962 -0.3968502629461066
0.7937005259522046 -0.3968502629461066 1.1905507889756286

# Matrix 1112
1.1905507884695683 -0.39685026196936035 -0.39685026384529265
-0.39685026196936035 1.1905507884403084 -0.3968502628435761
-0.39685026384529265 -0.3968502628435761 1.190550789700652

# Matrix 1113
1.259921049894784 -1.9352575097997204e-13 0.6299605249473366
-1.9352575097997204e-13 1.2599210498948075 0.6299605249472676
0.6299605249473366 0.6299605249472676 1.2599210498948172

# Matrix 1114
1.1905507889787277 0.3968502629193385 -0.39685026310674604
0.3968502629193385 1.1905507889684934 0.39685026295673387
-0.39685026310674604 0.39685026295673387 1.1905507889878968

# Matrix 1115
1.190550788976155 -0.3968502629937902 0.39685026299158793
-0.3968502629937902 1.190550788976138 0.39685026299077286
0.39685026299158793 0.39685026299077286 1.190550788976157

# Matrix 1116
1.259921049862082 -0.6299605245063219 -0.6299605241488155
-0.6299605245063219 1.2599210493153565 -6.497146709527587e-10
-0.6299605241488155 -6.497146709527587e-10 1.2599210492982733

# Matrix 1117
1.25992105015338 -0.6299605245226094 -0.6299605241884797
-0.6299605245226094 1.2599210484158037 4.962512623052281e-10
-0.6299605241884797 4.962512623052281e-10 1.259921049120054

# Matrix 1118
1.2599210497149211 -0.6299605247319311 -0.6299605247981329
-0.6299605247319311 1.2599210498424869 -4.163994149486445e-10
-0.6299605247981329 -4.163994149486445e-10 1.2599210499783828

# Matrix 1119
1.190550788981809 -0.39685026218495795 -0.3968502645655141
-0.39685026218495795 1.1905507889787648 -0.39685026222896425
-0.3968502645655141 -0.39685026222896425 1.1905507889711615

# Matrix 1120
1.259921049991433 -0.6299605248507153 0.629960524887162
-0.6299605248507153 1.2599210495965159 -0.629960524868312
0.629960524887162 -0.629960524868312 1.2599210499392566

# Matrix 1121
1.259921050001018 0.6299605249384266 -0.6299605249384274
0.6299605249384266 1.2599210493945738 -0.629960524964763
-0.6299605249384274 -0.629960524964763 1.259921050288566

# Matrix 1122
1.587401050715071 -0.7937005253437732 -0.7937005253435092
-0.7937005253437732 1.1905507889619709 0.39685026289662684
-0.7937005253435092 0.39685026289662684 1.19055078896254

# Matrix 1123
1.259921049729886 -0.629960524370019 0.6299605245653955
-0.629960524370019 1.259921049038579 -0.6299605245027952
0.6299605245653955 -0.6299605245027952 1.259921049980088

# Matrix 1124
1.2599210462163508 -0.6299605231049747 0.6299605231050506
-0.6299605231049747 1.2599210518674455 5.931018842719787e-9
0.6299605231050506 5.931018842719787e-9 1.2599210518678794

# Matrix 1125
1.2599210497581241 -0.6299605247038133 0.6299605245962737
-0.6299605247038133 1.2599210497228752 4.1632647329592864e-10
0.6299605245962737 4.1632647329592864e-10 1.2599210497337059

# Matrix 1126
1.1905507889635096 -0.39685026189997197 -0.39685026378567184
-0.39685026189997197 1.1905507889745333 -0.39685026328712275
-0.39685026378567184 -0.39685026328712275 1.190550788987023

# Matrix 1127
1.259921049919202 -0.6299605222120421 0.6299605219259876
-0.6299605222120421 1.2599210472707578 2.788934361230799e-9
0.6299605219259876 2.788934361230799e-9 1.2599210466700481

# Matrix 1128
1.259921049548557 -0.6299605247534155 -0.6299605247490206
-0.6299605247534155 1.2599210500506022 -5.527210356071026e-10
-0.6299605247490206 -5.527210356071026e-10 1.25992105004613

# Matrix 1129
1.1905507889709084 0.3968502630197489 0.3968502629816485
0.3968502630197489 1.1905507889840488 -0.39685026296881815
0.3968502629816485 -0.39685026296881815 1.1905507889675575

# Matrix 1130
1.1905507890177605 -0.3968502661779731 0.3968502616641035
-0.3968502661779731 1.1905507889219629 0.39685026114183336
0.3968502616641035 0.39685026114183336 1.1905507889964857

# Matrix 1131
1.259921049894869 0.6299605249474323 0.6299605249474339
0.6299605249474323 1.2599210498948714 0.6299605249474348
0.6299605249474339 0.6299605249474348 1.2599210498948736

# Matrix 1132
1.2599210501929325 0.6299605246380863 -0.6299605247537118
0.6299605246380863 1.2599210496754945 -0.6299605246362823
-0.6299605247537118 -0.6299605246362823 1.2599210492733728

# Matrix 1133
1.2599210509180607 -0.6299605252587431 0.6299605253114237
-0.6299605252587431 1.259921049240834 -1.2931479775879348e-9
0.6299605253114237 -1.2931479775879348e-9 1.2599210492229551

# Matrix 1134
1.1905507891138496 -0.3968502625021629 0.3968502628654726
-0.3968502625021629 1.1905507877314436 0.3968502623650373
0.3968502628654726 0.3968502623650373 1.1905507888396782

# Matrix 1135
1.1905507888808111 -0.39685025804579227 0.3968502707038229
-0.39685025804579227 1.1905507890772713 0.39685026012311275
0.3968502707038229 0.39685026012311275 1.1905507888669442

# Matrix 1136
1.1905507885902458 0.39685026272143725 -0.3968502625645713
0.39685026272143725 1.190550789131602 0.39685026330295464
-0.3968502625645713 0.39685026330295464 1.1905507888194147

# Matrix 1137
1.259921048067217 0.6299605234631853 -0.6299605236487349
0.6299605234631853 1.2599210495365785 1.924653103557653e-9
-0.6299605236487349 1.924653103557653e-9 1.2599210502625415

# Matrix 1138
1.2599210498948585 -0.6299605249474234 -0.6299605249474254
-0.6299605249474234 1.2599210498948696 0.6299605249474514
-0.6299605249474254 0.6299605249474514 1.2599210498948845

# Matrix 1139
1.2599210498892823 0.6299605249445577 -0.6299605249443049
0.6299605249445577 1.259921049897931 -0.6299605249526654
-0.6299605249443049 -0.6299605249526654 1.2599210498968851

# Matrix 1140
1.259921049901227 0.6299605249363125 0.6299605249452215
0.6299605249363125 1.2599210498705233 1.477484801171159e-12
0.6299605249452215 1.477484801171159e-12 1.2599210498919808

# Matrix 1141
1.1905507889761293 -0.39685026300601717 0.3968502629991431
-0.39685026300601717 1.1905507889761613 0.3968502629709744
0.3968502629991431 0.3968502629709744 1.1905507889761429

# Matrix 1142
1.1905507889738332 0.39685026297679626 -0.39685026300963006
0.39685026297679626 1.1905507889781783 0.39685026298739084
-0.39685026300963006 0.39685026298739084 1.1905507889741045

# Matrix 1143
1.259921050087056 0.6299605242819578 0.6299605242233766
0.6299605242819578 1.259921049277629 0.6299605239515316
0.6299605242233766 0.6299605239515316 1.259921048729639

# Matrix 1144
1.2599210517017911 -0.629960522468752 -0.629960522564002
-0.629960522468752 1.2599210455997 -4.760754568344808e-10
-0.629960522564002 -4.760754568344808e-10 1.2599210456153807

# Matrix 1145
1.2599210498346833 -0.6299605248981026 0.6299605244904377
-0.6299605248981026 1.2599210495910413 -2.134348253690611e-12
0.6299605244904377 -2.134348253690611e-12 1.2599210496024253

# Matrix 1146
1.259921051292938 0.6299605250615851 -0.6299605250508457
0.6299605250615851 1.259921048628991 -1.509879832273249e-9
-0.6299605250508457 -1.509879832273249e-9 1.2599210485801593

# Matrix 1147
1.2599210496039634 0.6299605245834123 -0.6299605246654131
0.6299605245834123 1.2599210497827744 6.151419928990264e-10
-0.6299605246654131 6.151419928990264e-10 1.2599210499435494

# Matrix 1148
1.2599210498302318 -0.629960524904453 -0.6299605248755425
-0.629960524904453 1.2599210499297337 -1.6273016267831565e-10
-0.6299605248755425 -1.6273016267831565e-10 1.2599210499015179

# Matrix 1149
1.2599210498953028 -0.6299605249456488 -0.6299605249459941
-0.6299605249456488 1.2599210498926554 -1.662003867863854e-12
-0.6299605249459941 -1.662003867863854e-12 1.2599210498933189

# Matrix 1150
1.2599210498904698 -0.6299605249439933 -0.629960524942354
-0.6299605249439933 1.259921049894361 -6.694533816187193e-12
-0.629960524942354 -6.694533816187193e-12 1.2599210498943518

# Matrix 1151
1.1905507889776505 0.39685026301449683 0.39685026298468506
0.39685026301449683 1.190550788975252 -0.3968502629778794
0.39685026298468506 -0.3968502629778794 1.190550788976458

# Matrix 1152
1.1905507889783098 0.39685026297384357 -0.39685026301922804
0.39685026297384357 1.19055078897533 0.3968502629864484
-0.39685026301922804 0.3968502629864484 1.190550788978179

# Matrix 1153
1.25992104987011 -0.6299605244064617 0.629960524380212
-0.6299605244064617 1.2599210499154818 -0.6299605243904309
0.629960524380212 -0.6299605243904309 1.2599210487888908

# Matrix 1154
1.2599210489593906 -0.62996052446191 -0.629960524352536
-0.62996052446191 1.2599210503718032 -1.4125757785699093e-9
-0.629960524352536 -1.4125757785699093e-9 1.2599210501664007

# Matrix 1155
1.1905507890707157 -0.39685026225358944 0.3968502634335253
-0.39685026225358944 1.1905507888726983 0.39685026318199207
0.3968502634335253 0.39685026318199207 1.1905507888779918

# Matrix 1156
1.1905507889828604 0.39685026339456075 0.3968502656395369
0.39685026339456075 1.1905507890307854 -0.39685025997121826
0.3968502656395369 -0.39685025997121826 1.190550788943969

# Matrix 1157
1.2599210498932714 -0.6299605249452517 -0.6299605249447999
-0.6299605249452517 1.2599210498936426 0.6299605249449809
-0.6299605249447999 0.6299605249449809 1.259921049892854

# Matrix 1158
1.2599210500207898 0.6299605249083569 0.6299605249126765
0.6299605249083569 1.259921049732984 8.36651303792729e-11
0.6299605249126765 8.36651303792729e-11 1.2599210497346438

# Matrix 1159
1.1905507889711113 0.3968502627491695 -0.3968502636268891
0.3968502627491695 1.1905507889444586 0.3968502625412827
-0.3968502636268891 0.3968502625412827 1.1905507889540703

# Matrix 1160
1.2599210498965612 -0.629960524945305 -0.6299605249476466
-0.629960524945305 1.259921049889887 6.316613898604809e-13
-0.6299605249476466 6.316613898604809e-13 1.2599210498946256

# Matrix 1161
1.259921049923748 -0.6299605248678671 0.6299605249460704
-0.6299605248678671 1.2599210498164837 2.5544788506692875e-11
0.6299605249460704 2.5544788506692875e-11 1.2599210498438782

# Matrix 1162
1.190550789416486 -0.3968502627391337 -0.3968502643350415
-0.3968502627391337 1.190550789739235 -0.3968502625494553
-0.3968502643350415 -0.3968502625494553 1.190550788420209

# Matrix 1163
1.2599210499172864 0.6299605249367924 0.629960524905991
0.6299605249367924 1.2599210499257383 -2.0466850436661962e-11
0.629960524905991 -2.0466850436661962e-11 1.2599210497783153

# Matrix 1164
1.259921049875539 0.6299605249365047 -0.6299605249365057
0.6299605249365047 1.2599210499027345 2.8648305949729634e-11
-0.6299605249365057 2.8648305949729634e-11 1.2599210499027387

# Matrix 1165
1.2599210498966795 0.6299605249473775 -0.6299605249473978
0.6299605249473775 1.2599210498929865 -1.887601186467682e-12
-0.6299605249473978 -1.887601186467682e-12 1.2599210498929625

# Matrix 1166
1.2599210499224618 -0.6299605249191164 0.6299605249198416
-0.6299605249191164 1.2599210498388294 1.2545520178264225e-14
0.6299605249198416 1.2545520178264225e-14 1.2599210498395865

# Matrix 1167
1.259921049913783 0.6299605242252331 0.629960523820109
0.6299605242252331 1.2599210495720434 -2.08781020250016e-9
0.629960523820109 -2.08781020250016e-9 1.2599210491183221

# Matrix 1168
1.2599210498259097 -0.6299605246184831 -0.6299605247099034
-0.6299605246184831 1.2599210494018322 0.6299605246826843
-0.6299605247099034 0.6299605246826843 1.259921049902718

# Matrix 1169
1.2599210496858817 -0.6299605247672092 0.629960524768101
-0.6299605247672092 1.259921049851645 -0.6299605247774993
0.629960524768101 -0.6299605247774993 1.2599210497940925

# Matrix 1170
1.1905507889763336 0.396850262992007 -0.39685026299251225
0.396850262992007 1.1905507889759417 0.39685026299175197
-0.39685026299251225 0.39685026299175197 1.190550788976295

# Matrix 1171
1.2599210513431776 0.6299605242218194 0.6299605242411477
0.6299605242218194 1.2599210477107088 7.467879648004308e-10
0.6299605242411477 7.467879648004308e-10 1.2599210477408984

# Matrix 1172
1.2599210498799955 -0.6299605248619066 -0.6299605248343015
-0.6299605248619066 1.2599210498548246 -2.19388895938973e-10
-0.6299605248343015 -2.19388895938973e-10 1.2599210498361313

# Matrix 1173
1.2599210498950566 0.6299605249474335 -0.6299605249473378
0.6299605249474335 1.2599210498947284 -1.23123733430929e-13
-0.6299605249473378 -1.23123733430929e-13 1.2599210498945554

# Matrix 1174
1.2599210498943685 0.6299605249470004 -0.6299605249470134
0.6299605249470004 1.2599210498949336 9.320877403240441e-13
-0.6299605249470134 9.320877403240441e-13 1.2599210498949611

# Matrix 1175
1.2599210500910398 0.6299605247719895 -0.6299605247837122
0.6299605247719895 1.2599210494883413 -1.419544481962027e-10
-0.6299605247837122 -1.419544481962027e-10 1.2599210494929847

# Matrix 1176
1.1905507889718248 0.39685026294894793 -0.39685026302607473
0.39685026294894793 1.1905507889804163 0.3968502630079543
-0.39685026302607473 0.3968502630079543 1.1905507889830353

# Matrix 1177
1.190550788979654 -0.3968502630192748 -0.396850262981853
-0.3968502630192748 1.1905507889737814 -0.39685026297666937
-0.396850262981853 -0.39685026297666937 1.1905507889766611

# Matrix 1178
1.2599210499133182 0.6299605249400149 -0.6299605249435296
0.6299605249400149 1.2599210498706173 -5.711653372486564e-12
-0.6299605249435296 -5.711653372486564e-12 1.259921049875623

# Matrix 1179
1.259921049899739 0.6299605249414746 0.6299605249429776
0.6299605249414746 1.259921049883273 5.190292640122583e-14
0.6299605249429776 5.190292640122583e-14 1.2599210498860567

# Matrix 1180
1.2599210498214346 0.6299605248653095 0.6299605248651381
0.6299605248653095 1.2599210498852513 -1.5655082785670373e-10
0.6299605248651381 -1.5655082785670373e-10 1.2599210498875464

# Matrix 1181
1.2599210498952094 0.6299605249473444 -0.6299605249474046
0.6299605249473444 1.2599210498943871 -2.29427588038789e-13
-0.6299605249474046 -2.29427588038789e-13 1.2599210498945925

# Matrix 1182
1.2599210497839926 0.6299605248880147 -0.6299605248874316
0.6299605248880147 1.2599210499389777 -0.6299605250214153
-0.6299605248874316 -0.6299605250214153 1.2599210499313507

# Matrix 1183
1.2599210498935114 -0.6299605249463394 -0.6299605249467161
-0.6299605249463394 1.2599210498949727 -2.1241342018640985e-12
-0.6299605249467161 -2.1241342018640985e-12 1.2599210498955817

# Matrix 1184
1.2599210498475162 0.6299605245684182 -0.6299605248495098
0.6299605245684182 1.2599210497524715 -0.6299605247664543
-0.6299605248495098 -0.6299605247664543 1.2599210496460138

# Matrix 1185
1.2599210490381605 -0.6299605244667085 0.6299605244765398
-0.6299605244667085 1.2599210502622127 1.3127166020865273e-9
0.6299605244765398 1.3127166020865273e-9 1.2599210502761289

# Matrix 1186
1.2599210510940828 0.629960525186653 -0.6299605253740762
0.629960525186653 1.259921049266381 -7.49158735047212e-10
-0.6299605253740762 -7.49158735047212e-10 1.2599210493127884

# Matrix 1187
1.2599210499186733 0.6299605249097117 0.6299605249176171
0.6299605249097117 1.2599210498299622 -1.4261702929729792e-11
0.6299605249176171 -1.4261702929729792e-11 1.259921049847499

# Matrix 1188
1.190550788892043 0.39685026310920696 -0.3968502638206794
0.39685026310920696 1.1905507889972546 0.39685026214347746
-0.3968502638206794 0.39685026214347746 1.1905507891363656

# Matrix 1189
1.2599210501505291 0.629960525020886 0.6299605249704985
0.629960525020886 1.2599210498331754 3.015225846780841e-10
0.6299605249704985 3.015225846780841e-10 1.259921049543363

# Matrix 1190
1.2599210487569463 -5.612694753409636e-10 -0.6299605240026166
-5.612694753409636e-10 1.2599210487678865 -0.6299605239782483
-0.6299605240026166 -0.6299605239782483 1.259921049960185

# Matrix 1191
1.190550788950507 -0.396850261129584 0.39685026633799625
-0.396850261129584 1.190550789001855 0.3968502614817322
0.39685026633799625 0.3968502614817322 1.1905507889492495

# Matrix 1192
1.1905507888293099 0.39685026248166433 -0.3968502635594263
0.39685026248166433 1.1905507888467 0.3968502624378179
-0.3968502635594263 0.3968502624378179 1.1905507887551978

# Matrix 1193
1.2599210499436555 -0.6299605249277218 0.6299605249306427
-0.6299605249277218 1.2599210498248934 -3.0528857219991026e-11
0.6299605249306427 -3.0528857219991026e-11 1.2599210498307796

# Matrix 1194
1.2599210501204985 0.6299605248539966 0.629960524784794
0.6299605248539966 1.2599210499828366 8.839551313144554e-11
0.629960524784794 8.839551313144554e-11 1.2599210491057022

# Matrix 1195
1.259921051274512 0.6299605251734863 -0.6299605251611287
0.6299605251734863 1.259921049497875 -9.829300151586923e-10
-0.6299605251611287 -9.829300151586923e-10 1.2599210483833887

# Matrix 1196
1.2599210506900425 0.6299605241634038 -0.6299605243482854
0.6299605241634038 1.2599210483595316 -6.217049097756489e-11
-0.6299605243482854 -6.217049097756489e-11 1.2599210484842969

# Matrix 1197
1.1905507882322592 0.3968502603626204 0.3968502658519405
0.3968502603626204 1.1905507896447987 -0.3968502632618286
0.3968502658519405 -0.3968502632618286 1.1905507895516307

# Matrix 1198
1.2599210495094588 0.6299605240872428 0.629960523996864
0.6299605240872428 1.259921049330662 -1.3282564492733804e-9
0.629960523996864 -1.3282564492733804e-9 1.2599210494441193

# Matrix 1199
1.2599210499490667 0.6299605247841478 -0.6299605248191653
0.6299605247841478 1.2599210496167061 -7.48864303901087e-11
-0.6299605248191653 -7.48864303901087e-11 1.2599210496621112

# Matrix 1200
1.2599210497582605 0.6299605246745321 -0.629960524613492
0.6299605246745321 1.2599210497189404 3.9951469910093015e-10
-0.629960524613492 3.9951469910093015e-10 1.2599210497101672

# Matrix 1201
1.259921049895086 -0.6299605249475106 -0.6299605249474937
-0.6299605249475106 1.2599210498947275 2.8455016121142666e-13
-0.6299605249474937 2.8455016121142666e-13 1.2599210498947204

# Matrix 1202
1.2599210495746769 0.6299605247751056 -0.6299605247751505
0.6299605247751056 1.2599210499500566 -0.629960525037863
-0.6299605247751505 -0.629960525037863 1.2599210499904256

# Matrix 1203
1.259921048897049 0.62996052428191 0.6299605242519871
0.62996052428191 1.2599210497386297 -7.841865490298753e-10
0.6299605242519871 -7.841865490298753e-10 1.2599210500897053

# Matrix 1204
1.259921049895482 0.6299605249477137 -0.6299605249465747
0.6299605249477137 1.2599210498951006 -0.6299605249465757
-0.6299605249465747 -0.6299605249465757 1.259921049893073

# Matrix 1205
1.2599210501753912 -0.6299605247696396 0.6299605249986449
-0.6299605247696396 1.2599210493740975 6.478355074612705e-10
0.6299605249986449 6.478355074612705e-10 1.2599210503047302

# Matrix 1206
1.2599210497211282 -0.6299605239194883 0.6299605240499163
-0.6299605239194883 1.2599210493916886 1.7128213847250619e-9
0.6299605240499163 1.7128213847250619e-9 1.2599210492043076

# Matrix 1207
1.2599210502916327 1.0989320287091435e-9 0.6299605245570309
1.0989320287091435e-9 1.2599210494029027 -0.6299605239499356
0.6299605245570309 -0.6299605239499356 1.259921049127841

# Matrix 1208
1.259921049893149 2.003550103601972e-12 0.6299605249461813
2.003550103601972e-12 1.2599210498937836 -0.6299605249453697
0.6299605249461813 -0.6299605249453697 1.259921049894663

# Matrix 1209
1.19055078898284 0.3968502629615056 0.39685026346829244
0.3968502629615056 1.190550788971812 -0.39685026254497763
0.39685026346829244 -0.39685026254497763 1.1905507889724225

# Matrix 1210
1.1905507889713454 0.3968502629776929 -0.39685026302683596
0.3968502629776929 1.1905507889805067 0.3968502629664551
-0.39685026302683596 0.3968502629664551 1.1905507889714306

# Matrix 1211
1.1905507890621998 -0.39685026389292916 -0.39685026338180035
-0.39685026389292916 1.190550789179066 -0.39685026142528557
-0.39685026338180035 -0.39685026142528557 1.190550788411048

# Matrix 1212
1.259921049894854 0.6299605249474252 0.629960524947419
0.6299605249474252 1.2599210498948827 -7.210898544940331e-14
0.629960524947419 -7.210898544940331e-14 1.2599210498948985

# Matrix 1213
1.2599210500088567 0.6299605245834677 0.6299605245042127
0.6299605245834677 1.2599210493791009 4.9299508919631475e-11
0.6299605245042127 4.9299508919631475e-11 1.2599210491495443

# Matrix 1214
1.2599210499005418 -0.6299605249487055 -0.6299605249482306
-0.6299605249487055 1.2599210498905498 7.162881399125282e-12
-0.6299605249482306 7.162881399125282e-12 1.2599210498896138

# Matrix 1215
1.1905507886241815 0.39685026354711495 0.39685026581787486
0.39685026354711495 1.1905507890819012 -0.39685025926973566
0.39685026581787486 -0.39685025926973566 1.1905507888809421

# Matrix 1216
1.2599210498604125 0.6299605248312931 0.6299605248090905
0.6299605248312931 1.2599210497872806 -1.5474427295103334e-10
0.6299605248090905 -1.5474427295103334e-10 1.2599210498122566

# Matrix 1217
1.1905507889754243 0.39685026300587795 0.39685026298701076
0.39685026300587795 1.190550788976766 -0.39685026298277
0.39685026298701076 -0.39685026298277 1.1905507889757678

# Matrix 1218
1.25992105055 0.6299605240841448 -0.6299605250414428
0.6299605240841448 1.2599210482557823 4.4532622034410203e-10
-0.6299605250414428 4.4532622034410203e-10 1.2599210499316316

# Matrix 1219
1.2599210494041067 0.6299605245202364 -0.6299605246349955
0.6299605245202364 1.2599210499056925 7.309279848044415e-10
-0.6299605246349955 7.309279848044415e-10 1.2599210500395062

# Matrix 1220
1.2599210506240583 -0.6299605252974877 -0.6299605250155298
-0.6299605252974877 1.2599210488859187 0.6299605225371373
-0.6299605250155298 0.6299605225371373 1.259921048846539

# Matrix 1221
1.2599210498971753 -0.6299605249441831 0.6299605249451041
-0.6299605249441831 1.259921049888855 4.902189765232325e-13
0.6299605249451041 4.902189765232325e-13 1.2599210498907008

# Matrix 1222
1.2599210498961078 -0.6299605249461315 -0.6299605249465666
-0.6299605249461315 1.2599210498923523 2.77555756156294e-16
-0.6299605249465666 2.77555756156294e-16 1.259921049892848

# Matrix 1223
1.1905507889646967 -0.3968502580082727 0.39685027014883917
-0.3968502580082727 1.1905507890654163 0.39685026089401965
0.39685027014883917 0.39685026089401965 1.1905507889733178

# Matrix 1224
1.259921050861647 0.629960525381388 0.629960525239008
0.629960525381388 1.2599210495423043 6.327796064908759e-10
0.629960525239008 6.327796064908759e-10 1.2599210495039215

# Matrix 1225
1.2599210485990053 -0.6299605239510091 -0.6299605241554732
-0.6299605239510091 1.2599210503330867 -2.1364703339799127e-9
-0.6299605241554732 -2.1364703339799127e-9 1.259921050224276

# Matrix 1226
1.2599210498980677 -0.6299605249070483 -0.6299605249119197
-0.6299605249070483 1.2599210498374391 -1.298328111687395e-11
-0.6299605249119197 -1.298328111687395e-11 1.2599210498554965

# Matrix 1227
1.2599210494915825 -0.6299605247415335 -0.6299605247224082
-0.6299605247415335 1.2599210500693718 0.6299605253649921
-0.6299605247224082 0.6299605253649921 1.259921050114748

# Matrix 1228
1.2599210485799797 -0.6299605242863694 -0.6299605242863676
-0.6299605242863694 1.2599210505601193 -2.011099786702874e-9
-0.6299605242863676 -2.011099786702874e-9 1.259921050560703

# Matrix 1229
1.2599210491289379 0.6299605234235143 0.6299605233840748
0.6299605234235143 1.2599210490945723 -2.2796691201420398e-9
0.6299605233840748 -2.2796691201420398e-9 1.2599210491198218

# Matrix 1230
1.1905507894688927 -0.3968502625675293 -0.3968502642795166
-0.3968502625675293 1.1905507889421925 -0.3968502626457309
-0.3968502642795166 -0.3968502626457309 1.190550789033991

# Matrix 1231
1.259921049895326 -0.6299605249380866 0.6299605249428013
-0.6299605249380866 1.259921049882558 6.126876783696435e-12
0.6299605249428013 6.126876783696435e-12 1.2599210498920226

# Matrix 1232
1.587401049543324 0.7937005247641201 -0.793700524764456
0.7937005247641201 1.1905507889615943 -0.3968502632300933
-0.793700524764456 -0.3968502632300933 1.1905507889759572

# Matrix 1233
1.2599210487770374 -0.6299605232973955 -0.6299605236216917
-0.6299605232973955 1.2599210497266873 -1.844156660713032e-9
-0.6299605236216917 -1.844156660713032e-9 1.2599210488152304

# Matrix 1234
1.2599210504102663 0.629960524781322 0.6299605248077952
0.629960524781322 1.2599210492073192 -3.105411483517178e-10
0.6299605248077952 -3.105411483517178e-10 1.2599210496945894

# Matrix 1235
1.2599210498982236 0.6299605249439151 0.6299605249438286
0.6299605249439151 1.2599210498879971 -1.50490730987941e-13
0.6299605249438286 -1.50490730987941e-13 1.2599210498878761

# Matrix 1236
1.2599210498928366 0.62996052494622 0.6299605249452344
0.62996052494622 1.259921049894126 -1.176281294590354e-12
0.6299605249452344 -1.176281294590354e-12 1.2599210498945614

# Matrix 1237
1.25992104927974 0.6299605243047098 -0.6299605243417189
0.6299605243047098 1.259921049687039 -0.6299605243104015
-0.6299605243417189 -0.6299605243104015 1.2599210494608544

# Matrix 1238
1.2599210499004163 -0.629960524944177 -0.6299605249430842
-0.629960524944177 1.2599210498837878 5.028866212342131e-12
-0.6299605249430842 5.028866212342131e-12 1.259921049885066

# Matrix 1239
1.2599210493005335 0.6299605245576659 -0.6299605245479429
0.6299605245576659 1.259921049183159 -0.6299605245952118
-0.6299605245479429 -0.6299605245952118 1.2599210504399345

# Matrix 1240
1.1905507887051516 0.39685025831941767 -0.3968502693318233
0.39685025831941767 1.1905507886240587 0.3968502608804917
-0.3968502693318233 0.3968502608804917 1.1905507891548215

# Matrix 1241
1.2599210498933104 0.6299605249361442 -0.6299605249463184
0.6299605249361442 1.2599210498857747 -0.6299605249557895
-0.6299605249463184 -0.6299605249557895 1.259921049902829

# Matrix 1242
1.2599210498948865 -0.6299605249473924 -0.6299605249473494
-0.6299605249473924 1.2599210498948814 0.6299605249473542
-0.6299605249473494 0.6299605249473542 1.2599210498947093

# Matrix 1243
1.190550788978415 0.3968502630392178 0.3968502629755378
0.3968502630392178 1.1905507889707272 -0.39685026295996323
0.3968502629755378 -0.39685026295996323 1.1905507889778761

# Matrix 1244
1.2599210499046207 -0.629960524945467 -0.6299605249446347
-0.629960524945467 1.2599210498802982 1.6651513501386516e-11
-0.6299605249446347 1.6651513501386516e-11 1.2599210498789883

# Matrix 1245
1.2599210498802043 -0.6299605249387512 0.6299605249380446
-0.6299605249387512 1.2599210499002769 2.109579178011219e-11
0.6299605249380446 2.109579178011219e-11 1.259921049898989

# Matrix 1246
1.2599210499630173 -0.6299605249637842 0.6299605249591277
-0.6299605249637842 1.2599210498668685 -2.5400348491189113e-11
0.6299605249591277 -2.5400348491189113e-11 1.2599210498524702

# Matrix 1247
1.2599210498832438 -0.6299605247685255 0.6299605248578367
-0.6299605247685255 1.2599210496900162 1.2923390135810523e-10
0.6299605248578367 1.2923390135810523e-10 1.259921049843377

# Matrix 1248
1.2599210498944176 0.6299605249424487 0.6299605249428573
0.6299605249424487 1.2599210498901519 -5.239086942054843e-12
0.6299605249428573 -5.239086942054843e-12 1.2599210498909386

# Matrix 1249
1.2599210499196587 -0.629960524667592 -0.6299605246592377
-0.629960524667592 1.2599210495867752 -2.614136684897504e-10
-0.6299605246592377 -2.614136684897504e-10 1.259921049586808

# Matrix 1250
1.2599210486347392 -0.6299605225710587 -0.6299605217533291
-0.6299605225710587 1.259921048264547 -4.390607266646672e-9
-0.6299605217533291 -4.390607266646672e-9 1.2599210487051355

# Matrix 1251
1.2599210498531292 0.6299605245663421 0.6299605248328082
0.6299605245663421 1.2599210496312843 -4.2664338728571145e-10
0.6299605248328082 -4.2664338728571145e-10 1.2599210498375857

# Matrix 1252
1.259921049897422 0.6299605249477588 -0.629960524947349
0.6299605249477588 1.2599210498925968 -2.4418245203605677e-12
-0.629960524947349 -2.4418245203605677e-12 1.259921049892436

# Matrix 1253
1.2599210491127406 0.6299605234163768 0.6299605227172836
0.6299605234163768 1.259921049041571 -2.9025498671231135e-9
0.6299605227172836 -2.9025498671231135e-9 1.2599210487111017

# Matrix 1254
1.2599210498870554 -0.6299605249299282 0.6299605249356449
-0.6299605249299282 1.2599210498880222 2.2412072198107802e-11
0.6299605249356449 2.2412072198107802e-11 1.2599210498880222

# Matrix 1255
1.2599210498127882 0.6299605248812156 0.6299605249009891
0.6299605248812156 1.2599210498495577 6.411760011815148e-11
0.6299605249009891 6.411760011815148e-11 1.2599210498566655

# Matrix 1256
1.2599210499006284 0.6299605249416934 -0.629960524941703
0.6299605249416934 1.2599210498833708 -1.7985612998927716e-14
-0.629960524941703 -1.7985612998927716e-14 1.2599210498833877

# Matrix 1257
1.259921049835568 -0.629960524853648 -0.6299605248544125
-0.629960524853648 1.2599210498711624 -1.8721241223928905e-10
-0.6299605248544125 -1.8721241223928905e-10 1.2599210498733817

# Matrix 1258
1.2599210495354327 0.6299605244683658 -0.6299605241114093
0.6299605244683658 1.2599210493899589 -0.6299605241112691
-0.6299605241114093 -0.6299605241112691 1.2599210493250512

# Matrix 1259
1.2599210503088991 -0.629960524363194 -0.6299605251234711
-0.629960524363194 1.2599210489317259 -7.696249193500678e-11
-0.6299605251234711 -7.696249193500678e-11 1.259921049813017

# Matrix 1260
1.2599210498886129 0.6299605249408701 0.6299605249408928
0.6299605249408701 1.259921049894569 -1.2823297979025218e-11
0.6299605249408928 -1.2823297979025218e-11 1.2599210498945932

# Matrix 1261
1.259921050077362 -0.6299605244951718 0.6299605245397463
-0.6299605244951718 1.2599210492809838 2.393726328264726e-10
0.6299605245397463 2.393726328264726e-10 1.2599210492784192

# Matrix 1262
1.2599210499625872 0.629960524840819 0.6299605248736966
0.629960524840819 1.2599210497168607 -2.5468516184901207e-13
0.6299605248736966 -2.5468516184901207e-13 1.2599210497422932

# Matrix 1263
1.2599210498639453 -0.629960524924599 -0.6299605248589548
-0.629960524924599 1.259921049839557 0.629960524905434
-0.6299605248589548 0.629960524905434 1.2599210498789022

# Matrix 1264
1.2599210498949165 0.6299605249470681 0.6299605249471774
0.6299605249470681 1.2599210498948663 -5.899170041345717e-13
0.6299605249471774 -5.899170041345717e-13 1.259921049894379

# Matrix 1265
1.2599210499317008 -0.6299605249337159 -0.629960524934427
-0.6299605249337159 1.2599210498422118 2.782890584640559e-11
-0.629960524934427 2.782890584640559e-11 1.259921049844238

# Matrix 1266
1.2599210498940367 0.6299605249466086 0.6299605249467806
0.6299605249466086 1.2599210498945632 -1.4099832412739547e-12
0.6299605249467806 -1.4099832412739547e-12 1.2599210498952595

# Matrix 1267
1.2599210506671965 -0.6299605243084124 -0.6299605234106437
-0.6299605243084124 1.259921048329857 -9.096940978281392e-10
-0.6299605234106437 -9.096940978281392e-10 1.2599210481354983

# Matrix 1268
1.259921049664184 -2.0192453265011086e-10 0.6299605247307549
-2.0192453265011086e-10 1.2599210496663245 0.6299605247304129
0.6299605247307549 0.6299605247304129 1.2599210499065585

# Matrix 1269
1.2599210498335451 0.6299605247532702 0.6299605247141395
0.6299605247532702 1.2599210497709792 -2.165571055812171e-10
0.6299605247141395 -2.165571055812171e-10 1.2599210496749578

# Matrix 1270
1.2599210498772588 0.6299605249368251 -0.6299605249368121
0.6299605249368251 1.2599210499018494 2.8199331758571068e-11
-0.6299605249368121 2.8199331758571068e-11 1.2599210499018672

# Matrix 1271
1.2599210494871098 -0.6299605247434924 -0.6299605247435478
-0.6299605247434924 1.2599210500985079 0.6299605253546791
-0.6299605247435478 0.6299605253546791 1.259921050098608

# Matrix 1272
1.259921049273896 -4.907547354604516e-10 0.6299605244183292
-4.907547354604516e-10 1.2599210492729669 0.6299605243549937
0.6299605244183292 0.6299605243549937 1.2599210499508628

# Matrix 1273
1.2599210502347724 -0.6299605250494545 0.6299605250486053
-0.6299605250494545 1.2599210499456175 4.210826132222632e-10
0.6299605250486053 4.210826132222632e-10 1.2599210499425673

# Matrix 1274
1.1905507889408533 -0.39685026088164255 -0.3968502671354295
-0.39685026088164255 1.1905507889939615 -0.3968502608912698
-0.3968502671354295 -0.3968502608912698 1.1905507889258267

# Matrix 1275
1.259921049824573 0.6299605248305085 -0.6299605249080311
0.6299605248305085 1.2599210498302844 4.5879133825365944e-11
-0.6299605249080311 4.5879133825365944e-11 1.2599210498753364

# Matrix 1276
1.2599210522052056 0.6299605238521007 -0.6299605239114913
0.6299605238521007 1.2599210464927673 -9.95457771768561e-10
-0.6299605239114913 -9.95457771768561e-10 1.2599210467111888

# Matrix 1277
1.2599210497225268 0.6299605245876697 -0.6299605243251538
0.6299605245876697 1.2599210496798778 5.733224450743407e-10
-0.6299605243251538 5.733224450743407e-10 1.259921049412479

# Matrix 1278
1.2599210520415218 0.6299605232806565 0.6299605234964677
0.6299605232806565 1.2599210459728842 5.866130914355925e-10
0.6299605234964677 5.866130914355925e-10 1.2599210464065898

# Matrix 1279
1.2599210498942897 0.6299605249455654 -0.6299605249462393
0.6299605249455654 1.259921049893548 2.0813906154160215e-12
-0.6299605249462393 2.0813906154160215e-12 1.2599210498942728

# Matrix 1280
1.2599210493996758 0.6299605245292491 -0.6299605246174721
0.6299605245292491 1.2599210492001258 6.109368566597905e-11
-0.6299605246174721 6.109368566597905e-11 1.2599210502930769

# Matrix 1281
1.2599210498912095 0.629960524945346 -0.6299605249446419
0.629960524945346 1.2599210498962208 6.08768591092709e-12
-0.6299605249446419 6.08768591092709e-12 1.2599210498959554

# Matrix 1282
1.2599210507070864 -0.6299605248188633 -0.6299605250943789
-0.6299605248188633 1.259921050061253 -2.536260645946616e-10
-0.6299605250943789 -2.536260645946616e-10 1.259921048839119

# Matrix 1283
1.1905507888268576 0.39685026589270406 0.3968502613707461
0.39685026589270406 1.1905507890953493 -0.3968502614638483
0.3968502613707461 -0.3968502614638483 1.190550788757391

# Matrix 1284
1.2599210498939608 -0.6299605249453166 0.6299605249452584
-0.6299605249453166 1.2599210498665743 -0.6299605249146214
0.6299605249452584 -0.6299605249146214 1.259921049899342

# Matrix 1285
1.2599210498943199 -1.109196068327374e-12 -0.6299605249466056
-1.109196068327374e-12 1.2599210498943243 -0.6299605249466008
-0.6299605249466056 -0.6299605249466008 1.2599210498945879

# Matrix 1286
1.2599210498798574 -0.6299605248739891 0.6299605249098895
-0.6299605248739891 1.2599210498474753 1.5550133403152723e-10
0.6299605249098895 1.5550133403152723e-10 1.259921049917967

# Matrix 1287
1.2599210498946236 0.6299605249472343 0.6299605249472399
0.6299605249472343 1.2599210498952025 -5.197509089782646e-13
0.6299605249472399 -5.197509089782646e-13 1.2599210498946913

# Matrix 1288
1.259921049697651 1.322863978081565e-9 0.62996052423016
1.322863978081565e-9 1.2599210496991338 -0.629960524145554
0.62996052423016 -0.629960524145554 1.2599210493318673

# Matrix 1289
1.2599210499027573 0.6299605249355945 -0.6299605249404939
0.6299605249355945 1.2599210498722788 1.0049738818906921e-12
-0.6299605249404939 1.0049738818906921e-12 1.259921049882579

# Matrix 1290
1.2599210493875883 -0.6299605245229485 0.6299605242116003
-0.6299605245229485 1.2599210501055715 -0.6299605238830258
0.6299605242116003 -0.6299605238830258 1.2599210487083032

# Matrix 1291
1.2599210523067534 -0.6299605256495278 0.629960524953886
-0.6299605256495278 1.2599210483866266 -2.591736547596878e-9
0.629960524953886 -2.591736547596878e-9 1.2599210474041755

# Matrix 1292
1.2599210498964921 0.6299605249475291 0.6299605249471187
0.6299605249475291 1.2599210498905564 0.6299605249480269
0.6299605249471187 0.6299605249480269 1.2599210498978142

# Matrix 1293
1.2599210498038773 -0.629960524726334 -0.6299605247616041
-0.629960524726334 1.2599210497728224 -3.1296970570692617e-10
-0.6299605247616041 -3.1296970570692617e-10 1.259921049804318

# Matrix 1294
1.2599210498995748 -0.6299605249390824 -0.6299605249470241
-0.6299605249390824 1.2599210498783633 3.3248959141473473e-12
-0.6299605249470241 3.3248959141473473e-12 1.259921049891209

# Matrix 1295
1.2599210498983229 -0.6299605248411804 -0.6299605248732537
-0.6299605248411804 1.2599210497987199 -1.4372397716399932e-10
-0.6299605248732537 -1.4372397716399932e-10 1.2599210498416573

# Matrix 1296
1.259921049856137 0.6299605248733849 -0.6299605248634963
0.6299605248733849 1.2599210498594426 1.0034167940986602e-10
-0.6299605248634963 1.0034167940986602e-10 1.25992104983819

# Matrix 1297
1.2599210498679372 -0.6299605227397328 0.629960522717311
-0.6299605227397328 1.2599210477402825 2.2612248185005566e-9
0.629960522717311 2.2612248185005566e-9 1.2599210476757556

# Matrix 1298
1.259921049890993 0.629960524876833 0.6299605247848387
0.629960524876833 1.2599210498712463 -1.2140416449923986e-10
0.6299605247848387 -1.2140416449923986e-10 1.2599210496936741

# Matrix 1299
1.190550788942405 0.3968502628747504 0.39685026305901033
0.3968502628747504 1.1905507890315592 -0.3968502630453541
0.39685026305901033 -0.3968502630453541 1.1905507889574496

# Matrix 1300
1.2599210499142763 0.6299605248844331 -0.6299605248911977
0.6299605248844331 1.259921049812761 5.305156314250314e-11
-0.6299605248911977 5.305156314250314e-11 1.259921049827492

# Matrix 1301
1.259921049485845 0.6299605242050192 0.6299605245305494
0.6299605242050192 1.2599210490199049 -3.668906845000165e-10
0.6299605245305494 -3.668906845000165e-10 1.2599210500140665

# Matrix 1302
1.2599210492618198 0.6299605246186599 0.6299605246142894
0.6299605246186599 1.2599210501288463 -7.133478807652663e-10
0.6299605246142894 -7.133478807652663e-10 1.2599210500979712

# Matrix 1303
1.259921050175323 0.6299605247287611 0.6299605249446825
0.6299605247287611 1.2599210494382467 -1.4515388890856715e-10
0.6299605249446825 -1.4515388890856715e-10 1.2599210497790965

# Matrix 1304
1.2599210498855802 -0.6299605249231574 -0.6299605249232897
-0.6299605249231574 1.2599210498798763 -3.379929669478104e-11
-0.6299605249232897 -3.379929669478104e-11 1.2599210498802254

# Matrix 1305
1.2599210511287655 0.6299605253664664 -0.6299605253559287
0.6299605253664664 1.2599210498820859 -0.6299605251731841
-0.6299605253559287 -0.6299605251731841 1.2599210493759478

# Matrix 1306
1.2599210496763076 0.6299605247455945 0.6299605248006458
0.6299605247455945 1.2599210498763507 -4.0937908618587797e-10
0.6299605248006458 -4.0937908618587797e-10 1.2599210500128915

# Matrix 1307
1.2599210499006457 0.6299605249311929 -0.6299605249402669
0.6299605249311929 1.2599210498672782 1.2253309478182962e-11
-0.6299605249402669 1.2253309478182962e-11 1.2599210498917226

# Matrix 1308
1.2599210499043891 -0.6299605249225172 -0.6299605249183409
-0.6299605249225172 1.259921049862475 -1.7461532220153134e-11
-0.6299605249183409 -1.7461532220153134e-11 1.2599210498542046

# Matrix 1309
1.2599210498203366 0.6299605247810426 0.6299605248971765
0.6299605247810426 1.2599210497026156 0.6299605245643911
0.6299605248971765 0.6299605245643911 1.2599210497618676

# Matrix 1310
1.2599210500441573 0.629960524784208 -0.6299605250143855
0.629960524784208 1.2599210494569255 -0.6299605248523021
-0.6299605250143855 -0.6299605248523021 1.2599210500559275

# Matrix 1311
1.2599210497255606 -0.6299605246944975 0.6299605247073167
-0.6299605246944975 1.2599210497670805 -0.6299605247625943
0.6299605247073167 -0.6299605247625943 1.2599210497400442

# Matrix 1312
1.5874010519636137 -0.7937005259814809 -0.7937005259816045
-0.7937005259814809 1.1905507889757603 0.39685026298756115
-0.7937005259816045 0.39685026298756115 1.1905507889760107

# Matrix 1313
1.259921049823843 -0.6299605247514921 0.6299605241836593
-0.6299605247514921 1.2599210498909628 9.109180076904852e-10
0.6299605241836593 9.109180076904852e-10 1.2599210493211404

# Matrix 1314
1.2599210500672435 0.629960524964688 -0.6299605250326878
0.629960524964688 1.2599210502148648 -3.394589609406768e-10
-0.6299605250326878 -3.394589609406768e-10 1.2599210492554185

# Matrix 1315
1.259921050774965 0.6299605251072887 -0.6299605252348556
0.6299605251072887 1.2599210494216124 -0.6299605245200595
-0.6299605252348556 -0.6299605245200595 1.259921049501305

# Matrix 1316
1.2599210496869002 0.6299605247056886 -0.629960524684605
0.6299605247056886 1.259921049865886 3.916668656067627e-10
-0.629960524684605 3.916668656067627e-10 1.2599210497894957

# Matrix 1317
1.259921049894852 0.62996052494742 -0.6299605249474205
0.62996052494742 1.2599210498948445 -6.322720125240232e-14
-0.6299605249474205 -6.322720125240232e-14 1.2599210498948445

# Matrix 1318
1.2599210499036106 0.629960524934433 -0.629960524948178
0.629960524934433 1.259921049892661 1.2939760374308541e-11
-0.629960524948178 1.2939760374308541e-11 1.2599210498777123

# Matrix 1319
1.2599210498948594 0.6299605249474133 0.6299605249473261
0.6299605249474133 1.2599210498948756 0.6299605249474736
0.6299605249473261 0.6299605249474736 1.25992104989482

# Matrix 1320
1.259921050930298 -0.6299605240400048 -0.6299605242596928
-0.6299605240400048 1.2599210478561755 2.2241886110663333e-10
-0.6299605242596928 2.2241886110663333e-10 1.2599210482778245

# Matrix 1321
1.2599210511142138 -0.6299605248657154 -0.6299605250458605
-0.6299605248657154 1.2599210497527928 1.3205381232949735e-11
-0.6299605250458605 1.3205381232949735e-11 1.2599210484246326

# Matrix 1322
1.1905507889761286 0.3968502629911311 0.3968502629929495
0.3968502629911311 1.1905507889757765 -0.39685026299210335
0.3968502629929495 -0.39685026299210335 1.190550788976578

# Matrix 1323
1.2599210500709084 0.6299605248026566 0.629960524806991
0.6299605248026566 1.2599210495715596 3.2614910772110606e-11
0.629960524806991 3.2614910772110606e-11 1.2599210495814293

# Matrix 1324
1.2599210499870614 -0.6299605249793369 0.6299605249813784
-0.6299605249793369 1.2599210498316973 -1.1944351063774956e-10
0.6299605249813784 -1.1944351063774956e-10 1.2599210498432916

# Matrix 1325
1.2599210513693124 0.6299605212928872 0.6299605215170656
0.6299605212928872 1.2599210447010152 -2.1009053385867535e-9
0.6299605215170656 -2.1009053385867535e-9 1.2599210450768554

# Matrix 1326
1.2599210494314654 -0.629960524477059 0.6299605240407659
-0.629960524477059 1.2599210496608693 1.1543117017787068e-9
0.6299605240407659 1.1543117017787068e-9 1.2599210496802304

# Matrix 1327
1.2599210499679612 -0.6299605249450775 -0.6299605249445994
-0.6299605249450775 1.2599210498221338 6.055600465515287e-11
-0.6299605249445994 6.055600465515287e-11 1.2599210498228626

# Matrix 1328
1.2599210511190362 -0.6299605236053035 -0.6299605233951814
-0.6299605236053035 1.2599210473875715 -1.2869205701093793e-10
-0.6299605233951814 -1.2869205701093793e-10 1.2599210469965678

# Matrix 1329
1.2599210498431663 0.6299605234814977 -0.6299605233479821
0.6299605234814977 1.259921048559635 1.705396324158681e-9
-0.6299605233479821 1.705396324158681e-9 1.2599210483487935

# Matrix 1330
1.1905507889652256 0.3968502629713548 0.3968502630323438
0.3968502629713548 1.190550788986957 -0.39685026297014536
0.3968502630323438 -0.39685026297014536 1.1905507889739606

# Matrix 1331
1.2599210501580445 0.6299605248393122 -0.6299605249489995
0.6299605248393122 1.2599210494929198 -1.5173662326617507e-10
-0.6299605249489995 -1.5173662326617507e-10 1.2599210497026916

# Matrix 1332
1.2599210499101923 0.6299605239564946 0.6299605249335584
0.6299605239564946 1.2599210488523511 -9.691196178884722e-10
0.6299605249335584 -9.691196178884722e-10 1.2599210502232892

# Matrix 1333
1.259921049788809 0.6299605248693427 0.6299605248798562
0.6299605248693427 1.2599210498424935 6.562927978848106e-11
0.6299605248798562 6.562927978848106e-11 1.2599210498506865

# Matrix 1334
1.2599210499173463 0.6299605248393771 -0.6299605248806147
0.6299605248393771 1.2599210497654099 -3.870237463843311e-13
-0.6299605248806147 -3.870237463843311e-13 1.2599210497609392

# Matrix 1335
1.259921050327856 0.6299605250679957 0.6299605250485667
0.6299605250679957 1.2599210495925512 4.4768450058185124e-10
0.6299605250485667 4.4768450058185124e-10 1.259921049617014

# Matrix 1336
1.2599210501627944 -0.6299605245729992 0.629960524628973
-0.6299605245729992 1.2599210489751338 -1.071664423868413e-10
0.629960524628973 -1.071664423868413e-10 1.2599210494620723

# Matrix 1337
1.1905507879395325 -0.39685026254390815 -0.3968502631203639
-0.39685026254390815 1.1905507892268161 -0.3968502625362401
-0.3968502631203639 -0.3968502625362401 1.1905507889864624

# Matrix 1338
1.1905507889773723 0.39685026317575794 -0.39685026354781816
0.39685026317575794 1.1905507889752416 0.39685026226523706
-0.39685026354781816 0.39685026226523706 1.1905507889884983

# Matrix 1339
1.2599210498959488 -0.629960524947903 0.6299605249479415
-0.629960524947903 1.2599210498942701 -0.6299605249463068
0.6299605249479415 -0.6299605249463068 1.2599210498942948

# Matrix 1340
1.259921047465039 -0.6299605237012051 -0.6299605237011818
-0.6299605237012051 1.2599210511455134 -3.876822307624629e-9
-0.6299605237011818 -3.876822307624629e-9 1.259921051145245

# Matrix 1341
1.2599210498674829 -0.6299605249268851 -0.6299605249294159
-0.6299605249268851 1.2599210499029108 -4.6669779152352627e-11
-0.6299605249294159 -4.6669779152352627e-11 1.259921049903039

# Matrix 1342
1.2599210498949154 0.6299605249473981 0.6299605249473963
0.6299605249473981 1.259921049894791 4.773959005888143e-15
0.6299605249473963 4.773959005888143e-15 1.2599210498947906

# Matrix 1343
1.2599210462694193 0.629960522695406 -0.6299605228599517
0.629960522695406 1.259921051115047 5.594811613995903e-9
-0.6299605228599517 5.594811613995903e-9 1.259921051452492

# Matrix 1344
1.2599210505039489 -0.6299605244795076 -0.6299605244171421
-0.6299605244795076 1.2599210488393995 7.465994489308449e-11
-0.6299605244171421 7.465994489308449e-11 1.259921048757508

# Matrix 1345
1.2599210497386648 -0.6299605248301534 0.6299605248312602
-0.6299605248301534 1.2599210499528588 3.2756869439154266e-10
0.6299605248312602 3.2756869439154266e-10 1.2599210499522648

# Matrix 1346
1.259921049832668 0.6299605248994509 -0.6299605248923309
0.6299605248994509 1.259921049886239 8.990341804349024e-11
-0.6299605248923309 8.990341804349024e-11 1.2599210499089277

# Matrix 1347
1.2599210499737765 0.6299605249532869 -0.6299605249632263
0.6299605249532869 1.2599210498081495 -9.086659202850161e-11
-0.6299605249632263 -9.086659202850161e-11 1.259921049844668

# Matrix 1348
1.2599210499769276 -0.6299605248445889 -0.6299605248549881
-0.6299605248445889 1.2599210497045368 -1.6443402195420712e-11
-0.6299605248549881 -1.6443402195420712e-11 1.2599210497263715

# Matrix 1349
1.2599210514748012 0.6299605226116054 0.6299605231312443
0.6299605226116054 1.2599210457250012 -5.067781749801313e-10
0.6299605231312443 -5.067781749801313e-10 1.2599210467599955

# Matrix 1350
1.2599210497673758 -0.6299605248040815 -0.6299605247921739
-0.6299605248040815 1.259921049884829 -2.3349289168805895e-10
-0.6299605247921739 -2.3349289168805895e-10 1.2599210498324185

# Matrix 1351
1.2599210498424378 -0.6299605249058498 0.6299605249201031
-0.6299605249058498 1.2599210499151026 -0.6299605250079227
0.6299605249201031 -0.6299605250079227 1.2599210499214568

# Matrix 1352
1.259921049209379 0.6299605230964896 -0.6299605232572852
0.6299605230964896 1.259921049050449 2.65950717004417e-9
-0.6299605232572852 2.65950717004417e-9 1.2599210487048298

# Matrix 1353
1.2599210498949776 -0.6299605249474283 0.6299605249474303
-0.6299605249474283 1.2599210498947357 -1.1346479311669087e-13
0.6299605249474303 -1.1346479311669087e-13 1.2599210498947762

# Matrix 1354
1.259921049914357 -0.6299605243644671 0.6299605248537986
-0.6299605243644671 1.2599210496661908 -0.6299605243613186
0.6299605248537986 -0.6299605243613186 1.2599210492622546

# Matrix 1355
1.2599210498655518 -0.6299605244625643 -0.6299605234666753
-0.6299605244625643 1.2599210498072557 -1.1552000467318641e-9
-0.6299605234666753 -1.1552000467318641e-9 1.2599210481708745

# Matrix 1356
1.2599210501250842 0.629960524422369 0.629960524221014
0.629960524422369 1.2599210489865222 -2.748412608610816e-10
0.629960524221014 -2.748412608610816e-10 1.25992104901085

# Matrix 1357
1.259921051153919 0.6299605245952667 0.6299605244782887
0.6299605245952667 1.259921048321244 8.683007646226313e-10
0.6299605244782887 8.683007646226313e-10 1.2599210481158172

# Matrix 1358
1.2599210499029738 0.62996052494052 -0.6299605249467285
0.62996052494052 1.259921049876628 -4.723887947477546e-12
-0.6299605249467285 -4.723887947477546e-12 1.2599210498890023

# Matrix 1359
1.2599210499673033 0.6299605248779653 -0.6299605248933887
0.6299605248779653 1.259921049750431 1.5184298263193238e-11
-0.6299605248933887 1.5184298263193238e-11 1.2599210497881728

# Matrix 1360
1.2599210498760052 0.629960524894019 0.6299605248146903
0.629960524894019 1.2599210498540028 -1.4456152941377907e-10
0.6299605248146903 -1.4456152941377907e-10 1.2599210498090567

# Matrix 1361
1.2599210504050604 -0.6299605242610957 -0.6299605244188657
-0.6299605242610957 1.2599210486804306 9.385731081223715e-11
-0.6299605244188657 9.385731081223715e-11 1.2599210487466124

# Matrix 1362
1.2599210499772617 -0.6299605248118745 -0.6299605248506445
-0.6299605248118745 1.2599210497620508 0.6299605248205851
-0.6299605248506445 0.6299605248205851 1.2599210497058366

# Matrix 1363
1.2599210510190861 -0.6299605250100168 0.6299605253246238
-0.6299605250100168 1.259921049678737 -1.723942100184645e-10
0.6299605253246238 -1.723942100184645e-10 1.2599210490834862

# Matrix 1364
1.2599210503008051 0.6299605250608079 -0.6299605251094066
0.6299605250608079 1.2599210493730237 -0.6299605251161038
-0.6299605251094066 -0.6299605251161038 1.2599210503067964

# Matrix 1365
1.2599210498948656 -0.6299605249440794 -0.6299605249443514
-0.6299605249440794 1.2599210498871762 0.6299605249439063
-0.6299605249443514 0.6299605249439063 1.259921049895929

# Matrix 1366
1.2599210498491051 -0.6299605249042578 0.6299605248986472
-0.6299605249042578 1.2599210498862625 4.759548311028541e-11
0.6299605248986472 4.759548311028541e-11 1.2599210498736138

# Matrix 1367
1.259921049896405 -0.6299605249480122 0.6299605249476602
-0.6299605249480122 1.259921049893731 -2.2493118478905635e-12
0.6299605249476602 -2.2493118478905635e-12 1.2599210498935391

# Matrix 1368
1.2599210498923976 0.6299605249369391 0.6299605249378784
0.6299605249369391 1.2599210498862667 -1.2811973704174218e-11
0.6299605249378784 -1.2811973704174218e-11 1.2599210498885804

# Matrix 1369
1.1905507888631948 0.396850262088024 -0.39685026436677207
0.396850262088024 1.1905507889448843 0.3968502625047303
-0.39685026436677207 0.3968502625047303 1.1905507891037463

# Matrix 1370
1.259921049924876 -0.629960524496634 -0.6299605243122539
-0.629960524496634 1.259921049525765 -4.178050683201162e-10
-0.6299605243122539 -4.178050683201162e-10 1.2599210490545338

# Matrix 1371
1.2599210490285129 0.6299605241590517 -0.629960523716869
0.6299605241590517 1.259921049463779 -0.6299605251851764
-0.629960523716869 -0.6299605251851764 1.2599210500048525

# Matrix 1372
1.2599210498479203 0.6299605249230499 0.6299605249215826
0.6299605249230499 1.2599210499180484 -7.213296626673548e-11
0.6299605249215826 -7.213296626673548e-11 1.2599210499154028

# Matrix 1373
1.259921049895132 0.6299605249470102 0.6299605249472318
0.6299605249470102 1.2599210498940745 -5.573319583618298e-14
0.6299605249472318 -5.573319583618298e-14 1.2599210498945221

# Matrix 1374
1.2599210499223559 0.6299605248934312 -0.6299605247725929
0.6299605248934312 1.259921049966539 3.4084957079016664e-12
-0.6299605247725929 3.4084957079016664e-12 1.259921049483704

# Matrix 1375
1.2599210530559883 0.629960523229689 0.6299605233344513
0.629960523229689 1.2599210451242178 1.3528514974936343e-9
0.6299605233344513 1.3528514974936343e-9 1.25992104510783

# Matrix 1376
1.2599210485644412 -0.6299605242072159 0.6299605242058165
-0.6299605242072159 1.259921050482308 2.0639364661789632e-9
0.6299605242058165 2.0639364661789632e-9 1.259921050481518

# Matrix 1377
1.2599210498975792 0.6299605249420006 -0.629960524945998
0.6299605249420006 1.2599210498852715 -4.6053716395988076e-12
-0.629960524945998 -4.6053716395988076e-12 1.2599210498886302

# Matrix 1378
1.2599210499588174 -0.6299605244581769 -0.6299605244618407
-0.6299605244581769 1.2599210493398834 -4.234717021489587e-10
-0.6299605244618407 -4.234717021489587e-10 1.2599210493471111

# Matrix 1379
1.259921049913657 0.6299605249081067 -0.6299605249258382
0.6299605249081067 1.2599210498278826 1.1661227539150328e-11
-0.6299605249258382 1.1661227539150328e-11 1.2599210498633548

# Matrix 1380
1.259921049895405 0.6299605249475185 -0.629960524946193
0.6299605249475185 1.2599210498952864 -0.6299605249460764
-0.629960524946193 -0.6299605249460764 1.259921049892247

# Matrix 1381
1.2599210499476452 0.629960524950897 -0.6299605249508289
0.629960524950897 1.2599210498338214 -0.6299605247860193
-0.6299605249508289 -0.6299605247860193 1.25992104980011

# Matrix 1382
1.259921049908597 -0.6299605249396019 0.6299605249426558
-0.6299605249396019 1.2599210498701425 -0.6299605249219415
0.6299605249426558 -0.6299605249219415 1.2599210498804727

# Matrix 1383
1.2599210506444853 0.629960524970068 -0.6299605250311624
0.629960524970068 1.2599210497865672 1.3305668233875898e-9
-0.6299605250311624 1.3305668233875898e-9 1.2599210500325502

# Matrix 1384
1.2599210498043931 1.0253039389729322e-10 0.6299605248670324
1.0253039389729322e-10 1.2599210498079607 -0.6299605248419822
0.6299605248670324 -0.6299605248419822 1.259921049893324

# Matrix 1385
1.2599210498611915 -0.629960524889435 0.6299605248844706
-0.629960524889435 1.2599210498684026 9.449752091938936e-11
0.6299605248844706 9.449752091938936e-11 1.2599210498679607

# Matrix 1386
1.2599210493255628 -0.6299605246205054 -0.6299605246134852
-0.6299605246205054 1.2599210501330833 -8.96605012457022e-10
-0.6299605246134852 -8.96605012457022e-10 1.2599210501323035

# Matrix 1387
1.1905507889406721 0.39685026252546574 0.3968502638944959
0.39685026252546574 1.1905507889713256 -0.39685026253828903
0.3968502638944959 -0.39685026253828903 1.1905507889985523

# Matrix 1388
1.2599210502901002 0.6299605245755179 0.6299605244816423
0.6299605245755179 1.259921049092606 -1.6769752253509335e-11
0.6299605244816423 -1.6769752253509335e-11 1.2599210490644002

# Matrix 1389
1.2599210529435683 0.6299605226491075 -0.6299605230400623
0.6299605226491075 1.2599210443564888 -9.477769680188416e-10
-0.6299605230400623 -9.477769680188416e-10 1.2599210451288751

# Matrix 1390
1.2599210500839095 -0.6299605247254162 0.6299605248174698
-0.6299605247254162 1.259921049177441 -0.629960525024297
0.6299605248174698 -0.629960525024297 1.2599210502398512

# Matrix 1391
1.2599210499094349 0.629960524932648 -0.6299605249332202
0.629960524932648 1.2599210498652371 -1.0974554598419587e-13
-0.6299605249332202 -1.0974554598419587e-13 1.259921049866347

# Matrix 1392
1.2599210497100788 2.2154042489397273e-11 0.6299605247742661
2.2154042489397273e-11 1.259921049734787 -0.6299605248490198
0.6299605247742661 -0.6299605248490198 1.2599210498930233

# Matrix 1393
1.2599210511829537 -0.6299605243022982 0.6299605254826637
-0.6299605243022982 1.2599210486200394 -0.629960524303465
0.6299605254826637 -0.629960524303465 1.259921049379038

# Matrix 1394
1.2599210498945097 0.629960524938584 0.6299605249389817
0.629960524938584 1.2599210498853692 -7.844447313942753e-12
0.6299605249389817 -7.844447313942753e-12 1.2599210498870146

# Matrix 1395
1.2599210499087286 0.6299605249006967 -0.6299605249167206
0.6299605249006967 1.2599210498615987 -0.6299605249266265
-0.6299605249167206 -0.6299605249266265 1.2599210498487814

# Matrix 1396
1.259921049904603 0.6299605249371593 -0.6299605249354031
0.6299605249371593 1.2599210498757552 1.3589129821411787e-12
-0.6299605249354031 1.3589129821411787e-12 1.2599210498721765

# Matrix 1397
1.2599210498937732 0.6299605249468144 0.6299605249465503
0.6299605249468144 1.2599210498955993 0.6299605249483361
0.6299605249465503 0.6299605249483361 1.2599210498948408

# Matrix 1398
1.25992105002376 0.6299605249674729 -0.6299605248894844
0.6299605249674729 1.2599210498196778 1.048126585523334e-10
-0.6299605248894844 1.048126585523334e-10 1.2599210498175395

# Matrix 1399
1.259921050047794 -0.6299605248217249 0.6299605247744569
-0.6299605248217249 1.2599210496373863 -1.0793310689649553e-11
0.6299605247744569 -1.0793310689649553e-11 1.2599210495430149

# Matrix 1400
1.2599210498635347 -0.62996052491851 0.6299605249280161
-0.62996052491851 1.2599210498901796 -0.6299605249646748
0.6299605249280161 -0.6299605249646748 1.2599210499101663

# Matrix 1401
1.2599210498708275 0.6299605249353903 0.6299605249352245
0.6299605249353903 1.259921049914223 -5.80013259643402e-11
0.6299605249352245 -5.80013259643402e-11 1.2599210499139075

# Matrix 1402
1.2599210519217383 -0.6299605231236827 -0.6299605232853777
-0.6299605231236827 1.2599210459667247 2.975739654686988e-10
-0.6299605232853777 2.975739654686988e-10 1.2599210462744017

# Matrix 1403
1.1905507891741267 -0.39685026411847824 0.3968502625625189
-0.39685026411847824 1.1905507896296892 0.3968502626737262
0.3968502625625189 0.3968502626737262 1.1905507885032067

# Matrix 1404
1.1905507889890843 -0.39685026297184584 -0.3968502631233649
-0.39685026297184584 1.1905507889628975 -0.39685026289616315
-0.3968502631233649 -0.39685026289616315 1.1905507889916918

# Matrix 1405
1.2599210498691769 0.6299605249176843 0.6299605249175676
0.6299605249176843 1.2599210498910587 -5.58066926004128e-11
0.6299605249175676 -5.58066926004128e-11 1.2599210498906588

# Matrix 1406
1.2599210499142317 0.6299605249540162 0.6299605249539512
0.6299605249540162 1.2599210498852047 1.6449674955509724e-11
0.6299605249539512 1.6449674955509724e-11 1.2599210498852227

# Matrix 1407
1.2599210499015514 0.6299605249378458 0.6299605249421634
0.6299605249378458 1.2599210498764528 -7.714939798120216e-13
0.6299605249421634 -7.714939798120216e-13 1.259921049885085

# Matrix 1408
1.2599210489025467 0.6299605243530443 -0.6299605241305265
0.6299605243530443 1.2599210493995476 -0.6299605249357326
-0.6299605241305265 -0.6299605249357326 1.2599210504338543

# Matrix 1409
1.2599210498950266 0.629960524947335 -0.6299605249472543
0.629960524947335 1.2599210498946574 -1.2934098236883017e-14
-0.6299605249472543 -1.2934098236883017e-14 1.2599210498944975

# Matrix 1410
1.1905507889943865 0.39685026429411085 0.3968502625238594
0.39685026429411085 1.190550788862917 -0.3968502621484089
0.3968502625238594 -0.3968502621484089 1.1905507890613747

# Matrix 1411
1.259921050037875 0.6299605247382335 -0.6299605238782001
0.6299605247382335 1.2599210499990814 1.4736401543480039e-9
-0.6299605238782001 1.4736401543480039e-9 1.2599210488778363

# Matrix 1412
1.2599210500663836 0.6299605250198401 0.629960525028406
0.6299605250198401 1.2599210498950237 0.6299605250286536
0.629960525028406 0.6299605250286536 1.2599210498796056

# Matrix 1413
1.25992105015617 -0.6299605249896445 0.6299605248703428
-0.6299605249896445 1.2599210498573925 -1.7815565689360726e-10
0.6299605248703428 -1.7815565689360726e-10 1.2599210494186732

# Matrix 1414
1.2599210498724032 0.6299605249200407 -0.6299605249281854
0.6299605249200407 1.259921049894322 4.440736667277137e-11
-0.6299605249281854 4.440736667277137e-11 1.259921049892793

# Matrix 1415
1.2599210506315859 -0.6299605242560309 -0.6299605241265213
-0.6299605242560309 1.259921048531617 -1.977878971715116e-11
-0.6299605241265213 -1.977878971715116e-11 1.2599210482726038

# Matrix 1416
1.2599210494865127 -6.853737577472429e-10 0.6299605245980449
-6.853737577472429e-10 1.259921049485109 0.6299605242028377
0.6299605245980449 0.6299605242028377 1.2599210497571631

# Matrix 1417
1.2599210498952818 -0.629960524946947 -0.6299605249472513
-0.629960524946947 1.2599210498938216 7.449596495234799e-14
-0.6299605249472513 7.449596495234799e-14 1.2599210498944304

# Matrix 1418
1.2599210499002154 -0.6299605249450656 -0.6299605249465159
-0.6299605249450656 1.2599210498866291 3.6155523019942573e-12
-0.6299605249465159 3.6155523019942573e-12 1.259921049889195

# Matrix 1419
1.2599210503268963 -0.6299605250867275 0.6299605250858102
-0.6299605250867275 1.2599210497780884 -0.6299605250307723
0.6299605250858102 -0.6299605250307723 1.2599210498203017

# Matrix 1420
1.2599210498925644 -0.6299605249456827 0.6299605249456716
-0.6299605249456827 1.2599210498974485 -0.6299605249491417
0.6299605249456716 -0.6299605249491417 1.2599210498933975

# Matrix 1421
1.2599210496154591 -7.118938771810732e-10 0.6299605245536337
-7.118938771810732e-10 1.259921049690743 0.6299605243449775
0.6299605245536337 0.6299605243449775 1.2599210496172164

# Matrix 1422
1.1905507882486488 0.39685027108963755 -0.39685025963152953
0.39685027108963755 1.190550789788163 0.39685025862483464
-0.39685025963152953 0.39685025862483464 1.1905507892614893

# Matrix 1423
1.2599210497326725 -0.6299605248438835 -0.629960524834462
-0.6299605248438835 1.2599210501856064 0.6299605244513826
-0.629960524834462 0.6299605244513826 1.2599210492912862

# Matrix 1424
1.2599210496268995 0.6299605247855045 -0.6299605247853147
0.6299605247855045 1.2599210500011142 4.3018349993317667e-10
-0.6299605247853147 4.3018349993317667e-10 1.2599210500006472

# Matrix 1425
1.2599210507888574 0.6299605214058748 -0.6299605212693862
0.6299605214058748 1.25992104522472 2.6715876177974116e-9
-0.6299605212693862 2.6715876177974116e-9 1.2599210455279561

# Matrix 1426
1.2599210499430797 -0.6299605249045183 0.6299605249250144
-0.6299605249045183 1.259921049794664 -1.645783509474086e-11
0.6299605249250144 -1.645783509474086e-11 1.2599210498327145

# Matrix 1427
1.1905507889761524 0.3968502629919666 0.39685026299221987
0.3968502629919666 1.1905507889761482 -0.39685026299196463
0.39685026299221987 -0.39685026299196463 1.1905507889761495

# Matrix 1428
1.259921050173849 0.6299605247669323 -0.6299605247645381
0.6299605247669323 1.2599210494364017 -9.274797596603516e-11
-0.6299605247645381 -9.274797596603516e-11 1.259921049435008

# Matrix 1429
1.259921050293614 -0.6299605245744861 -0.6299605244449582
-0.6299605245744861 1.2599210491414288 1.322764120459408e-11
-0.6299605244449582 1.322764120459408e-11 1.2599210489406063

# Matrix 1430
1.2599210502017268 4.283320434450544e-10 -0.6299605244388975
4.283320434450544e-10 1.2599210483535603 0.6299605237483826
-0.6299605244388975 0.6299605237483826 1.2599210493272905

# Matrix 1431
1.2599210470882032 0.6299605231622929 0.6299605234881118
0.6299605231622929 1.2599210505657183 -3.495431555311534e-9
0.6299605234881118 -3.495431555311534e-9 1.2599210509705843

# Matrix 1432
1.2599210499051752 0.62996052491025 -0.6299605249451248
0.62996052491025 1.2599210498300477 9.765410702300414e-12
-0.6299605249451248 9.765410702300414e-12 1.2599210498998086

# Matrix 1433
1.2599210497097013 -0.6299605243035279 0.6299605244822609
-0.6299605243035279 1.2599210495045585 8.026213027534333e-10
0.6299605244822609 8.026213027534333e-10 1.2599210495883857

# Matrix 1434
1.2599210501096234 0.6299605248269767 -0.6299605246960448
0.6299605248269767 1.2599210495839046 1.18122400749598e-10
-0.6299605246960448 1.18122400749598e-10 1.2599210495024542

# Matrix 1435
1.2599210505976517 -0.6299605242240511 -0.62996052401085
-0.6299605242240511 1.2599210484865688 -1.4764089950603074e-10
-0.62996052401085 -1.4764089950603074e-10 1.259921048251271

# Matrix 1436
1.2599210498950557 0.6299605249470356 0.6299605249475134
0.6299605249470356 1.2599210498940214 0.6299605249470497
0.6299605249475134 0.6299605249470497 1.2599210498950684

# Matrix 1437
1.2599210498567246 -0.6299605249211417 0.6299605249266317
-0.6299605249211417 1.2599210499133537 -0.629960524971749
0.6299605249266317 -0.629960524971749 1.2599210498993496

# Matrix 1438
1.2599210506283742 0.6299605246289302 0.629960524951131
0.6299605246289302 1.2599210487945853 3.5180464097450826e-10
0.629960524951131 3.5180464097450826e-10 1.2599210493628736

# Matrix 1439
1.259921049894362 -1.4683115834301839e-12 -0.6299605249467062
-1.4683115834301839e-12 1.2599210498944065 -0.6299605249461858
-0.6299605249467062 -0.6299605249461858 1.2599210498943598

# Matrix 1440
1.2599210499268523 -0.6299605249170406 0.6299605249280145
-0.6299605249170406 1.2599210498273987 -7.020828363124537e-12
0.6299605249280145 -7.020828363124537e-12 1.2599210498486038

# Matrix 1441
1.259921049895482 -0.6299605249473217 0.629960524947248
-0.6299605249473217 1.2599210498940892 -5.008216064084058e-13
0.629960524947248 -5.008216064084058e-13 1.2599210498941071

# Matrix 1442
1.2599210498953242 0.629960524947518 0.6299605249475916
0.629960524947518 1.2599210498944966 7.495670750756714e-13
0.6299605249475916 7.495670750756714e-13 1.2599210498944635

# Matrix 1443
1.2599210498946383 0.6299605249469139 0.6299605249470606
0.6299605249469139 1.259921049893459 -6.626366122475222e-13
0.6299605249470606 -6.626366122475222e-13 1.259921049895844

# Matrix 1444
1.2599210492004498 -0.6299605245505854 -0.6299605245503033
-0.6299605245505854 1.2599210501214124 -8.764282632967018e-10
-0.6299605245503033 -8.764282632967018e-10 1.2599210501198712

# Matrix 1445
1.2599210498477844 0.629960524914609 0.6299605249093694
0.629960524914609 1.2599210499053994 -8.264283701819896e-11
0.6299605249093694 -8.264283701819896e-11 1.2599210499077005

# Matrix 1446
1.2599210497844289 -0.6299605248896327 0.6299605248887159
-0.6299605248896327 1.259921049950819 -0.6299605250549727
0.6299605248887159 -0.6299605250549727 1.259921049943379

# Matrix 1447
1.2599210486043944 -0.6299605240969145 -0.6299605241319465
-0.6299605240969145 1.2599210503989762 -2.311108859842643e-9
-0.6299605241319465 -2.311108859842643e-9 1.2599210504307983

# Matrix 1448
1.2599210499064222 -0.6299605249330351 -0.6299605249393398
-0.6299605249330351 1.2599210498655289 5.001554725936307e-13
-0.6299605249393398 5.001554725936307e-13 1.259921049878488

# Matrix 1449
1.2599210498948725 -0.6299605249474347 -0.6299605249474327
-0.6299605249474347 1.259921049894872 0.6299605249474345
-0.6299605249474327 0.6299605249474345 1.25992104989487

# Matrix 1450
1.2599210498935793 -0.6299605249467265 0.6299605249467287
-0.6299605249467265 1.2599210498957578 2.908728813366654e-12
0.6299605249467287 2.908728813366654e-12 1.2599210498957625

# Matrix 1451
1.2599210497954325 -0.6299605244369951 0.6299605240287226
-0.6299605244369951 1.259921050241259 -0.6299605244513978
0.6299605240287226 -0.6299605244513978 1.259921048364465

# Matrix 1452
1.1905507889620484 0.3968502640843717 -0.39685026274437807
0.3968502640843717 1.1905507889715268 0.3968502621412524
-0.39685026274437807 0.3968502621412524 1.1905507889887263

# Matrix 1453
1.2599210504134835 -0.629960524615209 0.6299605251422162
-0.629960524615209 1.2599210486399184 -0.6299605246087427
0.6299605251422162 -0.6299605246087427 1.2599210503137899

# Matrix 1454
1.2599210500173337 -0.6299605248678954 0.6299605248700508
-0.6299605248678954 1.2599210497423214 -0.6299605249142348
0.6299605248700508 -0.6299605249142348 1.2599210497982118

# Matrix 1455
1.2599210498949975 0.6299605249471713 0.6299605249474222
0.6299605249471713 1.2599210498943558 -1.476596622751452e-14
0.6299605249474222 -1.476596622751452e-14 1.2599210498948616

# Matrix 1456
1.259921050423954 0.6299605247641672 0.6299605248728449
0.6299605247641672 1.2599210491509691 3.8275538294385466e-10
0.6299605248728449 3.8275538294385466e-10 1.259921049334351

# Matrix 1457
1.2599210513467785 0.6299605241922535 -0.6299605243399489
0.6299605241922535 1.2599210476164324 -7.770724064215474e-10
-0.6299605243399489 -7.770724064215474e-10 1.2599210479024974

# Matrix 1458
1.259921049705159 0.6299605247665282 0.6299605247663213
0.6299605247665282 1.2599210497667042 0.6299605247795125
0.6299605247663213 0.6299605247795125 1.259921049859458

# Matrix 1459
1.1905507889750193 0.3968502630416832 0.39685026305083226
0.3968502630416832 1.1905507889770732 -0.3968502628836127
0.39685026305083226 -0.3968502628836127 1.1905507889763352

# Matrix 1460
1.259921049067508 -0.62996052376654 0.6299605241991759
-0.62996052376654 1.2599210504590095 1.6518144629884639e-9
0.6299605241991759 1.6518144629884639e-9 1.2599210489628905

# Matrix 1461
1.2599210503229064 0.6299605239050382 0.6299605238445373
0.6299605239050382 1.2599210481223535 -9.927141331189618e-10
0.6299605238445373 -9.927141331189618e-10 1.2599210488980943

# Matrix 1462
1.259921051231337 0.629960525351923 -0.6299605254123474
0.629960525351923 1.2599210494464037 -9.487950980435644e-10
-0.6299605254123474 -9.487950980435644e-10 1.2599210490880568

# Matrix 1463
1.2599210499428228 0.6299605249684952 -0.6299605249127669
0.6299605249684952 1.259921049940392 -0.6299605250632925
-0.6299605249127669 -0.6299605250632925 1.2599210498695679

# Matrix 1464
1.2599210513717873 -0.6299605253897188 -0.6299605246307739
-0.6299605253897188 1.2599210491032673 0.6299605243356119
-0.6299605246307739 0.6299605243356119 1.2599210488854284

# Matrix 1465
1.2599210498750368 -0.6299605248578005 -0.6299605248465996
-0.6299605248578005 1.259921049787367 0.6299605248513463
-0.6299605248465996 0.6299605248513463 1.2599210498311735

# Matrix 1466
1.2599210517853316 -0.6299605256628558 -0.6299605256663822
-0.6299605256628558 1.2599210487148094 2.632047968464963e-9
-0.6299605256663822 2.632047968464963e-9 1.2599210487121135

# Matrix 1467
1.2599210498442242 0.6299605239793383 -0.6299605247386822
0.6299605239793383 1.2599210485497727 7.185978478929711e-10
-0.6299605247386822 7.185978478929711e-10 1.259921050217434

# Matrix 1468
1.2599210498426048 0.629960524593071 0.6299605246035493
0.629960524593071 1.2599210496282822 -5.115364243302007e-10
0.6299605246035493 -5.115364243302007e-10 1.2599210496411757

# Matrix 1469
1.2599210503031797 0.6299605251005492 -0.6299605246727955
0.6299605251005492 1.2599210493557145 -0.6299605245055976
-0.6299605246727955 -0.6299605245055976 1.2599210496501467

# Matrix 1470
1.2599210502421756 -0.6299605250202025 0.629960524004787
-0.6299605250202025 1.259921050316447 1.165954000015257e-9
0.629960524004787 1.165954000015257e-9 1.2599210486276873

# Matrix 1471
1.2599210499881155 0.6299605249587003 -0.6299605249252115
0.6299605249587003 1.2599210498149136 -5.999528651656674e-11
-0.6299605249252115 -5.999528651656674e-11 1.2599210497958975

# Matrix 1472
1.259921049903532 -0.6299605249497576 -0.6299605249474591
-0.6299605249497576 1.2599210498862874 9.666489830806336e-12
-0.6299605249474591 9.666489830806336e-12 1.259921049888594

# Matrix 1473
1.2599210500053666 0.6299605246878208 -0.6299605249574978
0.6299605246878208 1.2599210495337323 1.5635048811191152e-10
-0.6299605249574978 1.5635048811191152e-10 1.259921049880184

# Matrix 1474
1.1905507889761613 0.39685026299482346 -0.3968502629936079
0.39685026299482346 1.190550788976138 0.39685026298771364
-0.3968502629936079 0.39685026298771364 1.190550788976145

# Matrix 1475
1.2599210502626066 -0.6299605248290521 0.6299605249842999
-0.6299605248290521 1.2599210493311215 -3.269821080564822e-10
0.6299605249842999 -3.269821080564822e-10 1.2599210496416304

# Matrix 1476
1.259921049894917 -0.6299605249473028 0.6299605249473464
-0.6299605249473028 1.2599210498946223 4.873879078104433e-14
0.6299605249473464 4.873879078104433e-14 1.2599210498947995

# Matrix 1477
1.2599210498957563 0.6299605249477558 0.6299605249475188
0.6299605249477558 1.2599210498943891 6.541989172603711e-13
0.6299605249475188 6.541989172603711e-13 1.2599210498942786

# Matrix 1478
1.2599210496522755 -0.6299605247685071 -0.62996052476901
-0.6299605247685071 1.2599210499243079 -3.1828423230350857e-10
-0.62996052476901 -3.1828423230350857e-10 1.2599210499246167

# Matrix 1479
1.2599210513495611 -0.6299605242932992 -0.6299605246715515
-0.6299605242932992 1.259921047485344 1.0164676877977215e-9
-0.6299605246715515 1.0164676877977215e-9 1.2599210484471433

# Matrix 1480
1.259921049920972 0.6299605249037273 0.6299605249086777
0.6299605249037273 1.259921049823376 -7.53769269223884e-12
0.6299605249086777 -7.53769269223884e-12 1.2599210498266395

# Matrix 1481
1.2599210499334879 -0.6299605249562654 -0.6299605249515677
-0.6299605249562654 1.2599210498623326 4.6004255960241174e-11
-0.6299605249515677 4.6004255960241174e-11 1.259921049862538

# Matrix 1482
1.2599210498948745 -0.6299605249474366 0.6299605249474364
-0.6299605249474366 1.2599210498948714 -8.881784197001286e-16
0.6299605249474364 -8.881784197001286e-16 1.2599210498948725

# Matrix 1483
1.2599210478369112 -0.6299605235444978 -0.6299605236046567
-0.6299605235444978 1.2599210504583596 -3.238927126503213e-9
-0.6299605236046567 -3.238927126503213e-9 1.2599210505736629

# Matrix 1484
1.2599210500667712 -0.6299605248522688 -0.6299605248379577
-0.6299605248522688 1.2599210496364563 6.650968664700913e-11
-0.6299605248379577 6.650968664700913e-11 1.2599210496068902

# Matrix 1485
1.2599210501850966 0.629960525050522 0.6299605249973573
0.629960525050522 1.2599210498086106 2.8062629997549576e-10
0.6299605249973573 2.8062629997549576e-10 1.2599210496110953

# Matrix 1486
1.259921051735621 0.6299605238109617 -0.6299605250072461
0.6299605238109617 1.2599210470857372 -2.459353831696347e-10
-0.6299605250072461 -2.459353831696347e-10 1.259921048650168

# Matrix 1487
1.259921050164038 0.6299605249175295 0.6299605249634423
0.6299605249175295 1.2599210495806554 2.645086372154991e-10
0.6299605249634423 2.645086372154991e-10 1.25992104965533

# Matrix 1488
1.2599210498953082 0.6299605249472177 0.6299605249471129
0.6299605249472177 1.259921049894253 2.1876944700238427e-13
0.6299605249471129 2.1876944700238427e-13 1.2599210498940439

# Matrix 1489
1.259921050114798 0.6299605249836701 -0.6299605249912321
0.6299605249836701 1.259921049708751 -2.5879104414983053e-10
-0.6299605249912321 -2.5879104414983053e-10 1.2599210497219402

# Matrix 1490
1.259921049759565 0.6299605248740989 0.6299605248748168
0.6299605248740989 1.2599210499826183 0.6299605251770504
0.6299605248748168 0.6299605251770504 1.2599210499982072

# Matrix 1491
1.2599210498959186 0.6299605249476242 0.629960524946238
0.6299605249476242 1.259921049894576 6.784572903484273e-13
0.629960524946238 6.784572903484273e-13 1.2599210498919762

# Matrix 1492
1.259921049903505 0.6299605249453454 -0.6299605249456062
0.6299605249453454 1.259921049883821 -6.579736755441007e-12
-0.6299605249456062 -6.579736755441007e-12 1.259921049884801

# Matrix 1493
1.2599210498076037 -3.562881101260027e-10 0.6299605247286182
-3.562881101260027e-10 1.2599210498474356 0.6299605247318554
0.6299605247286182 0.6299605247318554 1.259921049739648

# Matrix 1494
1.2599210498818514 0.6299605249403009 -0.6299605249325612
0.6299605249403009 1.259921049881567 -0.6299605249390997
-0.6299605249325612 -0.6299605249390997 1.259921049900969

# Matrix 1495
1.2599210498949764 -0.6299605249473397 0.629960524947317
-0.6299605249473397 1.2599210498946685 -9.325873406851225e-14
0.629960524947317 -9.325873406851225e-14 1.2599210498945894

# Matrix 1496
1.1905507889774274 0.3968502629654758 0.3968502630336988
0.3968502629654758 1.1905507889809819 -0.39685026297908954
0.3968502630336988 -0.39685026297908954 1.1905507889721536

# Matrix 1497
1.190550789246079 0.3968502550047058 0.3968502675205986
0.3968502550047058 1.1905507891887113 -0.39685026661060385
0.3968502675205986 -0.39685026661060385 1.1905507886534177

# Matrix 1498
1.2599210498917388 -0.6299605249393458 -0.6299605249366849
-0.6299605249393458 1.2599210498886595 -9.035716619365577e-12
-0.6299605249366849 -9.035716619365577e-12 1.2599210498861666

# Matrix 1499
1.2599210507164122 0.6299605253556283 0.6299605246187874
0.6299605253556283 1.2599210491393835 1.1418754830572131e-11
0.6299605246187874 1.1418754830572131e-11 1.2599210496534214

# Matrix 1500
1.2599210497959332 0.6299605244368622 0.6299605244593833
0.6299605244368622 1.259921049733766 0.629960525176324
0.6299605244593833 0.629960525176324 1.2599210496417599

# Matrix 1501
1.2599210498240034 -0.6299605247214717 -0.6299605247232922
-0.6299605247214717 1.2599210497393285 -2.949716582101286e-10
-0.6299605247232922 -2.949716582101286e-10 1.2599210497414133

# Matrix 1502
1.259921049900912 0.6299605249443182 -0.6299605249443887
0.6299605249443182 1.259921049885551 -2.739031224052712e-12
-0.6299605249443887 -2.739031224052712e-12 1.2599210498860955

# Matrix 1503
1.259921049891787 -0.6299605249417446 0.6299605249365242
-0.6299605249417446 1.2599210498831077 -0.6299605249296487
0.6299605249365242 -0.6299605249296487 1.2599210498867968

# Matrix 1504
1.259921048692353 0.6299605237556323 0.6299605237337711
0.6299605237556323 1.2599210498257913 -2.1444712117179635e-9
0.6299605237337711 -2.1444712117179635e-9 1.2599210497896693

# Matrix 1505
1.259921048962734 -0.6299605226889178 -0.6299605233440579
-0.6299605226889178 1.2599210484203525 -3.1896747465509154e-9
-0.6299605233440579 -3.1896747465509154e-9 1.259921049589499

# Matrix 1506
1.2599210504943938 0.6299605250858644 -0.6299605246315969
0.6299605250858644 1.2599210492130908 -0.629960524452007
-0.6299605246315969 -0.629960524452007 1.2599210495285738

# Matrix 1507
1.2599210499001003 -0.6299605249413658 -0.6299605249418133
-0.6299605249413658 1.2599210498833586 -6.307177002895405e-13
-0.6299605249418133 -6.307177002895405e-13 1.2599210498842468

# Matrix 1508
1.259921049217478 0.6299605241564097 0.629960524163966
0.6299605241564097 1.2599210500328868 0.6299605241330481
0.629960524163966 0.6299605241330481 1.2599210488416646

# Matrix 1509
1.2599210499006737 0.6299605249392798 -0.6299605249424637
0.6299605249392798 1.2599210498794031 3.0740965328845644e-12
-0.6299605249424637 3.0740965328845644e-12 1.2599210498871525

# Matrix 1510
1.2599210500979168 0.6299605246637343 0.6299605246598535
0.6299605246637343 1.2599210493827357 -7.840561533356582e-12
0.6299605246598535 -7.840561533356582e-12 1.259921049379799

# Matrix 1511
1.2599210501669613 -0.6299605248926995 -0.6299605248792929
-0.6299605248926995 1.2599210495829878 1.4082995880571035e-10
-0.6299605248792929 1.4082995880571035e-10 1.2599210495862465

# Matrix 1512
1.1905507885959472 0.39685027138479795 0.39685027026818875
0.39685027138479795 1.1905507896090952 -0.3968502473530592
0.39685027026818875 -0.3968502473530592 1.190550788753303

# Matrix 1513
1.2599210499931985 -0.6299605248676138 0.6299605248659478
-0.6299605248676138 1.2599210497175832 -1.757094469922997e-11
0.6299605248659478 -1.757094469922997e-11 1.2599210497142665

# Matrix 1514
1.2599210498989009 -0.6299605248978427 0.6299605249202898
-0.6299605248978427 1.259921049829489 3.3190672432681283e-11
0.6299605249202898 3.3190672432681283e-11 1.2599210498746933

# Matrix 1515
1.1905507895562837 -0.3968502648793514 -0.39685026507017257
-0.3968502648793514 1.1905507889175295 -0.3968502600258935
-0.39685026507017257 -0.3968502600258935 1.1905507894539036

# Matrix 1516
1.259921049907464 -0.6299605249271604 -0.6299605249277594
-0.6299605249271604 1.2599210498615963 -5.008327086386537e-12
-0.6299605249277594 -5.008327086386537e-12 1.2599210498614297

# Matrix 1517
1.2599210496217499 -0.6299605242344968 -0.629960524050567
-0.6299605242344968 1.2599210500567022 1.3348921967803854e-10
-0.629960524050567 1.3348921967803854e-10 1.2599210478618035

# Matrix 1518
1.2599210501889748 0.6299605244990311 0.6299605249899703
0.6299605244990311 1.259921049902754 -9.125381006391594e-10
0.6299605249899703 -9.125381006391594e-10 1.259921049562053

# Matrix 1519
1.2599210499982507 -0.6299605247647316 -0.6299605247576413
-0.6299605247647316 1.2599210496117972 -9.180173288214608e-11
-0.6299605247576413 -9.180173288214608e-11 1.2599210496046467

# Matrix 1520
1.1905507889766722 -0.39685026298767456 0.3968502630013217
-0.39685026298767456 1.1905507889756766 0.39685026298761883
0.3968502630013217 0.39685026298761883 1.1905507889765656

# Matrix 1521
1.2599210499405633 -0.6299605249043008 -0.6299605248963291
-0.6299605249043008 1.259921049800669 1.156691409320849e-11
-0.6299605248963291 1.156691409320849e-11 1.259921049794788

# Matrix 1522
1.259921049894747 -0.6299605249471912 0.629960524947217
-0.6299605249471912 1.2599210498948803 -0.6299605249473764
0.629960524947217 -0.6299605249473764 1.2599210498946423

# Matrix 1523
1.2599210498941558 0.6299605249464846 0.629960524946137
0.6299605249464846 1.259921049894983 0.6299605249517221
0.629960524946137 0.6299605249517221 1.2599210498968365

# Matrix 1524
1.2599210495885147 0.6299605246283274 -0.6299605246296107
0.6299605246283274 1.2599210498200497 4.128201114284041e-10
-0.6299605246296107 4.128201114284041e-10 1.2599210498041413

# Matrix 1525
1.2599210500614328 0.629960524983646 0.6299605250150129
0.629960524983646 1.2599210495951667 2.3088719824926032e-10
0.6299605250150129 2.3088719824926032e-10 1.2599210499569562

# Matrix 1526
1.259921050655526 -0.6299605251937241 0.6299605253051388
-0.6299605251937241 1.259921049462934 -8.215861324600629e-11
0.6299605253051388 -8.215861324600629e-11 1.2599210500631552

# Matrix 1527
1.2599210511813548 0.6299605253471398 -0.6299605253501143
0.6299605253471398 1.2599210492826771 -8.879929569438501e-10
-0.6299605253501143 -8.879929569438501e-10 1.2599210492696065

# Matrix 1528
1.259921046655514 0.6299605220786586 0.6299605220423868
0.6299605220786586 1.259921050161315 -6.021628473629163e-9
0.6299605220423868 -6.021628473629163e-9 1.259921050263559

# Matrix 1529
1.2599210495236732 0.6299605241778866 -0.6299605240100727
0.6299605241778866 1.2599210493986803 -0.6299605241729037
-0.6299605240100727 -0.6299605241729037 1.259921049107968

# Matrix 1530
1.2599210499205908 -0.629960524693097 0.6299605244004108
-0.629960524693097 1.259921049852766 -0.6299605244004165
0.6299605244004108 -0.6299605244004165 1.2599210490123391

# Matrix 1531
1.1905507889751403 0.3968502580674594 -0.39685026947314894
0.3968502580674594 1.1905507889754423 0.3968502614345443
-0.39685026947314894 0.3968502614345443 1.1905507889768692

# Matrix 1532
1.259921050215854 0.6299605234016129 0.6299605241796187
0.6299605234016129 1.259921047716027 -3.231194201092053e-10
0.6299605241796187 -3.231194201092053e-10 1.2599210487763024

# Matrix 1533
1.2599210497376556 -0.6299605248376594 0.6299605244953337
-0.6299605248376594 1.259921049549229 -5.559053217751876e-12
0.6299605244953337 -5.559053217751876e-12 1.259921049697261

# Matrix 1534
1.2599210498753075 1.6437887856435314e-10 0.6299605248531965
1.6437887856435314e-10 1.2599210498684137 -0.6299605248497177
0.6299605248531965 -0.6299605248497177 1.2599210498196223

# Matrix 1535
1.2599210499505693 0.6299605249053574 0.6299605249166772
0.6299605249053574 1.2599210496938384 1.7202594904119632e-10
0.6299605249166772 1.7202594904119632e-10 1.2599210498098443

# Matrix 1536
1.1905507889761517 0.39685026299187215 0.39685026299240955
0.39685026299187215 1.1905507889761506 -0.396850262991864
0.39685026299240955 -0.396850262991864 1.1905507889761426

# Matrix 1537
1.2599210518931772 -0.6299605223810014 -0.6299605238710746
-0.6299605223810014 1.2599210445259832 2.3820706518407194e-10
-0.6299605238710746 2.3820706518407194e-10 1.2599210475834903

# Matrix 1538
1.2599210503975493 0.6299605248130691 -0.6299605251443182
0.6299605248130691 1.2599210490965513 -5.221492127560641e-10
-0.6299605251443182 -5.221492127560641e-10 1.2599210497582132

# Matrix 1539
1.2599210503559524 -0.6299605239162007 -0.6299605238760184
-0.6299605239162007 1.259921048374417 -6.090226101207471e-10
-0.6299605238760184 -6.090226101207471e-10 1.2599210484030334

# Matrix 1540
1.25992104989562 0.6299605249474787 0.6299605249474745
0.6299605249474787 1.259921049894341 2.1316282072802963e-13
0.6299605249474745 2.1316282072802963e-13 1.259921049894374

# Matrix 1541
1.2599210503116716 0.6299605245465971 -0.6299605241940539
0.6299605245465971 1.259921048943429 1.564745000237628e-10
-0.6299605241940539 1.564745000237628e-10 1.2599210488559398

# Matrix 1542
1.2599210506163012 -0.6299605229071502 0.6299605232079178
-0.6299605229071502 1.259921046987653 1.1654931464377656e-9
0.6299605232079178 1.1654931464377656e-9 1.2599210475774443

# Matrix 1543
1.259921049943303 -0.6299605243207089 -0.6299605240665134
-0.6299605243207089 1.2599210495060515 -9.419485191841582e-10
-0.6299605240665134 -9.419485191841582e-10 1.2599210488368864

# Matrix 1544
1.2599210498952724 0.6299605249473914 -0.6299605249474075
0.6299605249473914 1.2599210498944184 -3.6487479704305573e-13
-0.6299605249474075 -3.6487479704305573e-13 1.2599210498944535

# Matrix 1545
1.259921049895675 4.750741466885676e-12 0.6299605249455507
4.750741466885676e-12 1.2599210498942504 -0.6299605249447497
0.6299605249455507 -0.6299605249447497 1.2599210498925415

# Matrix 1546
1.2599210492355328 -0.629960524358991 -0.6299605244910059
-0.629960524358991 1.259921050430847 0.6299605244920491
-0.6299605244910059 0.6299605244920491 1.2599210490180637

# Matrix 1547
1.2599210497304913 0.6299605247836405 -0.6299605247894222
0.6299605247836405 1.2599210500153002 -0.6299605247889376
-0.6299605247894222 -0.6299605247889376 1.2599210496186217

# Matrix 1548
1.2599210459624077 -0.6299605218357881 -0.6299605215480414
-0.6299605218357881 1.2599210497076037 -5.1790436939035005e-9
-0.6299605215480414 -5.1790436939035005e-9 1.259921050096734

# Matrix 1549
1.2599210499600273 -0.6299605249787384 0.6299605249799335
-0.6299605249787384 1.2599210498586382 -0.6299605248731179
0.6299605249799335 -0.6299605248731179 1.2599210498589406

# Matrix 1550
1.2599210510345853 -0.6299605239152439 -0.62996052373703
-0.6299605239152439 1.2599210478121952 1.839001173564697e-11
-0.62996052373703 1.839001173564697e-11 1.2599210474555425

# Matrix 1551
1.2599210499455742 -0.6299605249661635 0.6299605249453659
-0.6299605249661635 1.259921049853637 -6.295353127683225e-11
0.6299605249453659 -6.295353127683225e-11 1.2599210498487472

# Matrix 1552
1.259921049982685 -0.6299605249394317 0.6299605249187264
-0.6299605249394317 1.2599210497788282 -1.0229117552995487e-10
0.6299605249187264 -1.0229117552995487e-10 1.2599210497766884

# Matrix 1553
1.259921049003782 0.629960524184233 -0.6299605238008298
0.629960524184233 1.2599210495340225 1.9371661497125136e-9
-0.6299605238008298 1.9371661497125136e-9 1.2599210501888753

# Matrix 1554
1.2599210499093507 0.6299605249472544 0.629960524942124
0.6299605249472544 1.25992104990292 -5.420025539493113e-11
0.629960524942124 -5.420025539493113e-11 1.2599210498963298

# Matrix 1555
1.2599210486721364 0.6299605240104228 0.6299605241727959
0.6299605240104228 1.2599210495619286 0.6299605246582385
0.6299605241727959 0.6299605246582385 1.259921050116653

# Matrix 1556
1.259921049862835 -0.6299605248929685 -0.6299605249000171
-0.6299605248929685 1.2599210498625575 -6.303357835690819e-11
-0.6299605249000171 -6.303357835690819e-11 1.2599210498760787

# Matrix 1557
1.2599210498949156 -0.6299605249473627 0.6299605249474115
-0.6299605249473627 1.2599210498947608 -9.99200722162635e-16
0.6299605249474115 -9.99200722162635e-16 1.2599210498947961

# Matrix 1558
1.2599210499094258 -0.629960524944106 0.6299605249441849
-0.629960524944106 1.259921049877034 -1.1389222898117193e-11
0.6299605249441849 -1.1389222898117193e-11 1.2599210498769398

# Matrix 1559
1.259921049959895 0.6299605247918215 0.6299605246499623
0.6299605247918215 1.259921049574294 -3.126566783251379e-10
0.6299605246499623 -3.126566783251379e-10 1.2599210497330753

# Matrix 1560
1.2599210498950408 -0.6299605249469241 -0.6299605249469219
-0.6299605249469241 1.259921049894142 -2.0233814623793425e-13
-0.6299605249469219 -2.0233814623793425e-13 1.2599210498941464

# Matrix 1561
1.2599210505392233 -0.629960525227361 -0.6299605247061592
-0.629960525227361 1.2599210496526028 4.333492453767418e-10
-0.6299605247061592 4.333492453767418e-10 1.25992104904064

# Matrix 1562
1.2599210499131668 -0.6299605249538492 0.6299605249472466
-0.6299605249538492 1.2599210498878846 -0.6299605249229339
0.6299605249472466 -0.6299605249229339 1.2599210498713813

# Matrix 1563
1.1905507889761462 -0.3968502629729536 0.39685026304386856
-0.3968502629729536 1.1905507889761562 0.39685026295932485
0.39685026304386856 0.39685026295932485 1.1905507889761437

# Matrix 1564
1.2599210502093399 -0.6299605246417747 -0.6299605247943988
-0.6299605246417747 1.259921049540803 -1.8980023108738927e-10
-0.6299605247943988 -1.8980023108738927e-10 1.2599210493445885

# Matrix 1565
1.259921050081842 -0.6299605248321576 0.6299605245676543
-0.6299605248321576 1.2599210497288023 -0.6299605248188158
0.6299605245676543 -0.6299605248188158 1.259921049458187

# Matrix 1566
1.2599210499010598 -0.6299605249252909 0.6299605249290205
-0.6299605249252909 1.2599210498640918 1.2806089522143803e-11
0.6299605249290205 1.2806089522143803e-11 1.2599210498718607

# Matrix 1567
1.2599210498652633 0.6299605249152993 0.6299605248022323
0.6299605249152993 1.2599210499665585 0.6299605249029608
0.6299605248022323 0.6299605249029608 1.2599210497049198

# Matrix 1568
1.2599210500104658 -0.6299605249037835 -0.6299605248849541
-0.6299605249037835 1.2599210497449307 6.316724920907252e-11
-0.6299605248849541 6.316724920907252e-11 1.2599210497070665

# Matrix 1569
1.2599210496929487 0.6299605248191111 0.6299605247013516
0.6299605248191111 1.2599210500506237 -4.849783352689493e-10
0.6299605247013516 -4.849783352689493e-10 1.25992104983246

# Matrix 1570
1.2599210498949007 -0.6299605249473847 -0.6299605249474157
-0.6299605249473847 1.2599210498947753 -7.494005416219775e-15
-0.6299605249474157 -7.494005416219775e-15 1.2599210498948423

# Matrix 1571
1.2599210498443438 0.6299605248097887 -0.6299605248910075
0.6299605248097887 1.2599210498156261 5.804628999683837e-11
-0.6299605248910075 5.804628999683837e-11 1.2599210498214206

# Matrix 1572
1.2599210498941826 -0.6299605249461417 -0.6299605249462494
-0.6299605249461417 1.2599210498942708 -1.888544876038608e-12
-0.6299605249462494 -1.888544876038608e-12 1.2599210498943463

# Matrix 1573
1.2599210498939601 -0.6299605249455378 0.6299605249456427
-0.6299605249455378 1.259921049893939 2.758682171588583e-12
0.6299605249456427 2.758682171588583e-12 1.2599210498939402

# Matrix 1574
1.2599210501029166 -0.6299605240706174 0.6299605241209366
-0.6299605240706174 1.2599210488431822 6.951504927243962e-10
0.6299605241209366 6.951504927243962e-10 1.2599210488615142

# Matrix 1575
1.259921049139261 0.6299605244327704 0.6299605243945567
0.6299605244327704 1.2599210512389791 -1.4770528689033909e-9
0.6299605243945567 -1.4770528689033909e-9 1.2599210491195576

# Matrix 1576
1.2599210498943092 -0.6299605249471396 0.6299605249471523
-0.6299605249471396 1.2599210498950646 6.467049118441489e-13
0.6299605249471523 6.467049118441489e-13 1.2599210498950892

# Matrix 1577
1.259921049900918 0.6299605249106993 -0.6299605249115106
0.6299605249106993 1.2599210498519542 3.056749298124813e-11
-0.6299605249115106 3.056749298124813e-11 1.259921049853226

# Matrix 1578
1.259921049136471 -0.6299605239964379 -0.6299605238093872
-0.6299605239964379 1.2599210494664543 -1.6796389279427462e-9
-0.6299605238093872 -1.6796389279427462e-9 1.2599210496688567

# Matrix 1579
1.1905507889757956 0.39685026312594257 -0.3968502629255058
0.39685026312594257 1.1905507889761093 0.39685026292467096
-0.3968502629255058 0.39685026292467096 1.1905507889765137

# Matrix 1580
1.2599210498939892 1.9869175749143076e-12 -0.6299605249461023
1.9869175749143076e-12 1.2599210498939968 0.629960524945859
-0.6299605249461023 0.629960524945859 1.2599210498942752

# Matrix 1581
1.259921050457496 0.6299605236027794 0.629960523557102
0.6299605236027794 1.259921047951856 -7.309077787453989e-10
0.629960523557102 -7.309077787453989e-10 1.2599210479283423

# Matrix 1582
1.2599210510437078 0.6299605245862469 0.629960524462584
0.6299605245862469 1.2599210485650452 1.1432556568102643e-9
0.629960524462584 1.1432556568102643e-9 1.2599210478026945

# Matrix 1583
1.2599210506598724 0.629960524476882 0.6299605240407586
0.629960524476882 1.2599210493726691 -9.245049170658532e-12
0.6299605240407586 -9.245049170658532e-12 1.2599210475669318

# Matrix 1584
1.2599210500690314 0.6299605242710478 0.6299605244344031
0.6299605242710478 1.2599210489380932 -4.00455224536242e-10
0.6299605244344031 -4.00455224536242e-10 1.2599210493005157

# Matrix 1585
1.2599210499077418 -0.6299605249386231 0.6299605249354182
-0.6299605249386231 1.259921049874698 -2.2997714843597732e-12
0.6299605249354182 -2.2997714843597732e-12 1.2599210498685811

# Matrix 1586
1.2599210499595286 0.6299605249404385 -0.6299605248957226
0.6299605249404385 1.2599210501151024 3.442901519434801e-10
-0.6299605248957226 3.442901519434801e-10 1.2599210497396809

# Matrix 1587
1.2599210498948576 -0.629960524947402 0.6299605249474122
-0.629960524947402 1.259921049894856 4.374278717023018e-14
0.6299605249474122 4.374278717023018e-14 1.2599210498948612

# Matrix 1588
1.2599210497876294 -0.6299605248862996 -0.629960524888906
-0.6299605248862996 1.2599210499262703 -1.1069350991377122e-10
-0.629960524888906 -1.1069350991377122e-10 1.2599210499207065

# Matrix 1589
1.1905507889761495 0.3968502629909191 0.3968502629943138
0.3968502629909191 1.190550788976149 -0.39685026299091686
0.3968502629943138 -0.39685026299091686 1.1905507889761506

# Matrix 1590
1.1905507890454246 0.39685026324514355 0.3968502628333266
0.39685026324514355 1.1905507890563565 -0.3968502628675484
0.3968502628333266 -0.3968502628675484 1.1905507887965372

# Matrix 1591
1.259921049889916 -8.506875759373124e-12 -0.6299605249419679
-8.506875759373124e-12 1.2599210498873834 -0.6299605249388798
-0.6299605249419679 -0.6299605249388798 1.2599210498944362

# Matrix 1592
1.259921049873644 -0.6299605249324262 0.6299605249175955
-0.6299605249324262 1.2599210499070912 3.98784893995697e-11
0.6299605249175955 3.98784893995697e-11 1.2599210498777444

# Matrix 1593
1.25992104994192 -0.6299605223131762 0.6299605239079613
-0.6299605223131762 1.259921047192472 3.5303208689717994e-9
0.6299605239079613 3.5303208689717994e-9 1.2599210499897782

# Matrix 1594
1.2599210503413198 -0.6299605243932368 0.6299605247440005
-0.6299605243932368 1.259921048716592 -4.3606229738202054e-11
0.6299605247440005 -4.3606229738202054e-11 1.2599210494386401

# Matrix 1595
1.259921049644573 0.6299605246983747 -0.6299605248192549
0.6299605246983747 1.25992104986599 -0.629960524959802
-0.6299605248192549 -0.629960524959802 1.2599210499308047

# Matrix 1596
1.2599210499193025 -0.629960524943454 0.6299605249034597
-0.629960524943454 1.259921049885854 4.529154828958291e-13
0.6299605249034597 4.529154828958291e-13 1.2599210498076756

# Matrix 1597
1.2599210501381644 5.289596746726989e-10 0.6299605245163341
5.289596746726989e-10 1.2599210492663355 -0.6299605243550296
0.6299605245163341 -0.6299605243550296 1.2599210494247783

# Matrix 1598
1.2599210499271916 0.6299605249408372 -0.6299605248642209
0.6299605249408372 1.2599210498972757 2.2786217357406846e-12
-0.6299605248642209 2.2786217357406846e-12 1.259921049731145

# Matrix 1599
1.2599210452314367 -0.6299605223708434 -0.6299605223714545
-0.6299605223708434 1.2599210517315103 -6.4887052397821354e-9
-0.6299605223714545 -6.4887052397821354e-9 1.2599210517318546

# Matrix 1600
1.2599210497471356 -0.6299605245107467 -0.6299605246169004
-0.6299605245107467 1.2599210495517161 -5.30982591229185e-10
-0.6299605246169004 -5.30982591229185e-10 1.259921049766034

# Matrix 1601
1.1905507889757423 0.3968502629942016 -0.3968502629941179
0.3968502629942016 1.1905507889765126 0.39685026298823584
-0.3968502629941179 0.39685026298823584 1.1905507889765998

# Matrix 1602
1.2599210503104332 -0.6299605246657863 -0.6299605244246717
-0.6299605246657863 1.259921049301105 3.354522215559499e-11
-0.6299605244246717 3.354522215559499e-11 1.2599210488396442

# Matrix 1603
1.2599210499030398 0.6299605249496849 -0.6299605249427908
0.6299605249496849 1.259921049888329 -2.6630364580171317e-12
-0.6299605249427908 -2.6630364580171317e-12 1.2599210498855562

# Matrix 1604
1.2599210499190434 -0.6299605249263539 0.629960524918933
-0.6299605249263539 1.2599210498551014 -3.8605230123778005e-12
0.629960524918933 -3.8605230123778005e-12 1.2599210498337292

# Matrix 1605
1.2599210499739804 0.6299605249065334 0.6299605249004063
0.6299605249065334 1.2599210497567777 -7.699396675775386e-12
0.6299605249004063 -7.699396675775386e-12 1.259921049815381

# Matrix 1606
1.259921049173947 -0.6299605210026586 -0.629960521728438
-0.6299605210026586 1.2599210469414661 -4.403028830424162e-9
-0.629960521728438 -4.403028830424162e-9 1.2599210471931657

# Matrix 1607
1.259921049974585 -0.629960524695933 -0.6299605248216202
-0.629960524695933 1.2599210494952562 -1.156649775957412e-10
-0.6299605248216202 -1.156649775957412e-10 1.2599210497622244

# Matrix 1608
1.2599210498805289 0.6299605249285617 -0.6299605249334693
0.6299605249285617 1.2599210498826374 -0.6299605249534926
-0.6299605249334693 -0.6299605249534926 1.2599210499035955

# Matrix 1609
1.2599210499004103 0.6299605249376471 0.6299605249375976
0.6299605249376471 1.2599210498797522 -4.744815651491802e-12
0.6299605249375976 -4.744815651491802e-12 1.2599210498796032

# Matrix 1610
1.2599210481609417 -0.6299605232162058 -0.6299605232574547
-0.6299605232162058 1.25992104858454 -1.860185616653323e-9
-0.6299605232574547 -1.860185616653323e-9 1.2599210501956217

# Matrix 1611
1.2599210496666682 6.959908344095187e-10 0.6299605247093788
6.959908344095187e-10 1.2599210497430409 -0.6299605244565951
0.6299605247093788 -0.6299605244565951 1.2599210497989972

# Matrix 1612
1.259921049988045 -0.6299605249000769 0.6299605249638027
-0.6299605249000769 1.259921049618954 3.5967062661512366e-11
0.6299605249638027 3.5967062661512366e-11 1.2599210500292164

# Matrix 1613
1.2599210499482787 -0.6299605249487318 -0.629960524943489
-0.6299605249487318 1.2599210498439493 5.3398396815395715e-11
-0.629960524943489 5.3398396815395715e-11 1.259921049835454

# Matrix 1614
1.2599210498490696 0.6299605246943363 -0.6299605247128113
0.6299605246943363 1.2599210496704314 2.2337182103982061e-10
-0.6299605247128113 2.2337182103982061e-10 1.2599210496790003

# Matrix 1615
1.2599210498755846 0.62996052492253 0.6299605249218114
0.62996052492253 1.2599210498887616 -4.4757642037040855e-11
0.6299605249218114 -4.4757642037040855e-11 1.2599210498891658

# Matrix 1616
1.2599210491854127 -0.629960524379066 -0.6299605244380092
-0.629960524379066 1.2599210499867666 0.6299605254128063
-0.6299605244380092 0.6299605254128063 1.259921050104155

# Matrix 1617
1.25992104991936 -0.6299605249036001 0.6299605248977505
-0.6299605249036001 1.259921049823546 1.8529899836749974e-11
0.6299605248977505 1.8529899836749974e-11 1.2599210498212075

# Matrix 1618
1.2599210498646896 -0.6299605247848072 -0.629960524809048
-0.6299605247848072 1.259921049745317 -1.3542378329844971e-10
-0.629960524809048 -1.3542378329844971e-10 1.2599210497735993

# Matrix 1619
1.2599210498926785 0.6299605249360803 0.6299605249424715
0.6299605249360803 1.259921049878799 0.6299605249343754
0.6299605249424715 0.6299605249343754 1.2599210498935534

# Matrix 1620
1.2599210498783358 -0.6299605245071166 0.6299605245863609
-0.6299605245071166 1.2599210486954886 -1.232173918452867e-9
0.6299605245863609 -1.232173918452867e-9 1.2599210492263306

# Matrix 1621
1.2599210497712137 0.629960524875671 -0.6299605248753555
0.629960524875671 1.2599210499485691 2.009750699194497e-10
-0.6299605248753555 2.009750699194497e-10 1.2599210499482445

# Matrix 1622
1.2599210499752425 0.6299605248849545 0.6299605248909441
0.6299605248849545 1.2599210497445639 2.2534474286572823e-11
0.6299605248909441 2.2534474286572823e-11 1.2599210497643676

# Matrix 1623
1.2599210511012398 -0.6299605255092126 -0.6299605254906795
-0.6299605255092126 1.2599210494274486 1.4466657316525352e-9
-0.6299605254906795 1.4466657316525352e-9 1.2599210492627235

# Matrix 1624
1.2599210492344226 -0.6299605240785175 -0.6299605241946606
-0.6299605240785175 1.259921049490106 -1.0488024893007187e-9
-0.6299605241946606 -1.0488024893007187e-9 1.2599210497171827

# Matrix 1625
1.2599210501900289 -0.6299605250925933 -0.6299605250927969
-0.6299605250925933 1.2599210497215454 5.314978457349202e-10
-0.6299605250927969 5.314978457349202e-10 1.2599210497076843

# Matrix 1626
1.2599210501032307 0.6299605248447567 0.629960524938326
0.6299605248447567 1.2599210495369513 1.5247381135452622e-10
0.629960524938326 1.5247381135452622e-10 1.259921049724282

# Matrix 1627
1.2599210498895916 -0.6299605249430938 0.6299605249431318
-0.6299605249430938 1.2599210498956135 9.230116670977347e-12
0.6299605249431318 9.230116670977347e-12 1.2599210498957985

# Matrix 1628
1.2599210488370418 -0.6299605241194266 -0.629960523582664
-0.6299605241194266 1.259921049932819 -1.3607800997128004e-9
-0.629960523582664 -1.3607800997128004e-9 1.259921049250846

# Matrix 1629
1.1905507889760447 0.3968502628693803 -0.3968502632380561
0.3968502628693803 1.190550788976221 0.39685026286860786
-0.3968502632380561 0.39685026286860786 1.1905507889760776

# Matrix 1630
1.2599210498559055 -0.6299605249233406 -0.6299605249273079
-0.6299605249233406 1.2599210498984244 0.6299605249765544
-0.6299605249273079 0.6299605249765544 1.2599210499202185

# Matrix 1631
1.2599210498944273 -0.6299605249456723 0.6299605249468461
-0.6299605249456723 1.2599210498929625 1.6225354393384189e-12
0.6299605249468461 1.6225354393384189e-12 1.2599210498953202

# Matrix 1632
1.2599210519244577 0.6299605226360039 0.6299605231503249
0.6299605226360039 1.2599210452967207 -2.4673207921211212e-11
0.6299605231503249 -2.4673207921211212e-11 1.2599210463253028

# Matrix 1633
1.259921050312428 0.6299605246875698 -0.6299605246334575
0.6299605246875698 1.2599210492241304 -1.5921630680537569e-10
-0.6299605246334575 -1.5921630680537569e-10 1.2599210491376043

# Matrix 1634
1.2599210497253426 -0.6299605247134183 -0.6299605247136658
-0.6299605247134183 1.2599210499573539 -8.17317824530751e-10
-0.6299605247136658 -8.17317824530751e-10 1.2599210499795932

# Matrix 1635
1.2599210498718971 0.6299605248906053 -0.6299605249036672
0.6299605248906053 1.2599210499039621 -0.6299605249401593
-0.6299605249036672 -0.6299605249401593 1.2599210498368416

# Matrix 1636
1.2599210498916549 0.6299605249439969 0.629960524924369
0.6299605249439969 1.259921049884294 -1.5727419366839916e-11
0.629960524924369 -1.5727419366839916e-11 1.2599210498848852

# Matrix 1637
1.2599210500601434 0.6299605210467327 0.6299605211024585
0.6299605210467327 1.2599210457646293 -3.3541519006696915e-9
0.6299605211024585 -3.3541519006696915e-9 1.2599210457132823

# Matrix 1638
1.2599210498975255 0.6299605249443753 -0.62996052494326
0.6299605249443753 1.2599210498907074 3.5549896360009526e-12
-0.62996052494326 3.5549896360009526e-12 1.2599210498882218

# Matrix 1639
1.259921050402714 -0.629960524463216 0.6299605246210036
-0.629960524463216 1.2599210488258037 -1.06513464714908e-10
0.6299605246210036 -1.06513464714908e-10 1.259921049134941

# Matrix 1640
1.2599210499517137 -0.6299605249507668 0.6299605249526957
-0.6299605249507668 1.259921049833551 -6.112510497757675e-11
0.6299605249526957 -6.112510497757675e-11 1.2599210498511109

# Matrix 1641
1.259921047845347 -0.6299605237677283 -0.629960523849657
-0.6299605237677283 1.2599210505511658 -2.8446765498735384e-9
-0.629960523849657 -2.8446765498735384e-9 1.2599210508310825

# Matrix 1642
1.2599210515785992 -0.6299605256477132 -0.6299605256767526
-0.6299605256477132 1.2599210496955564 -4.1184500254586444e-11
-0.6299605256767526 -4.1184500254586444e-11 1.2599210497828017

# Matrix 1643
1.2599210499378644 -0.6299605249251854 -0.629960524920592
-0.6299605249251854 1.259921049832682 1.961797391203372e-11
-0.629960524920592 1.961797391203372e-11 1.2599210498212028

# Matrix 1644
1.259921049910918 0.6299605249398148 -0.6299605249443289
0.6299605249398148 1.2599210498683686 -0.6299605249513295
-0.6299605249443289 -0.6299605249513295 1.2599210499007751

# Matrix 1645
1.2599210498032665 -0.6299605248031286 0.6299605246830966
-0.6299605248031286 1.2599210497010966 -0.6299605248023766
0.6299605246830966 -0.6299605248023766 1.259921049811118

# Matrix 1646
1.2599210498952715 0.6299605249461194 -0.6299605249458291
0.6299605249461194 1.2599210498935458 1.3559153799746885e-12
-0.6299605249458291 1.3559153799746885e-12 1.2599210498926736

# Matrix 1647
1.2599210504086074 0.629960524186733 -0.6299605242492071
0.629960524186733 1.259921048636754 1.6435824923277522e-10
-0.6299605242492071 1.6435824923277522e-10 1.2599210486323413

# Matrix 1648
1.2599210500494757 -0.6299605248379972 0.6299605248244529
-0.6299605248379972 1.2599210496350621 -3.2038982578086086e-11
0.6299605248244529 -3.2038982578086086e-11 1.2599210496172903

# Matrix 1649
1.2599210514195982 0.6299605249158974 0.6299605251924026
0.6299605249158974 1.259921047536874 1.273768868159667e-9
0.6299605251924026 1.273768868159667e-9 1.2599210496552955

# Matrix 1650
1.259921049894671 0.6299605249470762 -0.6299605249471705
0.6299605249470762 1.2599210498947928 4.0750736118865856e-13
-0.6299605249471705 4.0750736118865856e-13 1.2599210498946591

# Matrix 1651
1.2599210520487238 0.6299605252408889 -0.6299605251374703
0.6299605252408889 1.2599210478022216 -2.8803890939066567e-9
-0.6299605251374703 -2.8803890939066567e-9 1.2599210478401122

# Matrix 1652
1.2599210498930942 -1.1432993440862996e-11 -0.6299605249415919
-1.1432993440862996e-11 1.259921049893115 -0.6299605249406794
-0.6299605249415919 -0.6299605249406794 1.2599210498906406

# Matrix 1653
1.2599210490723427 -0.6299605234024233 -0.6299605236925219
-0.6299605234024233 1.2599210491827162 -1.5819316967479968e-9
-0.6299605236925219 -1.5819316967479968e-9 1.2599210490251214

# Matrix 1654
1.259921049895024 -0.6299605249474879 0.6299605249472707
-0.6299605249474879 1.259921049894851 -0.6299605249472213
0.6299605249472707 -0.6299605249472213 1.2599210498945246

# Matrix 1655
1.2599210484311358 -0.6299605204039379 -0.6299605224778089
-0.6299605204039379 1.2599210462754087 -4.128229869060308e-9
-0.6299605224778089 -4.128229869060308e-9 1.2599210488673052

# Matrix 1656
1.2599210499261906 -0.6299605247017747 0.6299605247175507
-0.6299605247017747 1.2599210493146156 -0.62996052477041
0.6299605247175507 -0.62996052477041 1.2599210500087634

# Matrix 1657
1.2599210491934196 -0.6299605245052615 0.6299605245658333
-0.6299605245052615 1.259921050203832 -0.62996052558443
0.6299605245658333 -0.62996052558443 1.2599210501628446

# Matrix 1658
1.2599210498375975 -0.6299605248981811 0.629960524899113
-0.6299605248981811 1.259921049861445 -0.6299605249173049
0.629960524899113 -0.6299605249173049 1.2599210499004367

# Matrix 1659
1.2599210498905722 -0.6299605249442964 -0.629960524918265
-0.6299605249442964 1.2599210498845201 0.6299605249301441
-0.629960524918265 0.6299605249301441 1.2599210498764577

# Matrix 1660
1.2599210495832402 0.6299605229793463 0.6299605241355062
0.6299605229793463 1.2599210487539485 -1.5487178761652739e-9
0.6299605241355062 -1.5487178761652739e-9 1.2599210487770927

# Matrix 1661
1.259921049829204 0.629960524901006 -0.629960524900837
0.629960524901006 1.2599210499062854 1.1291451107453621e-10
-0.629960524900837 1.1291451107453621e-10 1.259921049922256

# Matrix 1662
1.2599210498156632 -0.6299605243153975 0.6299605244987325
-0.6299605243153975 1.2599210494118545 1.0869536937185743e-9
0.6299605244987325 1.0869536937185743e-9 1.2599210497671498

# Matrix 1663
1.2599210498948132 0.6299605249469233 0.6299605249469342
0.6299605249469233 1.2599210498944193 -5.644373857194237e-13
0.6299605249469342 -5.644373857194237e-13 1.259921049894429

# Matrix 1664
1.259921049642155 -0.6299605248192615 0.6299605247963865
-0.6299605248192615 1.2599210499642057 2.1057433574611467e-10
0.6299605247963865 2.1057433574611467e-10 1.259921049930581

# Matrix 1665
1.2599210498949855 0.6299605249474157 0.6299605249473205
0.6299605249474157 1.2599210498946887 0.6299605249473221
0.6299605249473205 0.6299605249473221 1.2599210498947777

# Matrix 1666
1.2599210500935878 0.6299605247241226 0.6299605247590288
0.6299605247241226 1.2599210494523017 -6.602884905504394e-12
0.6299605247590288 -6.602884905504394e-12 1.2599210495279316

# Matrix 1667
1.2599210502040037 0.6299605243048301 0.629960524565939
0.6299605243048301 1.259921049879181 -1.1165148805502814e-9
0.629960524565939 -1.1165148805502814e-9 1.2599210488772623

# Matrix 1668
1.2599210498952318 0.6299605249466862 0.6299605249465121
0.6299605249466862 1.259921049893845 -4.436451206402107e-13
0.6299605249465121 -4.436451206402107e-13 1.2599210498934856

# Matrix 1669
1.2599210505966292 -0.6299605238906262 -0.6299605240147715
-0.6299605238906262 1.2599210481209873 -3.8881592390183176e-10
-0.6299605240147715 -3.8881592390183176e-10 1.259921048339661

# Matrix 1670
1.2599210516789374 0.6299605252715441 -0.629960524994642
0.6299605252715441 1.259921048654704 -6.1794158678906e-10
-0.629960524994642 -6.1794158678906e-10 1.2599210488394124

# Matrix 1671
1.2599210498948925 -0.6299605249474208 0.6299605249474195
-0.6299605249474208 1.2599210498947122 -3.799183190267257e-13
0.6299605249474195 -3.799183190267257e-13 1.259921049894711

# Matrix 1672
1.2599210498816222 -0.6299605249356063 0.6299605249358728
-0.6299605249356063 1.2599210498966176 2.81148437863974e-11
0.6299605249358728 2.81148437863974e-11 1.2599210498983477

# Matrix 1673
1.2599210497734583 0.629960524785025 -0.6299605246311406
0.629960524785025 1.2599210495635815 -0.6299605246947708
-0.6299605246311406 -0.6299605246947708 1.2599210498599975

# Matrix 1674
1.2599210509968362 0.6299605254797556 -0.6299605240970083
0.6299605254797556 1.2599210492061113 -0.6299605233864373
-0.6299605240970083 -0.6299605233864373 1.259921048228933

# Matrix 1675
1.2599210498949465 0.6299605249473003 -0.6299605249473894
0.6299605249473003 1.2599210498946187 1.9151347174783865e-14
-0.6299605249473894 1.9151347174783865e-14 1.2599210498947981

# Matrix 1676
1.2599210465117205 -0.6299605222423061 -0.6299605222471892
-0.6299605222423061 1.259921050574872 -6.032752852824692e-9
-0.6299605222471892 -6.032752852824692e-9 1.2599210505404097

# Matrix 1677
1.2599210498961226 0.6299605249450547 0.6299605249453002
0.6299605249450547 1.259921049891333 -8.960054920237362e-13
0.6299605249453002 -8.960054920237362e-13 1.2599210498913203

# Matrix 1678
1.2599210498936018 -0.6299605249457354 -0.6299605249462668
-0.6299605249457354 1.259921049895135 0.629960524947861
-0.6299605249462668 0.629960524947861 1.2599210498942517

# Matrix 1679
1.2599210500402653 -0.6299605248581773 -0.6299605248438622
-0.6299605248581773 1.2599210496424258 6.273936925538249e-11
-0.6299605248438622 6.273936925538249e-11 1.2599210496545268

# Matrix 1680
1.2599210498703912 -0.6299605249247325 0.6299605249214196
-0.6299605249247325 1.2599210498821003 -0.6299605249169081
0.6299605249214196 -0.6299605249169081 1.259921049879295

# Matrix 1681
1.2599210498806512 0.6299605249250714 -0.6299605249236859
0.6299605249250714 1.2599210498857287 3.663525038888346e-11
-0.6299605249236859 3.663525038888346e-11 1.259921049885916

# Matrix 1682
1.2599210500314277 -0.6299605247773244 -0.6299605248530777
-0.6299605247773244 1.2599210495856157 -1.0478079515152375e-10
-0.6299605248530777 -1.0478079515152375e-10 1.2599210497392836

# Matrix 1683
1.259921049763349 -0.6299605235383402 -0.62996052415362
-0.6299605235383402 1.2599210486172863 0.6299605241456503
-0.62996052415362 0.6299605241456503 1.2599210493008512

# Matrix 1684
1.2599210503079574 0.6299605247463543 0.629960524746953
0.6299605247463543 1.259921049304815 0.6299605243855598
0.629960524746953 0.6299605243855598 1.259921049429552

# Matrix 1685
1.259921049910271 -0.6299605249480559 -0.6299605249443917
-0.6299605249480559 1.2599210498842544 1.7768397864159414e-11
-0.6299605249443917 1.7768397864159414e-11 1.2599210498698812

# Matrix 1686
1.259921051699648 -0.6299605256559528 -0.6299605255746279
-0.6299605256559528 1.2599210488634773 2.3539332150157573e-9
-0.6299605255746279 2.3539332150157573e-9 1.2599210487315573

# Matrix 1687
1.1905507889761577 0.39685026295419185 0.39685026306777854
0.39685026295419185 1.1905507889761429 -0.39685026295418807
0.39685026306777854 -0.39685026295418807 1.1905507889761568

# Matrix 1688
1.2599210501575528 0.6299605244438499 -0.6299605235707176
0.6299605244438499 1.2599210484504795 -2.9560409675610405e-11
-0.6299605235707176 -2.9560409675610405e-11 1.259921048462246

# Matrix 1689
1.2599210498870657 0.6299605249213086 -0.6299605248799557
0.6299605249213086 1.2599210498660995 6.156852805361249e-11
-0.6299605248799557 6.156852805361249e-11 1.2599210498502904

# Matrix 1690
1.2599210498955526 0.6299605249474021 0.6299605249477166
0.6299605249474021 1.2599210498942872 0.629960524946295
0.6299605249477166 0.629960524946295 1.2599210498941824

# Matrix 1691
1.2599210492274318 4.544150888907692e-10 0.6299605243852406
4.544150888907692e-10 1.2599210492774198 -0.6299605244078409
0.6299605243852406 -0.6299605244078409 1.2599210499839602

# Matrix 1692
1.2599210479086191 -1.5261436697722138e-9 -0.629960522476511
-1.5261436697722138e-9 1.259921047989487 -0.6299605232084288
-0.629960522476511 -0.6299605232084288 1.2599210493667417

# Matrix 1693
1.25992104989394 0.6299605249323713 -0.6299605249337581
0.6299605249323713 1.2599210498814861 1.538641436482625e-11
-0.6299605249337581 1.538641436482625e-11 1.2599210498814368

# Matrix 1694
1.259921049856922 -0.6299605248929524 0.6299605248907414
-0.6299605248929524 1.2599210498809414 9.874345785476677e-11
0.6299605248907414 9.874345785476677e-11 1.2599210498769964

# Matrix 1695
1.2599210499663356 0.6299605248931965 0.6299605248615413
0.6299605248931965 1.2599210497850042 1.3661849429524866e-12
0.6299605248615413 1.3661849429524866e-12 1.259921049721701

# Matrix 1696
1.259921053658747 0.6299605253754754 0.6299605251153073
0.6299605253754754 1.2599210466979924 4.0584474114701986e-9
0.6299605251153073 4.0584474114701986e-9 1.25992104616217

# Matrix 1697
1.2599210498806965 0.6299605249323359 0.6299605249384361
0.6299605249323359 1.2599210499139277 -3.899575107268995e-11
0.6299605249384361 -3.899575107268995e-11 1.259921049888583

# Matrix 1698
1.259921049891042 -0.6299605249268934 -0.6299605248977567
-0.6299605249268934 1.2599210498865276 -2.6920576878808143e-11
-0.6299605248977567 -2.6920576878808143e-11 1.259921049832643

# Matrix 1699
1.2599210498718094 -0.6299605249254028 0.6299605249319309
-0.6299605249254028 1.2599210498957 3.94219101806923e-11
0.6299605249319309 3.94219101806923e-11 1.2599210499010267

# Matrix 1700
1.259921049896789 0.6299605249478197 0.629960524947734
0.6299605249478197 1.2599210498934008 2.195799098103636e-12
0.629960524947734 2.195799098103636e-12 1.2599210498932347

# Matrix 1701
1.2599210498770836 -0.6299605249319115 -0.6299605249301645
-0.6299605249319115 1.2599210498906255 -1.0278389250828528e-11
-0.6299605249301645 -1.0278389250828528e-11 1.2599210498859632

# Matrix 1702
1.2599210498772409 0.6299605249366588 0.6299605249369058
0.6299605249366588 1.2599210499024247 -2.905453655444044e-11
0.6299605249369058 -2.905453655444044e-11 1.2599210499017897

# Matrix 1703
1.2599210498332203 1.8892547248849897e-10 0.629960524822139
1.8892547248849897e-10 1.2599210498319453 -0.6299605248209069
0.629960524822139 -0.6299605248209069 1.259921049830944

# Matrix 1704
1.2599210476596983 0.6299605230863803 0.6299605231214255
0.6299605230863803 1.2599210508464471 -5.513768885911899e-9
0.6299605231214255 -5.513768885911899e-9 1.2599210506832887

# Matrix 1705
1.2599210498954165 0.6299605249452505 0.6299605249462329
0.6299605249452505 1.2599210498916933 -9.92761428619812e-13
0.6299605249462329 -9.92761428619812e-13 1.2599210498934703

# Matrix 1706
1.2599210464014945 -0.62996052286975 -0.6299605229013746
-0.62996052286975 1.2599210505347707 -3.2356013979217996e-9
-0.6299605229013746 -3.2356013979217996e-9 1.25992105057155

# Matrix 1707
1.2599210494496815 0.6299605244999782 0.6299605245818557
0.6299605244999782 1.2599210499856788 -9.703770564861668e-10
0.6299605245818557 -9.703770564861668e-10 1.2599210499605222

# Matrix 1708
1.2599210521250679 -0.6299605243103042 -0.629960526028515
-0.6299605243103042 1.2599210476585936 0.6299605237761557
-0.629960526028515 0.6299605237761557 1.2599210494160678

# Matrix 1709
1.259921049889718 0.6299605249306245 -0.6299605249361695
0.6299605249306245 1.2599210498867917 2.010214217307298e-11
-0.6299605249361695 2.010214217307298e-11 1.2599210498857911

# Matrix 1710
1.2599210494048294 -0.6299605246337353 -0.6299605246348707
-0.6299605246337353 1.2599210500328464 0.6299605250640135
-0.6299605246348707 0.6299605250640135 1.25992104990715

# Matrix 1711
1.2599210498917595 0.6299605249442437 0.6299605249414926
0.6299605249442437 1.2599210498899827 2.9569124926354365e-12
0.6299605249414926 2.9569124926354365e-12 1.2599210498897615

# Matrix 1712
1.2599210494172477 -0.6299605244886869 -0.6299605243821227
-0.6299605244886869 1.2599210501103868 -1.41986650215032e-9
-0.6299605243821227 -1.41986650215032e-9 1.259921049897353

# Matrix 1713
1.259921049913036 -0.6299605247979242 -0.6299605242707671
-0.6299605247979242 1.2599210489212243 -1.2938839999421117e-9
-0.6299605242707671 -1.2938839999421117e-9 1.2599210506053184

# Matrix 1714
1.2599210516258461 -0.6299605255946095 0.6299605257766181
-0.6299605255946095 1.259921048781902 -2.4902640505252747e-9
0.6299605257766181 -2.4902640505252747e-9 1.2599210490081771

# Matrix 1715
1.2599210498717461 -0.6299605249357305 -0.6299605249356781
-0.6299605249357305 1.2599210499064353 0.6299605249694193
-0.6299605249356781 0.6299605249694193 1.2599210499054503

# Matrix 1716
1.2599210499277795 -0.6299605249610893 0.6299605249609093
-0.6299605249610893 1.2599210498787614 -3.702910200686876e-11
0.6299605249609093 -3.702910200686876e-11 1.2599210498785909

# Matrix 1717
1.2599210498211924 -0.6299605248367436 -0.6299605248568931
-0.6299605248367436 1.2599210498690798 -1.7477208569260848e-10
-0.6299605248568931 -1.7477208569260848e-10 1.259921049867107

# Matrix 1718
1.2599210498925946 -0.6299605249408764 -0.6299605249432326
-0.6299605249408764 1.2599210498861413 0.6299605249453689
-0.6299605249432326 0.6299605249453689 1.2599210498973292

# Matrix 1719
1.2599210497538582 0.6299605248566238 -0.6299605247797277
0.6299605248566238 1.2599210497831896 -3.4300340345794014e-13
-0.6299605247797277 -3.4300340345794014e-13 1.259921049849652

# Matrix 1720
1.2599210498949711 0.6299605249473292 -0.6299605249473331
0.6299605249473292 1.2599210498946571 3.885780586188042e-15
-0.6299605249473331 3.885780586188042e-15 1.2599210498946798

# Matrix 1721
1.2599210498487283 0.6299605248514715 0.6299605249068887
0.6299605248514715 1.2599210498752025 -1.0237838354853954e-10
0.6299605249068887 -1.0237838354853954e-10 1.2599210498623052

# Matrix 1722
1.2599210502032274 0.6299605244095353 0.6299605243101276
0.6299605244095353 1.2599210491222843 -4.2513481623984624e-10
0.6299605243101276 -4.2513481623984624e-10 1.2599210489727992

# Matrix 1723
1.259921049884458 -0.6299605249125275 -0.6299605249142816
-0.6299605249125275 1.2599210498710698 -4.494027372459209e-11
-0.6299605249142816 -4.494027372459209e-11 1.2599210498717714

# Matrix 1724
1.2599210498954263 -0.6299605249473298 -0.629960524943233
-0.6299605249473298 1.2599210498914708 0.6299605249429711
-0.629960524943233 0.6299605249429711 1.2599210498918716

# Matrix 1725
1.2599210499009494 -0.6299605249409556 -0.6299605249417204
-0.6299605249409556 1.2599210498825184 -6.529221607820511e-13
-0.6299605249417204 -6.529221607820511e-13 1.2599210498832987

# Matrix 1726
1.2599210498881714 1.5498824446069658e-11 -0.629960524939276
1.5498824446069658e-11 1.2599210498923363 0.6299605249367934
-0.629960524939276 0.6299605249367934 1.2599210498907476

# Matrix 1727
1.2599210501531648 -0.6299605249053077 -0.6299605249313576
-0.6299605249053077 1.2599210496075561 2.2850826786324678e-10
-0.6299605249313576 2.2850826786324678e-10 1.2599210496078521

# Matrix 1728
1.259921049898149 0.6299605247293324 -0.6299605247082227
0.6299605247293324 1.259921049829199 4.4225501039107076e-10
-0.6299605247082227 4.4225501039107076e-10 1.2599210496412585

# Matrix 1729
1.2599210487508503 0.6299605223329763 -0.6299605213879236
0.6299605223329763 1.2599210481325247 5.8293143090356476e-9
-0.6299605213879236 5.8293143090356476e-9 1.2599210488368306

# Matrix 1730
1.2599210496375197 -0.6299605247034445 -0.629960524657524
-0.6299605247034445 1.2599210498874835 -5.24506105215041e-10
-0.629960524657524 -5.24506105215041e-10 1.2599210498831983

# Matrix 1731
1.2599210498950104 0.6299605249473229 -0.6299605249472935
0.6299605249473229 1.2599210498946343 -9.769962616701324e-15
-0.6299605249472935 -9.769962616701324e-15 1.25992104989458

# Matrix 1732
1.2599210488539692 0.6299605243026489 -0.6299605242865454
0.6299605243026489 1.2599210497133762 -0.6299605242250338
-0.6299605242865454 -0.6299605242250338 1.2599210497652193

# Matrix 1733
1.1905507889773612 -0.3968502629641295 0.3968502630437325
-0.3968502629641295 1.1905507889777331 0.3968502629697393
0.3968502630437325 0.3968502629697393 1.190550788974806

# Matrix 1734
1.259921049911287 -0.6299605248706887 0.6299605248229005
-0.6299605248706887 1.259921049929527 -0.6299605251050043
0.6299605248229005 -0.6299605251050043 1.2599210498146614

# Matrix 1735
1.2599210490497093 -0.6299605243357402 -0.6299605243450642
-0.6299605243357402 1.2599210500982976 -1.4504111800484133e-9
-0.6299605243450642 -1.4504111800484133e-9 1.2599210501665166

# Matrix 1736
1.2599210498946631 0.6299605249470861 0.6299605249470942
0.6299605249470861 1.259921049894737 -5.398459457239797e-13
0.6299605249470942 -5.398459457239797e-13 1.259921049894725

# Matrix 1737
1.2599210500753582 0.6299605244165465 -0.6299605247060023
0.6299605244165465 1.2599210492973112 8.360867553846941e-11
-0.6299605247060023 8.360867553846941e-11 1.2599210492777622

# Matrix 1738
1.2599210499014264 0.629960524948275 -0.6299605249492883
0.629960524948275 1.2599210498923745 -7.895906151134035e-13
-0.6299605249492883 -7.895906151134035e-13 1.2599210498916946

# Matrix 1739
1.259921049894911 -1.8735013540549445e-16 -0.6299605249474544
-1.8735013540549445e-16 1.259921049894844 0.629960524947421
-0.6299605249474544 0.629960524947421 1.2599210498948687

# Matrix 1740
1.2599210492419144 -0.6299605239226723 -0.6299605234181793
-0.6299605239226723 1.2599210493095732 -2.0045190507467254e-9
-0.6299605234181793 -2.0045190507467254e-9 1.2599210492817687

# Matrix 1741
1.2599210498947224 0.6299605249473601 0.6299605249473601
0.6299605249473601 1.2599210498948927 -6.222800053023936e-14
0.6299605249473601 -6.222800053023936e-14 1.2599210498948927

# Matrix 1742
1.2599210521907422 -0.6299605231034943 0.6299605219767377
-0.6299605231034943 1.2599210463181747 1.296177054577185e-10
0.6299605219767377 1.296177054577185e-10 1.259921044077303

# Matrix 1743
1.259921049885943 -0.6299605249402583 -0.6299605249407328
-0.6299605249402583 1.259921049896027 -1.545563677041151e-11
-0.6299605249407328 -1.545563677041151e-11 1.2599210498974205

# Matrix 1744
1.2599210498880278 -0.6299605249332819 0.6299605249285188
-0.6299605249332819 1.2599210498840867 2.181532732237179e-11
0.6299605249285188 2.181532732237179e-11 1.259921049885234

# Matrix 1745
1.2599210498980735 0.6299605249468432 -0.6299605249449345
0.6299605249468432 1.2599210498902418 -1.3301026946521611e-12
-0.6299605249449345 -1.3301026946521611e-12 1.2599210498902231

# Matrix 1746
1.2599210500520164 -0.62996052479411 0.6299605249182216
-0.62996052479411 1.2599210497882987 1.4902845624220486e-10
0.6299605249182216 1.4902845624220486e-10 1.2599210496478874

# Matrix 1747
1.259921049977124 0.629960524846275 -0.629960524862512
0.629960524846275 1.2599210497195934 7.572165117153455e-12
-0.629960524862512 7.572165117153455e-12 1.259921049717418

# Matrix 1748
1.2599210502224212 -0.6299605249768854 0.6299605246469149
-0.6299605249768854 1.2599210492728585 -8.473344248471928e-10
0.6299605246469149 -8.473344248471928e-10 1.2599210491538366

# Matrix 1749
1.259921049868568 0.6299605249009337 0.6299605249156485
0.6299605249009337 1.2599210498602766 -4.287509236533557e-11
0.6299605249156485 -4.287509236533557e-11 1.2599210498887388

# Matrix 1750
1.2599210494224236 -0.6299605236740236 0.6299605239700665
-0.6299605236740236 1.2599210491589452 1.7026374199424778e-9
0.6299605239700665 1.7026374199424778e-9 1.2599210493947812

# Matrix 1751
1.2599210498949645 4.2008063694254234e-14 0.6299605249474605
4.2008063694254234e-14 1.2599210498946949 -0.6299605249473238
0.6299605249474605 -0.6299605249473238 1.25992104989487

# Matrix 1752
1.2599210507478962 0.629960525083542 0.6299605249984336
0.629960525083542 1.259921049108608 1.0709969577860056e-9
0.6299605249984336 1.0709969577860056e-9 1.259921049079246

# Matrix 1753
1.2599210499359077 0.6299605239830128 0.6299605246756187
0.6299605239830128 1.25992104955892 0.6299605242698529
0.6299605246756187 0.6299605242698529 1.2599210489139083

# Matrix 1754
1.2599210498955173 0.6299605249465071 0.6299605249467344
0.6299605249465071 1.2599210498931577 -8.443246102274299e-14
0.6299605249467344 -8.443246102274299e-14 1.2599210498936106

# Matrix 1755
1.2599210499179414 0.6299605249249537 0.6299605249281512
0.6299605249249537 1.2599210498494948 1.5496492977717862e-12
0.6299605249281512 1.5496492977717862e-12 1.2599210498527698

# Matrix 1756
1.259921049403393 -0.6299605245961234 -0.6299605244649783
-0.6299605245961234 1.2599210495710023 7.359145515195535e-10
-0.6299605244649783 7.359145515195535e-10 1.2599210492717456

# Matrix 1757
1.2599210498951674 -0.6299605249469143 0.6299605249468055
-0.6299605249469143 1.2599210498941387 2.834399381868004e-13
0.6299605249468055 2.834399381868004e-13 1.2599210498938662

# Matrix 1758
1.2599210513636667 -0.6299605237977167 -0.6299605230991268
-0.6299605237977167 1.2599210475779545 2.3448909480805265e-11
-0.6299605230991268 2.3448909480805265e-11 1.2599210462403951

# Matrix 1759
1.2599210499168916 0.629960524951053 0.6299605249462409
0.629960524951053 1.2599210498793267 2.1541768369104507e-11
0.6299605249462409 2.1541768369104507e-11 1.2599210498699283

# Matrix 1760
1.2599210497137499 0.6299605248457639 0.6299605248464722
0.6299605248457639 1.259921049997443 -3.550249538797328e-10
0.6299605248464722 -3.550249538797328e-10 1.259921050000302

# Matrix 1761
1.2599210501716638 0.6299605247482368 -0.6299605243404317
0.6299605247482368 1.2599210494683541 3.9315684041696314e-10
-0.6299605243404317 3.9315684041696314e-10 1.2599210491395034

# Matrix 1762
1.2599210499515663 -0.6299605248703213 -0.6299605249111244
-0.6299605248703213 1.2599210497406277 -3.926969860401607e-12
-0.6299605249111244 -3.926969860401607e-12 1.2599210498249092

# Matrix 1763
1.2599210499200928 -0.6299605249526133 -0.629960524952628
-0.6299605249526133 1.2599210498745845 3.117023306131716e-11
-0.629960524952628 3.117023306131716e-11 1.2599210498745796

# Matrix 1764
1.2599210504287275 -0.6299605247473601 0.6299605247973672
-0.6299605247473601 1.2599210496655215 7.330952511708194e-11
0.6299605247973672 7.330952511708194e-11 1.259921048994431

# Matrix 1765
1.2599210499552695 0.629960524772514 -0.6299605247774187
0.629960524772514 1.2599210497082067 -0.6299605245616264
-0.6299605247774187 -0.6299605245616264 1.2599210495339759

# Matrix 1766
1.2599210478307934 -0.629960523844586 0.6299605238532926
-0.629960523844586 1.25992104962636 -0.6299605240752061
0.6299605238532926 -0.6299605240752061 1.2599210501813158

# Matrix 1767
1.259921047497328 0.6299605233325385 0.6299605233167351
0.6299605233325385 1.2599210510914365 -4.2788499410306365e-9
0.6299605233167351 -4.2788499410306365e-9 1.259921050420137

# Matrix 1768
1.2599210498843263 -0.6299605248827698 -0.6299605249113253
-0.6299605248827698 1.2599210498549305 0.629960524934675
-0.6299605249113253 0.629960524934675 1.25992104986967

# Matrix 1769
1.2599210439501947 0.6299605218432947 -0.6299605218434902
0.6299605218432947 1.2599210526888582 8.75876399186732e-9
-0.6299605218434902 8.75876399186732e-9 1.2599210525888513

# Matrix 1770
1.259921049867499 0.6299605249314199 -0.6299605249301407
0.6299605249314199 1.2599210499103937 5.650963030845397e-11
-0.6299605249301407 5.650963030845397e-11 1.259921049909108

# Matrix 1771
1.2599210498964049 0.6299605249198393 0.6299605249452536
0.6299605249198393 1.2599210498374513 6.918354777951631e-13
0.6299605249452536 6.918354777951631e-13 1.2599210499100846

# Matrix 1772
1.2599210507520398 -0.6299605252140154 -0.6299605241438966
-0.6299605252140154 1.2599210502312628 -5.123040880405963e-11
-0.6299605241438966 -5.123040880405963e-11 1.2599210477338003

# Matrix 1773
1.2599210499047524 -0.6299605249370345 -0.6299605249378047
-0.6299605249370345 1.2599210498739375 1.2678746941219252e-13
-0.6299605249378047 1.2678746941219252e-13 1.2599210498758402

# Matrix 1774
1.2599210474270586 0.6299605205572538 0.62996052020583
0.6299605205572538 1.2599210476402163 -5.9071696978384926e-9
0.62996052020583 -5.9071696978384926e-9 1.2599210472023434

# Matrix 1775
1.2599210495774384 0.6299605228272963 0.6299605232669215
0.6299605228272963 1.2599210483915824 3.711397855710019e-11
0.6299605232669215 3.711397855710019e-11 1.259921046729127

# Matrix 1776
1.259921049862967 0.6299605249216175 0.6299605249265675
0.6299605249216175 1.259921049899171 -5.3388959919686944e-11
0.6299605249265675 -5.3388959919686944e-11 1.2599210499064586

# Matrix 1777
1.2599210508786054 0.6299605238435858 0.629960524233549
0.6299605238435858 1.2599210475014735 1.4068468612293879e-11
0.629960524233549 1.4068468612293879e-11 1.2599210485435999

# Matrix 1778
1.25992104915143 0.6299605245339452 -0.6299605245644865
0.6299605245339452 1.2599210498724516 2.7476354524935063e-11
-0.6299605245644865 2.7476354524935063e-11 1.2599210498649474

# Matrix 1779
1.2599210511098007 -0.629960521438867 0.629960523326035
-0.629960521438867 1.2599210445646802 4.288397414953029e-11
0.629960523326035 4.288397414953029e-11 1.2599210467937907

# Matrix 1780
1.2599210497617035 0.6299605248683126 0.6299605248604817
0.6299605248683126 1.2599210499715454 -2.904137486048324e-10
0.6299605248604817 -2.904137486048324e-10 1.259921049967931

# Matrix 1781
1.2599210518210093 0.6299605258407168 -0.6299605248008351
0.6299605258407168 1.2599210490605641 -5.09264741488367e-10
-0.6299605248008351 -5.09264741488367e-10 1.2599210488170625

# Matrix 1782
1.2599210501068157 0.6299605230657341 0.6299605223388502
0.6299605230657341 1.2599210480111087 -2.4334415038573888e-9
0.6299605223388502 -2.4334415038573888e-9 1.25992104713129

# Matrix 1783
1.2599210499741744 0.6299605232506837 0.6299605235417165
0.6299605232506837 1.2599210472088318 -1.8554112690694028e-9
0.6299605235417165 -1.8554112690694028e-9 1.2599210495754896

# Matrix 1784
1.259921049551819 -0.6299605245676394 0.6299605244688072
-0.6299605245676394 1.259921049765199 7.559438075510649e-10
0.6299605244688072 7.559438075510649e-10 1.2599210498413467

# Matrix 1785
1.2599210498968338 0.6299605249463768 0.6299605249453689
0.6299605249463768 1.2599210498925562 -2.5252022695099246e-13
0.6299605249453689 -2.5252022695099246e-13 1.2599210498905744

# Matrix 1786
1.2599210494176292 -0.6299605246035663 0.6299605245971045
-0.6299605246035663 1.2599210500151972 -0.6299605246034242
0.6299605245971045 -0.6299605246034242 1.2599210495596502

# Matrix 1787
1.2599210499195506 -0.6299605249497614 0.6299605249267183
-0.6299605249497614 1.2599210498903042 1.9493795466729386e-11
0.6299605249267183 1.9493795466729386e-11 1.2599210498550104

# Matrix 1788
1.2599210498867228 2.7802017632527635e-11 0.629960524929566
2.7802017632527635e-11 1.2599210498857838 -0.629960524928567
0.629960524929566 -0.629960524928567 1.2599210498849638

# Matrix 1789
1.2599210455535255 -0.6299605227082308 -0.6299605222484949
-0.6299605227082308 1.259921050591251 0.6299605264686148
-0.6299605222484949 0.6299605264686148 1.2599210512618637

# Matrix 1790
1.25992104957402 0.6299605244213952 0.6299605244367001
0.6299605244213952 1.2599210497233073 -9.164753955737198e-10
0.6299605244367001 -9.164753955737198e-10 1.2599210497228563

# Matrix 1791
1.2599210499359506 0.629960524822518 -0.6299605248428872
0.629960524822518 1.2599210497446844 4.2282843892849425e-13
-0.6299605248428872 4.2282843892849425e-13 1.2599210496846165

# Matrix 1792
1.2599210493183017 -0.6299605245353848 -0.6299605245339692
-0.6299605245353848 1.2599210500500633 -9.940129830354786e-10
-0.6299605245339692 -9.940129830354786e-10 1.259921050070428

# Matrix 1793
1.2599210498957014 -0.6299605249459589 0.629960524945643
-0.6299605249459589 1.259921049896545 -0.6299605249457604
0.629960524945643 -0.6299605249457604 1.2599210498890747

# Matrix 1794
1.2599210512397911 0.6299605247242365 -0.6299605252560562
0.6299605247242365 1.259921049524504 -3.6369240952181753e-12
-0.6299605252560562 -3.6369240952181753e-12 1.2599210485834864

# Matrix 1795
1.2599210460820895 -0.629960522186897 -0.6299605223491079
-0.629960522186897 1.2599210509063659 -6.547573816462104e-9
-0.6299605223491079 -6.547573816462104e-9 1.2599210511869836

# Matrix 1796
1.2599210498882587 -0.6299605249439845 0.629960524943932
-0.6299605249439845 1.2599210498935685 3.3018587863864286e-12
0.629960524943932 3.3018587863864286e-12 1.259921049897923

# Matrix 1797
1.259921049894859 0.6299605249474274 0.6299605249474264
0.6299605249474274 1.2599210498948756 0.6299605249474469
0.6299605249474264 0.6299605249474469 1.2599210498948787

# Matrix 1798
1.2599210498110645 0.6299605248926169 -0.6299605246762561
0.6299605248926169 1.2599210498377253 2.3270929627727877e-10
-0.6299605246762561 2.3270929627727877e-10 1.2599210497842384

# Matrix 1799
1.2599210499305884 -0.629960524943397 0.6299605249217802
-0.629960524943397 1.2599210498537259 -2.4981461343998106e-11
0.6299605249217802 -2.4981461343998106e-11 1.2599210498321511

# Matrix 1800
1.2599210498944513 3.3395508580724724e-13 -0.6299605249470585
3.3395508580724724e-13 1.2599210498945619 0.6299605249471133
-0.6299605249470585 0.6299605249471133 1.2599210498948887

# Matrix 1801
1.2599210498958788 -0.6299605249463812 0.6299605249465986
-0.6299605249463812 1.2599210498927196 -6.011857678345184e-14
0.6299605249465986 -6.011857678345184e-14 1.2599210498931213

# Matrix 1802
1.2599210499136178 -0.6299605249508277 0.6299605249556004
-0.6299605249508277 1.2599210498935063 1.269540028658866e-13
0.6299605249556004 1.269540028658866e-13 1.259921049886738

# Matrix 1803
1.2599210505767933 0.6299605248788565 0.6299605249829929
0.6299605248788565 1.2599210491026165 6.66522559367166e-10
0.6299605249829929 6.66522559367166e-10 1.2599210492895228

# Matrix 1804
1.2599210502198714 -0.6299605243163741 -0.6299605250311829
-0.6299605243163741 1.2599210495881565 -3.4587155361975574e-10
-0.6299605250311829 -3.4587155361975574e-10 1.2599210492690849

# Matrix 1805
1.2599210498105178 0.6299605246535823 0.6299605247528619
0.6299605246535823 1.2599210497082933 -7.568026205717559e-10
0.6299605247528619 -7.568026205717559e-10 1.259921050047223

# Matrix 1806
1.2599210498898643 0.6299605249364518 -0.6299605249375555
0.6299605249364518 1.2599210498883084 1.5258960761599254e-11
-0.6299605249375555 1.5258960761599254e-11 1.2599210498904678

# Matrix 1807
1.2599210502813791 0.6299605248870039 0.629960524814646
0.6299605248870039 1.2599210494860114 2.778466345887416e-10
0.629960524814646 2.778466345887416e-10 1.259921049345532

# Matrix 1808
1.25992104989504 0.6299605249472366 0.6299605249473357
0.6299605249472366 1.2599210498944609 1.6986412276764864e-14
0.6299605249473357 1.6986412276764864e-14 1.2599210498946505

# Matrix 1809
1.2599210498840632 0.6299605249418819 -0.6299605249420112
0.6299605249418819 1.259921049900988 -0.6299605249612161
-0.6299605249420112 -0.6299605249612161 1.2599210499014348

# Matrix 1810
1.2599210495311814 -0.62996052351456 0.6299605234764134
-0.62996052351456 1.2599210486683494 1.5493820115786185e-9
0.6299605234764134 1.5493820115786185e-9 1.259921048767374

# Matrix 1811
1.2599210500396854 0.6299605246441187 0.6299605246735062
0.6299605246441187 1.2599210494998887 -3.413517801753557e-10
0.6299605246735062 -3.413517801753557e-10 1.259921049554678

# Matrix 1812
1.2599210516194925 0.6299605253301315 0.6299605254033579
0.6299605253301315 1.2599210486502783 1.6004792491308472e-9
0.6299605254033579 1.6004792491308472e-9 1.2599210488911445

# Matrix 1813
1.259921049879606 -0.6299605249357749 -0.6299605249332663
-0.6299605249357749 1.2599210498783597 0.6299605249452422
-0.6299605249332663 0.6299605249452422 1.2599210499079696

# Matrix 1814
1.2599210505711174 0.6299605252419321 -0.6299605252769578
0.6299605252419321 1.2599210494214272 -1.284063522177812e-9
-0.6299605252769578 -1.284063522177812e-9 1.25992104944264

# Matrix 1815
1.2599210499065123 -0.6299605249506323 -0.6299605249508365
-0.6299605249506323 1.2599210498925806 1.0639766845343879e-11
-0.6299605249508365 1.0639766845343879e-11 1.2599210498833475

# Matrix 1816
1.2599210498191853 -0.6299605247286062 0.6299605247939852
-0.6299605247286062 1.259921049772329 3.016367711161627e-10
0.6299605247939852 3.016367711161627e-10 1.25992104982305

# Matrix 1817
1.2599210499258255 0.6299605249244274 0.6299605249191332
0.6299605249244274 1.259921049835977 1.9065304890375178e-12
0.6299605249191332 1.9065304890375178e-12 1.259921049842812

# Matrix 1818
1.2599210498974254 0.6299605249485735 0.6299605249487086
0.6299605249485735 1.2599210498940017 0.6299605249464852
0.6299605249487086 0.6299605249464852 1.2599210498941642

# Matrix 1819
1.2599210499036257 0.6299605249348018 0.6299605249358547
0.6299605249348018 1.2599210498720161 -2.4503732376501717e-12
0.6299605249358547 -2.4503732376501717e-12 1.259921049875405

# Matrix 1820
1.2599210498960927 -0.6299605249467952 0.6299605249459125
-0.6299605249467952 1.2599210498934592 -1.2823075934420447e-13
0.6299605249459125 -1.2823075934420447e-13 1.2599210498916886

# Matrix 1821
1.2599210498949853 0.6299605249472944 0.6299605249472541
0.6299605249472944 1.2599210498945985 -8.631984016460615e-14
0.6299605249472541 -8.631984016460615e-14 1.2599210498946227

# Matrix 1822
1.2599210498842033 0.6299605249359717 -0.629960524942068
0.6299605249359717 1.2599210498908995 -0.6299605249557776
-0.629960524942068 -0.6299605249557776 1.2599210499038551

# Matrix 1823
1.259921049121823 -0.629960523737384 -0.6299605231247871
-0.629960523737384 1.2599210491602697 -2.31790697746704e-9
-0.6299605231247871 -2.31790697746704e-9 1.2599210491618789

# Matrix 1824
1.259921049881571 -0.6299605249342919 0.6299605249392428
-0.6299605249342919 1.2599210498965865 3.0203506362624766e-11
0.6299605249392428 3.0203506362624766e-11 1.2599210499025804

# Matrix 1825
1.2599210524150943 0.6299605257875144 -0.6299605254067856
0.6299605257875144 1.259921048700293 -8.603089907132861e-10
-0.6299605254067856 -8.603089907132861e-10 1.259921048888188

# Matrix 1826
1.259921049814349 -0.6299605248884822 -0.6299605248706134
-0.6299605248884822 1.2599210498466715 -9.055800553880899e-11
-0.6299605248706134 -9.055800553880899e-11 1.2599210499297757

# Matrix 1827
1.2599210500507028 0.6299605244878467 -0.6299605243749997
0.6299605244878467 1.2599210496874889 9.437569059578005e-10
-0.6299605243749997 9.437569059578005e-10 1.2599210491476205

# Matrix 1828
1.2599210497348967 0.6299605248670221 -0.6299605248670229
0.6299605248670221 1.2599210499830051 2.662911002815341e-10
-0.6299605248670229 2.662911002815341e-10 1.2599210499831328

# Matrix 1829
1.2599210498731548 -4.038082368484914e-12 -0.6299605249336443
-4.038082368484914e-12 1.259921049871781 0.6299605249355046
-0.6299605249336443 0.6299605249355046 1.2599210499007376

# Matrix 1830
1.2599210497427218 -0.6299605229000803 0.629960524010568
-0.6299605229000803 1.2599210485620984 1.6306372363494677e-9
0.629960524010568 1.6306372363494677e-9 1.2599210485386412

# Matrix 1831
1.259921046044001 0.6299605208042106 0.6299605221175535
0.6299605208042106 1.259921049040621 -6.2203465156506295e-9
0.6299605221175535 -6.2203465156506295e-9 1.2599210507330405

# Matrix 1832
1.2599210496000366 -0.629960524367561 0.6299605243871944
-0.629960524367561 1.2599210495703275 8.361037973081432e-10
0.6299605243871944 8.361037973081432e-10 1.25992104964978

# Matrix 1833
1.2599210498917142 0.6299605249418646 0.6299605249200839
0.6299605249418646 1.259921049863456 2.2026491741655747e-11
0.6299605249200839 2.2026491741655747e-11 1.2599210498719187

# Matrix 1834
1.2599210490835253 0.6299605239010607 -0.6299605239506564
0.6299605239010607 1.2599210484772168 -0.6299605237257454
-0.6299605239506564 -0.6299605237257454 1.2599210499473126

# Matrix 1835
1.2599210507453158 0.6299605245772653 0.629960524285257
0.6299605245772653 1.259921048600764 -2.3185625641630821e-10
0.629960524285257 -2.3185625641630821e-10 1.259921048833162

# Matrix 1836
1.259921050275978 -0.629960524109198 0.6299605238420256
-0.629960524109198 1.2599210489488313 6.425621146277664e-10
0.6299605238420256 6.425621146277664e-10 1.2599210481696177

# Matrix 1837
1.2599210496459032 -0.6299605247005855 -0.6299605246942186
-0.6299605247005855 1.2599210498988624 -4.52889559188206e-10
-0.6299605246942186 -4.52889559188206e-10 1.2599210498580118

# Matrix 1838
1.2599210495952187 0.6299605242069444 0.6299605232003933
0.6299605242069444 1.259921049836244 0.6299605247642408
0.6299605232003933 0.6299605247642408 1.2599210484726693

# Matrix 1839
1.2599210498950688 0.6299605249302859 -0.6299605249225749
0.6299605249302859 1.2599210498708977 1.914390868051892e-11
-0.6299605249225749 1.914390868051892e-11 1.259921049875334

# Matrix 1840
1.2599210499060745 -0.6299605249495914 0.6299605249494765
-0.6299605249495914 1.2599210498859765 -1.3346268534775056e-11
0.6299605249494765 -1.3346268534775056e-11 1.2599210498855307

# Matrix 1841
1.25992105011376 0.629960524913696 0.6299605249168945
0.629960524913696 1.2599210495404038 2.222790285166821e-10
0.6299605249168945 2.222790285166821e-10 1.2599210497235969

# Matrix 1842
1.2599210517219206 -0.6299605256468793 -0.6299605257104451
-0.6299605256468793 1.259921049113832 1.8953051350578775e-9
-0.6299605257104451 1.8953051350578775e-9 1.2599210489262493

# Matrix 1843
1.2599210499864328 0.629960524987398 -0.6299605249701786
0.629960524987398 1.259921049844056 -0.6299605248328468
-0.6299605249701786 -0.6299605248328468 1.2599210498195401

# Matrix 1844
1.2599210499119364 -0.6299605249536111 -0.6299605249142918
-0.6299605249536111 1.2599210499052174 1.5165091404867128e-12
-0.6299605249142918 1.5165091404867128e-12 1.2599210498248068

# Matrix 1845
1.2599210498972797 0.6299605249458688 -0.6299605249450515
0.6299605249458688 1.2599210498913183 -5.224709553885926e-13
-0.6299605249450515 -5.224709553885926e-13 1.2599210498896003

# Matrix 1846
1.2599210498888844 -0.6299605249405008 0.6299605249355258
-0.6299605249405008 1.2599210498944622 1.5175694034752367e-11
0.6299605249355258 1.5175694034752367e-11 1.2599210498882571

# Matrix 1847
1.2599210510299528 0.629960524207693 -0.6299605240078768
0.629960524207693 1.2599210479315393 -1.326138643342748e-10
-0.6299605240078768 -1.326138643342748e-10 1.2599210480172869

# Matrix 1848
1.2599210499056157 0.6299605249260852 -0.6299605249385725
0.6299605249260852 1.259921049856582 4.453881707888766e-12
-0.6299605249385725 4.453881707888766e-12 1.2599210498815228

# Matrix 1849
1.259921049895108 4.782979567963233e-14 -0.6299605249475289
4.782979567963233e-14 1.2599210498944264 0.6299605249471872
-0.6299605249475289 0.6299605249471872 1.2599210498948987

# Matrix 1850
1.2599210498890943 0.6299605248568128 0.6299605248964294
0.6299605248568128 1.259921049774752 -3.131939152467575e-13
0.6299605248964294 -3.131939152467575e-13 1.2599210498340672

# Matrix 1851
1.2599210498960878 -0.6299605249454555 0.629960524946422
-0.6299605249454555 1.2599210498913263 3.385625113594402e-13
0.629960524946422 3.385625113594402e-13 1.2599210498930322

# Matrix 1852
1.259921048699649 0.6299605240218815 -0.6299605232450429
0.6299605240218815 1.259921049830385 -0.6299605240269532
-0.6299605232450429 -0.6299605240269532 1.2599210487889643

# Matrix 1853
1.2599210498825024 0.6299605235545769 0.6299605233845469
0.6299605235545769 1.2599210487802532 -1.4982509122241056e-9
0.6299605233845469 -1.4982509122241056e-9 1.2599210480838223

# Matrix 1854
1.2599210499125768 -0.6299605249557589 -0.6299605249557788
-0.6299605249557589 1.2599210498846967 2.6033397659830245e-11
-0.6299605249557788 2.6033397659830245e-11 1.2599210498863083

# Matrix 1855
1.259921049934605 0.6299605249647613 0.6299605249605216
0.6299605249647613 1.259921049882255 4.083777760399664e-11
0.6299605249605216 4.083777760399664e-11 1.2599210498678364

# Matrix 1856
1.259921049894915 -0.6299605249471713 -0.6299605249472724
-0.6299605249471713 1.2599210498946949 0.629960524947137
-0.6299605249472724 0.629960524947137 1.259921049894524

# Matrix 1857
1.259921049117646 0.6299605242779126 -0.6299605243562794
0.6299605242779126 1.2599210499616442 -0.6299605245176065
-0.6299605243562794 -0.6299605245176065 1.2599210494783217

# Matrix 1858
1.2599210497150632 -0.6299605245982117 -0.6299605246947575
-0.6299605245982117 1.259921049773862 -4.909451734036491e-10
-0.6299605246947575 -4.909451734036491e-10 1.259921049780389

# Matrix 1859
1.259921049893717 -0.6299605249171378 0.6299605249277979
-0.6299605249171378 1.2599210498434383 -0.6299605249238581
0.6299605249277979 -0.6299605249238581 1.2599210498984534

# Matrix 1860
1.259921049873811 -0.6299605248760015 -0.629960524872758
-0.6299605248760015 1.2599210498404798 -9.120681987440106e-11
-0.629960524872758 -9.120681987440106e-11 1.2599210498433357

# Matrix 1861
1.2599210505196303 -0.6299605239116705 -0.6299605236809954
-0.6299605239116705 1.2599210479875689 -1.550852224418981e-10
-0.6299605236809954 -1.550852224418981e-10 1.2599210480029486

# Matrix 1862
1.2599210493414088 0.6299605243690531 0.6299605239445771
0.6299605243690531 1.259921048727248 0.6299605240885898
0.6299605239445771 0.6299605240885898 1.2599210499892362

# Matrix 1863
1.259921050478773 -0.6299605250514781 -0.6299605250665739
-0.6299605250514781 1.2599210492635815 1.1843854230697474e-9
-0.6299605250665739 1.1843854230697474e-9 1.2599210492556134

# Matrix 1864
1.259921049892525 0.6299605249426883 0.6299605249441955
0.6299605249426883 1.259921049892678 -5.265177183133547e-12
0.6299605249441955 -5.265177183133547e-12 1.2599210498930566

# Matrix 1865
1.2599210495998545 0.6299605246082245 -0.6299605245343682
0.6299605246082245 1.2599210497733537 -0.62996052480277
-0.6299605245343682 -0.62996052480277 1.2599210497134465

# Matrix 1866
1.25992104994951 -0.6299605249118394 -0.6299605249089344
-0.6299605249118394 1.259921049797499 3.227462741506232e-11
-0.6299605249089344 3.227462741506232e-11 1.2599210497990825

# Matrix 1867
1.2599210498941817 -0.629960524934916 0.6299605249354387
-0.629960524934916 1.259921049883657 1.3138767851472595e-11
0.6299605249354387 1.3138767851472595e-11 1.259921049883079

# Matrix 1868
1.2599210487979937 0.6299605223467792 0.6299605233335887
0.6299605223467792 1.259921047722673 -2.7669567193022822e-9
0.6299605233335887 -2.7669567193022822e-9 1.2599210497548765

# Matrix 1869
1.2599210497620728 -0.6299605247954119 0.6299605245843976
-0.6299605247954119 1.2599210497707962 -0.6299605249469197
0.6299605245843976 -0.6299605249469197 1.2599210498080302

# Matrix 1870
1.2599210498949334 -0.629960524947465 0.6299605249473735
-0.629960524947465 1.2599210498948819 -4.7073456244106416e-14
0.6299605249473735 -4.7073456244106416e-14 1.259921049894707

# Matrix 1871
1.2599210504608571 -0.6299605239420102 -0.6299605242113626
-0.6299605239420102 1.2599210486485695 0.6299605245412727
-0.6299605242113626 0.6299605245412727 1.2599210491434167

# Matrix 1872
1.2599210498837456 0.6299605249397146 -0.6299605249155954
0.6299605249397146 1.2599210499101146 -0.6299605249610388
-0.6299605249155954 -0.6299605249610388 1.2599210498734517

# Matrix 1873
1.2599210498957818 -0.6299605249467677 -0.6299605249463944
-0.6299605249467677 1.2599210498932956 1.3278267374516802e-13
-0.6299605249463944 1.3278267374516802e-13 1.2599210498928697

# Matrix 1874
1.259921052304098 -0.6299605257798258 0.6299605246169439
-0.6299605257798258 1.2599210477963931 -3.59653806736307e-9
0.6299605246169439 -3.59653806736307e-9 1.2599210470525566

# Matrix 1875
1.2599210499014082 0.6299605249495454 -0.6299605249491311
0.6299605249495454 1.2599210498932307 1.6958656701149218e-13
-0.6299605249491311 1.6958656701149218e-13 1.2599210498929865

# Matrix 1876
1.2599210499056133 0.6299605249193032 0.6299605249504845
0.6299605249193032 1.2599210498376554 -1.4721002195017132e-12
0.6299605249504845 -1.4721002195017132e-12 1.259921049905305

# Matrix 1877
1.2599210499010873 0.6299605249471956 -0.6299605249475114
0.6299605249471956 1.2599210498886142 -6.03622707373568e-12
-0.6299605249475114 -6.03622707373568e-12 1.2599210498886009

# Matrix 1878
1.259921050076314 -0.6299605248181624 0.6299605248280059
-0.6299605248181624 1.2599210495619526 -3.6964264982230914e-11
0.6299605248280059 -3.6964264982230914e-11 1.2599210496296236

# Matrix 1879
1.2599210546325859 -0.6299605259648728 -0.6299605270310269
-0.6299605259648728 1.2599210454278462 5.846715667168205e-9
-0.6299605270310269 5.846715667168205e-9 1.2599210482818415

# Matrix 1880
1.2599210499249827 0.6299605249281203 -0.6299605249359016
0.6299605249281203 1.2599210498485025 -0.6299605249501061
-0.6299605249359016 -0.6299605249501061 1.2599210498923465

# Matrix 1881
1.2599210462936787 -0.629960522922083 0.6299605225693439
-0.629960522922083 1.2599210514011168 -0.6299605280326488
0.6299605225693439 -0.6299605280326488 1.2599210511110015

# Matrix 1882
1.2599210497661242 -0.6299605246792526 0.629960524575186
-0.6299605246792526 1.2599210500052405 -0.6299605246703033
0.629960524575186 -0.6299605246703033 1.259921049301543

# Matrix 1883
1.259921049773987 -0.629960524864585 0.6299605248829945
-0.629960524864585 1.259921049937083 1.9307844212334983e-10
0.6299605248829945 1.9307844212334983e-10 1.259921049946172

# Matrix 1884
1.2599210498942566 0.6299605249455756 0.6299605249439368
0.6299605249455756 1.2599210498945823 -3.0436764220098146e-12
0.6299605249439368 -3.0436764220098146e-12 1.2599210498908675

# Matrix 1885
1.2599210504096163 -0.6299605242141317 0.6299605237542509
-0.6299605242141317 1.2599210491163857 -3.603889409120629e-11
0.6299605237542509 -3.603889409120629e-11 1.2599210473943565

# Matrix 1886
1.2599210504645337 -0.6299605252212981 -0.6299605252253996
-0.6299605252212981 1.2599210495903632 0.6299605243709081
-0.6299605252253996 0.6299605243709081 1.2599210496132534

# Matrix 1887
1.2599210491709223 0.6299605241910265 0.6299605242464495
0.6299605241910265 1.259921049728318 -2.0417617596635363e-10
0.6299605242464495 -2.0417617596635363e-10 1.2599210492196176

# Matrix 1888
1.2599210499054152 -0.6299605249468198 -0.6299605249526506
-0.6299605249468198 1.2599210498795161 1.5598522473680984e-11
-0.6299605249526506 1.5598522473680984e-11 1.259921049891905

# Matrix 1889
1.2599210498981552 -0.6299605249394545 0.6299605249396207
-0.6299605249394545 1.2599210498837061 4.580724688452052e-12
0.6299605249396207 4.580724688452052e-12 1.2599210498836537

# Matrix 1890
1.2599210498934552 0.6299605249465813 0.6299605249465808
0.6299605249465813 1.2599210498954976 -2.459865644510685e-12
0.6299605249465808 -2.459865644510685e-12 1.2599210498954978

# Matrix 1891
1.2599210476957317 0.6299605223374733 0.629960522439647
0.6299605223374733 1.2599210505056735 -3.968696760114926e-9
0.629960522439647 -3.968696760114926e-9 1.2599210480383891

# Matrix 1892
1.2599210493900692 -0.6299605243094321 0.6299605232479955
-0.6299605243094321 1.2599210489638093 1.2460333875807863e-9
0.6299605232479955 1.2460333875807863e-9 1.2599210492131037

# Matrix 1893
1.2599210499151101 -0.6299605249521941 -0.6299605249523961
-0.6299605249521941 1.2599210498760967 2.7783053635488483e-11
-0.6299605249523961 2.7783053635488483e-11 1.2599210498811013

# Matrix 1894
1.2599210501891578 0.6299605247457017 0.6299605247239577
0.6299605247457017 1.2599210493928765 3.52122220270703e-11
0.6299605247239577 3.52122220270703e-11 1.259921049414064

# Matrix 1895
1.2599210521267745 0.6299605246034661 0.6299605258450928
0.6299605246034661 1.2599210471911948 8.965636566493565e-10
0.6299605258450928 8.965636566493565e-10 1.2599210497632218

# Matrix 1896
1.2599210498946298 -0.6299605249467602 -0.6299605249453268
-0.6299605249467602 1.2599210498957452 0.6299605249463327
-0.6299605249453268 0.6299605249463327 1.2599210498916513

# Matrix 1897
1.2599210491368138 0.6299605242035444 0.6299605236898376
0.6299605242035444 1.2599210490330073 0.6299605236922559
0.6299605236898376 0.6299605236922559 1.2599210493436843

# Matrix 1898
1.2599210498944993 -0.6299605249472329 -0.6299605249472389
-0.6299605249472329 1.2599210498948512 0.6299605249472374
-0.6299605249472389 0.6299605249472374 1.2599210498948687

# Matrix 1899
1.2599210498978335 0.6299605249480195 -0.6299605249457858
0.6299605249480195 1.2599210498921039 1.6654455592401965e-12
-0.6299605249457858 1.6654455592401965e-12 1.2599210498933815

# Matrix 1900
1.2599210493634432 0.6299605233909595 -0.6299605227933138
0.6299605233909595 1.25992104917593 1.4598003361676657e-9
-0.6299605227933138 1.4598003361676657e-9 1.2599210473481235

# Matrix 1901
1.2599210498833753 0.6299605249314136 0.6299605249367358
0.6299605249314136 1.2599210498853282 -1.724903553323997e-11
0.6299605249367358 -1.724903553323997e-11 1.2599210498956164

# Matrix 1902
1.2599210499089322 0.6299605249123853 0.629960524936933
0.6299605249123853 1.2599210498575641 5.768163724439946e-12
0.629960524936933 5.768163724439946e-12 1.2599210498488513

# Matrix 1903
1.259921049859512 0.6299605248154148 0.6299605248041197
0.6299605248154148 1.259921049811564 -1.537136529172727e-10
0.6299605248041197 -1.537136529172727e-10 1.2599210497606879

# Matrix 1904
1.259921049892581 -0.6299605249436324 0.6299605249456038
-0.6299605249436324 1.2599210498948124 2.8714808308904718e-12
0.6299605249456038 2.8714808308904718e-12 1.2599210498923883

# Matrix 1905
1.2599210496984183 -0.6299605248307565 0.629960524801466
-0.6299605248307565 1.2599210499899036 3.005970472536012e-10
0.629960524801466 3.005970472536012e-10 1.2599210499119795

# Matrix 1906
1.2599210499330376 0.6299605248556991 -0.6299605248991665
0.6299605248556991 1.2599210498070104 5.6897708766711655e-11
-0.6299605248991665 5.6897708766711655e-11 1.259921049783105

# Matrix 1907
1.259921050054069 0.6299605246364118 -0.6299605247419938
0.6299605246364118 1.2599210494308182 3.0330277178691884e-10
-0.6299605247419938 3.0330277178691884e-10 1.2599210496602455

# Matrix 1908
1.2599210503566591 -0.6299605250492893 0.62996052517099
-0.6299605250492893 1.2599210496267792 -6.537995700384128e-10
0.62996052517099 -6.537995700384128e-10 1.2599210495452615

# Matrix 1909
1.2599210498920344 1.5626319682660035e-12 0.6299605249452358
1.5626319682660035e-12 1.2599210498923303 -0.6299605249453827
0.6299605249452358 -0.6299605249453827 1.2599210498954359

# Matrix 1910
1.2599210501074118 -0.6299605228737084 -0.6299605245581374
-0.6299605228737084 1.2599210485128673 -2.052422176657138e-9
-0.6299605245581374 -2.052422176657138e-9 1.259921049077739

# Matrix 1911
1.2599210499199578 -0.6299605249368468 0.6299605249382574
-0.6299605249368468 1.2599210498599986 -1.1750378448027685e-11
0.6299605249382574 -1.1750378448027685e-11 1.2599210498621092

# Matrix 1912
1.259921049895661 -0.6299605249464948 0.6299605249467145
-0.6299605249464948 1.2599210498930677 5.773159728050774e-14
0.6299605249467145 5.773159728050774e-14 1.2599210498934483

# Matrix 1913
1.2599210546568884 -0.6299605270620541 0.6299605271791305
-0.6299605270620541 1.2599210478030165 -6.4434829138981806e-9
0.6299605271791305 -6.4434829138981806e-9 1.259921047136803

# Matrix 1914
1.2599210523725888 0.6299605251431835 0.6299605246290001
0.6299605251431835 1.259921047833349 2.410608768155232e-9
0.6299605246290001 2.410608768155232e-9 1.259921046882118

# Matrix 1915
1.2599210499633853 0.6299605249510065 0.6299605249090465
0.6299605249510065 1.259921049815906 4.753758497955107e-11
0.6299605249090465 4.753758497955107e-11 1.2599210498043725

# Matrix 1916
1.2599210500709603 -0.6299605247794899 0.6299605246693998
-0.6299605247794899 1.2599210499605649 -0.629960524671707
0.6299605246693998 -0.629960524671707 1.2599210491719526

# Matrix 1917
1.259921048903722 0.629960524017062 0.6299605240168811
0.629960524017062 1.2599210498963929 -1.7459419465737206e-9
0.6299605240168811 -1.7459419465737206e-9 1.2599210498976094

# Matrix 1918
1.259921049097409 -0.6299605240849888 0.6299605239520694
-0.6299605240849888 1.2599210488851138 -0.6299605247565894
0.6299605239520694 -0.6299605247565894 1.2599210503363216

# Matrix 1919
1.2599210494522648 -0.6299605242109553 -0.6299605238289611
-0.6299605242109553 1.259921048501378 8.838080267636673e-10
-0.6299605238289611 8.838080267636673e-10 1.2599210488160315

# Matrix 1920
1.2599210498957127 -0.6299605249444263 -0.6299605249457345
-0.6299605249444263 1.2599210498871625 0.6299605249440919
-0.6299605249457345 0.6299605249440919 1.2599210498963733

# Matrix 1921
1.259921049412401 0.6299605246703595 0.629960524650337
0.6299605246703595 1.2599210500550464 0.6299605253162962
0.629960524650337 0.6299605253162962 1.259921050080294

# Matrix 1922
1.2599210517755979 0.6299605251936009 0.629960523683642
0.6299605251936009 1.2599210490588948 9.137702261519159e-10
0.629960523683642 9.137702261519159e-10 1.2599210462571981

# Matrix 1923
1.259921051454946 -0.6299605248038876 -0.6299605240986667
-0.6299605248038876 1.2599210486702497 9.462332029030945e-10
-0.6299605240986667 9.462332029030945e-10 1.259921047085486

# Matrix 1924
1.259921049895754 -0.6299605249472437 0.6299605249471509
-0.6299605249472437 1.2599210498941926 -5.133671265866685e-13
0.6299605249471509 -5.133671265866685e-13 1.2599210498933986

# Matrix 1925
1.2599210495076092 -0.6299605239204842 0.6299605237355975
-0.6299605239204842 1.259921049237619 1.5286203969289255e-9
0.6299605237355975 1.5286203969289255e-9 1.2599210491025046

# Matrix 1926
1.259921049654346 0.6299605247274191 0.6299605247375197
0.6299605247274191 1.2599210499161049 -4.567017874990121e-10
0.6299605247375197 -4.567017874990121e-10 1.2599210499255666

# Matrix 1927
1.2599210498946924 -0.6299605249471311 0.629960524947141
-0.6299605249471311 1.2599210498946096 3.769762280114703e-13
0.629960524947141 3.769762280114703e-13 1.2599210498948274

# Matrix 1928
1.2599210499095503 0.6299605249522778 -0.6299605249506338
0.6299605249522778 1.2599210498924773 1.989020059767186e-12
-0.6299605249506338 1.989020059767186e-12 1.259921049889743

# Matrix 1929
1.2599210499109572 0.6299605249313808 0.6299605249348438
0.6299605249313808 1.2599210498594562 1.6489032361732744e-12
0.6299605249348438 1.6489032361732744e-12 1.259921049869547

# Matrix 1930
1.2599210498674953 0.6299605249197737 -0.6299605249313336
0.6299605249197737 1.2599210498680289 -0.6299605248829624
-0.6299605249313336 -0.6299605248829624 1.2599210498769349

# Matrix 1931
1.259921049916597 0.6299605249491113 0.6299605249428987
0.6299605249491113 1.2599210498815792 1.240746394515207e-11
0.6299605249428987 1.240746394515207e-11 1.259921049867113

# Matrix 1932
1.2599210488600114 0.6299605243341719 -0.6299605240404252
0.6299605243341719 1.2599210503316565 1.3359789940991949e-9
-0.6299605240404252 1.3359789940991949e-9 1.2599210497015234

# Matrix 1933
1.2599210499568252 0.6299605249453243 0.6299605249224177
0.6299605249453243 1.2599210499022788 -1.6612627939949326e-10
0.6299605249224177 -1.6612627939949326e-10 1.2599210498794409

# Matrix 1934
1.259921051576284 -0.6299605233760389 0.629960522701686
-0.6299605233760389 1.2599210469388757 3.011699223343109e-10
0.629960522701686 3.011699223343109e-10 1.2599210457202386

# Matrix 1935
1.2599210504139147 -0.6299605241683272 0.6299605242543462
-0.6299605241683272 1.2599210485671548 8.77365402551772e-11
0.6299605242543462 8.77365402551772e-11 1.2599210486260946

# Matrix 1936
1.2599210498886457 0.6299605249398874 -0.6299605249392976
0.6299605249398874 1.2599210498931832 1.3883783012147381e-11
-0.6299605249392976 1.3883783012147381e-11 1.2599210498932047

# Matrix 1937
1.259921050232994 0.6299605249738378 0.6299605249751006
0.6299605249738378 1.2599210496240028 2.4231178175071627e-10
0.6299605249751006 2.4231178175071627e-10 1.2599210496254611

# Matrix 1938
1.259921049877371 -6.984024469858245e-12 -0.6299605249354056
-6.984024469858245e-12 1.259921049880838 -0.6299605249363233
-0.6299605249354056 -0.6299605249363233 1.2599210498988738

# Matrix 1939
1.2599210498930704 0.6299605249405128 -0.6299605249224752
0.6299605249405128 1.2599210498783704 1.7965406939879258e-11
-0.6299605249224752 1.7965406939879258e-11 1.2599210498832434

# Matrix 1940
1.2599210498259414 0.6299605248965795 0.6299605249045408
0.6299605248965795 1.2599210498966893 -1.0493422797353021e-10
0.6299605249045408 -1.0493422797353021e-10 1.2599210499299183

# Matrix 1941
1.2599210492516177 -0.6299605237086642 -0.6299605236612239
-0.6299605237086642 1.259921049284198 -1.928918746951788e-9
-0.6299605236612239 -1.928918746951788e-9 1.2599210492825215

# Matrix 1942
1.2599210498946856 0.629960524946646 -0.6299605249472172
0.629960524946646 1.2599210498941398 7.135403379265778e-13
-0.6299605249472172 7.135403379265778e-13 1.259921049894986

# Matrix 1943
1.2599210496081583 2.408060556513541e-11 0.6299605246964664
2.408060556513541e-11 1.2599210490425312 -0.6299605244815464
0.6299605246964664 -0.6299605244815464 1.2599210500443454

# Matrix 1944
1.2599210499114184 0.6299605249207607 0.6299605248751481
0.6299605249207607 1.2599210498317022 -1.8545665003699586e-11
0.6299605248751481 -1.8545665003699586e-11 1.2599210498163953

# Matrix 1945
1.2599210498721125 -0.6299605249329868 -0.6299605249331781
-0.6299605249329868 1.2599210499037075 0.6299605249643648
-0.6299605249331781 0.6299605249643648 1.2599210499009459

# Matrix 1946
1.2599210498699511 -5.970268029953374e-11 -0.6299605249136211
-5.970268029953374e-11 1.2599210498697637 -0.6299605248964647
-0.6299605249136211 -0.6299605248964647 1.2599210498774607

# Matrix 1947
1.2599210500635687 -0.6299605250171826 -0.6299605250253756
-0.6299605250171826 1.2599210498007156 2.414596300681647e-10
-0.6299605250253756 2.414596300681647e-10 1.2599210498000435

# Matrix 1948
1.2599210500455493 -0.6299605249940767 0.6299605248660107
-0.6299605249940767 1.2599210496085693 1.8536056023421713e-10
0.6299605248660107 1.8536056023421713e-10 1.2599210500574685

# Matrix 1949
1.259921049899932 0.6299605249440963 0.6299605249464748
0.6299605249440963 1.2599210498850857 2.584599201327378e-13
0.6299605249464748 2.584599201327378e-13 1.2599210498920073

# Matrix 1950
1.2599210498942301 0.6299605249462691 0.629960524946036
0.6299605249462691 1.2599210498941391 -1.9960144648223155e-12
0.629960524946036 -1.9960144648223155e-12 1.2599210498943714

# Matrix 1951
1.2599210495395885 -0.6299605224929805 -0.629960523719808
-0.6299605224929805 1.2599210478665295 2.5511148749045405e-11
-0.629960523719808 2.5511148749045405e-11 1.2599210474704765

# Matrix 1952
1.2599210505388658 -0.6299605215715137 0.6299605231849664
-0.6299605215715137 1.2599210450647813 1.823082018681512e-9
0.6299605231849664 1.823082018681512e-9 1.2599210482305054

# Matrix 1953
1.2599210497173383 0.629960524281827 -0.6299605235938966
0.629960524281827 1.2599210479016087 -3.4422786843180006e-10
-0.6299605235938966 -3.4422786843180006e-10 1.259921049203166

# Matrix 1954
1.2599210498937903 -0.629960524946692 0.6299605249466366
-0.629960524946692 1.2599210498951987 1.8495205367230386e-12
0.6299605249466366 1.8495205367230386e-12 1.2599210498951652

# Matrix 1955
1.2599210498951476 0.6299605249464193 0.6299605249468155
0.6299605249464193 1.2599210498941449 0.6299605249460336
0.6299605249468155 0.6299605249460336 1.2599210498932996

# Matrix 1956
1.2599210498948237 -4.008599008287208e-14 -0.6299605249473801
-4.008599008287208e-14 1.259921049894823 -0.6299605249473758
-0.6299605249473801 -0.6299605249473758 1.2599210498948505

# Matrix 1957
1.2599210498972289 0.6299605248700652 0.6299605249473512
0.6299605248700652 1.259921049834135 -8.129474871054755e-11
0.6299605249473512 -8.129474871054755e-11 1.2599210499033913

# Matrix 1958
1.2599210498861595 3.968776696172687e-12 0.6299605249410947
3.968776696172687e-12 1.2599210498864621 -0.6299605249412439
0.6299605249410947 -0.6299605249412439 1.2599210498971667

# Matrix 1959
1.2599210509532925 -0.6299605244782203 0.6299605242365278
-0.6299605244782203 1.2599210484748855 -4.746982806835795e-10
0.6299605242365278 -4.746982806835795e-10 1.2599210480136693

# Matrix 1960
1.259921049966649 0.629960524973205 0.6299605248942761
0.629960524973205 1.2599210499757951 -2.3148216676815627e-10
0.6299605248942761 -2.3148216676815627e-10 1.2599210498360487

# Matrix 1961
1.2599210499440034 0.6299605248964308 0.6299605248897864
0.6299605248964308 1.259921049783344 -8.478440172154894e-12
0.6299605248897864 -8.478440172154894e-12 1.2599210498016733

# Matrix 1962
1.259921049862359 -0.6299605249305944 0.6299605249261975
-0.6299605249305944 1.2599210499098117 5.166250760524312e-11
0.6299605249261975 5.166250760524312e-11 1.2599210499069535

# Matrix 1963
1.259921050829734 0.6299605243274252 0.6299605229711848
0.6299605243274252 1.2599210492604949 -8.779094118338553e-10
0.6299605229711848 -8.779094118338553e-10 1.259921046406359

# Matrix 1964
1.2599210498890792 0.6299605249162342 0.6299605248870895
0.6299605249162342 1.25992104984727 -4.6409154297322375e-11
0.6299605248870895 -4.6409154297322375e-11 1.2599210498590754

# Matrix 1965
1.259921049729474 0.6299605248550345 0.6299605248619252
0.6299605248550345 1.259921049851727 7.079947184074391e-10
0.6299605248619252 7.079947184074391e-10 1.2599210494493371

# Matrix 1966
1.2599210503014522 -0.6299605250122948 -0.6299605250368456
-0.6299605250122948 1.259921049626417 2.98089775085938e-10
-0.6299605250368456 2.98089775085938e-10 1.2599210496281872

# Matrix 1967
1.2599210469826934 3.2093792970422277e-9 0.6299605231326554
3.2093792970422277e-9 1.2599210490398616 -0.6299605225758428
0.6299605231326554 -0.6299605225758428 1.2599210501385814

# Matrix 1968
1.2599210498941038 -0.6299605249450584 -0.629960524945083
-0.6299605249450584 1.2599210498946092 0.6299605249454354
-0.629960524945083 0.6299605249454354 1.259921049891418

# Matrix 1969
1.2599210511936978 -0.6299605241718513 0.6299605242344252
-0.6299605241718513 1.2599210471756994 -4.709730383467579e-10
0.6299605242344252 -4.709730383467579e-10 1.2599210485835033

# Matrix 1970
1.2599210484331589 0.6299605217266754 0.6299605231416993
0.6299605217266754 1.259921048492331 -4.489458194090207e-9
0.6299605231416993 -4.489458194090207e-9 1.2599210495373419

# Matrix 1971
1.2599210498996907 -0.6299605249028811 -0.6299605248721097
-0.6299605249028811 1.2599210497363018 1.6470369512688734e-10
-0.6299605248721097 1.6470369512688734e-10 1.2599210497773756

# Matrix 1972
1.2599210500173885 -0.6299605246895844 0.6299605247085311
-0.6299605246895844 1.2599210494651853 7.06916192250165e-11
0.6299605247085311 7.06916192250165e-11 1.2599210495459914

# Matrix 1973
1.259921050231166 -0.6299605249159593 -0.629960525071729
-0.6299605249159593 1.2599210490772697 9.671954903645043e-10
-0.629960525071729 9.671954903645043e-10 1.2599210497430429

# Matrix 1974
1.2599210495009119 0.62996052456431 0.6299605245361757
0.62996052456431 1.2599210498579032 -6.592486001544302e-10
0.6299605245361757 -6.592486001544302e-10 1.2599210498374405

# Matrix 1975
1.2599210498917606 -0.6299605249423144 -0.6299605249453438
-0.6299605249423144 1.2599210498937528 -6.387945727936951e-12
-0.6299605249453438 -6.387945727936951e-12 1.2599210498947824

# Matrix 1976
1.2599210496860587 -0.6299605247156397 -0.6299605246827729
-0.6299605247156397 1.2599210499550455 0.629960525178128
-0.6299605246827729 0.629960525178128 1.2599210498663356

# Matrix 1977
1.2599210498940376 -0.6299605249467133 -0.6299605249467801
-0.6299605249467133 1.2599210498964488 0.6299605249519404
-0.6299605249467801 0.6299605249519404 1.2599210498962157

# Matrix 1978
1.2599210490851116 0.6299605236714574 0.6299605241968337
0.6299605236714574 1.2599210487615058 0.6299605230941386
0.6299605241968337 0.6299605230941386 1.2599210492514152

# Matrix 1979
1.259921049895169 0.6299605249470199 0.6299605249470436
0.6299605249470199 1.2599210498941718 -1.0280665208028913e-13
0.6299605249470436 -1.0280665208028913e-13 1.259921049894169

# Matrix 1980
1.2599210498948126 -0.6299605249471476 0.629960524947171
-0.6299605249471476 1.2599210498945606 2.243205621255113e-13
0.629960524947171 2.243205621255113e-13 1.2599210498946767

# Matrix 1981
1.2599210497676414 -0.6299605247664205 -0.6299605240596661
-0.6299605247664205 1.2599210495169053 0.6299605240760949
-0.6299605240596661 0.6299605240760949 1.2599210491066541

# Matrix 1982
1.2599210498909545 -0.6299605249424861 0.6299605249449894
-0.6299605249424861 1.2599210498916875 -0.629960524948347
0.6299605249449894 -0.629960524948347 1.2599210498976527

# Matrix 1983
1.259921049574655 0.6299605234101062 0.6299605247027571
0.6299605234101062 1.2599210482420633 0.6299605239959762
0.6299605247027571 0.6299605239959762 1.2599210500455877

# Matrix 1984
1.2599210498945383 0.6299605249468145 0.6299605249468367
0.6299605249468145 1.2599210498946007 -9.51461132103754e-13
0.6299605249468367 -9.51461132103754e-13 1.2599210498945976

# Matrix 1985
1.2599210498510147 -0.629960524856903 -0.6299605248919888
-0.629960524856903 1.2599210498512474 -1.0104456160675609e-10
-0.6299605248919888 -1.0104456160675609e-10 1.259921049869698

# Matrix 1986
1.2599210500255007 0.629960524961259 -0.629960524956827
0.629960524961259 1.2599210497841455 -0.6299605247894854
-0.629960524956827 -0.6299605247894854 1.2599210497851474

# Matrix 1987
1.2599210505563827 -0.6299605244046927 0.6299605236875293
-0.6299605244046927 1.2599210487029273 1.4712500662205677e-9
0.6299605236875293 1.4712500662205677e-9 1.259921048782105

# Matrix 1988
1.259921049893814 3.387845559643672e-12 -0.6299605249456269
3.387845559643672e-12 1.2599210498943492 0.6299605249445461
-0.6299605249456269 0.6299605249445461 1.2599210498930542

# Matrix 1989
1.2599210486900312 0.6299605243145763 0.6299605242534595
0.6299605243145763 1.259921050527856 -2.0719170268357465e-9
0.6299605242534595 -2.0719170268357465e-9 1.2599210504805076

# Matrix 1990
1.2599210500948839 0.6299605246374542 0.6299605242988592
0.6299605246374542 1.2599210499352254 0.6299605242318521
0.6299605242988592 0.6299605242318521 1.2599210485384142

# Matrix 1991
1.2599210498161941 0.6299605247412444 -0.6299605244653684
0.6299605247412444 1.2599210496584297 6.47790709962226e-11
-0.6299605244653684 6.47790709962226e-11 1.2599210493617277

# Matrix 1992
1.2599210452524123 -0.62996052225556 0.6299605223999657
-0.62996052225556 1.2599210519794166 7.149164149566776e-9
0.6299605223999657 7.149164149566776e-9 1.2599210517805906

# Matrix 1993
1.2599210499034095 -0.6299605249453439 -0.6299605249498873
-0.6299605249453439 1.259921049881504 1.085653789090204e-11
-0.6299605249498873 1.085653789090204e-11 1.2599210498901001

# Matrix 1994
1.2599210498559656 0.6299605248959644 0.6299605248954336
0.6299605248959644 1.259921049912709 -1.1744494265997043e-10
0.6299605248954336 -1.1744494265997043e-10 1.2599210498692444

# Matrix 1995
1.2599210498543387 0.6299605248549557 0.6299605248726611
0.6299605248549557 1.2599210498488609 -1.615158562451322e-10
0.6299605248726611 -1.615158562451322e-10 1.2599210498796003

# Matrix 1996
1.259921049618471 -0.6299605247385736 0.629960524309214
-0.6299605247385736 1.2599210497923965 1.825184448023268e-11
0.629960524309214 1.825184448023268e-11 1.2599210492486064

# Matrix 1997
1.2599210499417983 -0.6299605249590993 -0.6299605249486512
-0.6299605249590993 1.2599210498543163 4.977329659539021e-11
-0.6299605249486512 4.977329659539021e-11 1.2599210498568507

# Matrix 1998
1.2599210499186275 -0.6299605249577789 -0.6299605249576189
-0.6299605249577789 1.2599210498797968 3.748890087251776e-11
-0.6299605249576189 3.748890087251776e-11 1.2599210498806506

# Matrix 1999
1.2599210503231908 0.6299605247787619 -0.6299605248214811
0.6299605247787619 1.2599210497548012 1.7556067710699887e-10
-0.6299605248214811 1.7556067710699887e-10 1.259921049188055

# Matrix 2000
1.2599210498954452 -0.6299605249474454 0.6299605249474505
-0.6299605249474454 1.259921049894734 6.785128014996559e-13
0.6299605249474505 6.785128014996559e-13 1.259921049894732

# Matrix 2001
1.259921049430221 0.6299605246747494 0.6299605246422292
0.6299605246747494 1.259921050196746 -7.532829915390997e-10
0.6299605246422292 -7.532829915390997e-10 1.259921049944199

# Matrix 2002
1.2599210506465632 -0.6299605240613205 -0.6299605241853348
-0.6299605240613205 1.2599210481770178 9.048817251056041e-12
-0.6299605241853348 9.048817251056041e-12 1.2599210484068188

# Matrix 2003
1.2599210499581235 0.6299605249317922 0.629960524914567
0.6299605249317922 1.2599210497943782 3.708455764694932e-11
0.629960524914567 3.708455764694932e-11 1.259921049821626

# Matrix 2004
1.2599210509014624 -0.6299605219499728 -0.6299605228861028
-0.6299605219499728 1.2599210458903054 -5.174308759236977e-10
-0.6299605228861028 -5.174308759236977e-10 1.2599210461572123

# Matrix 2005
1.2599210506414245 -0.6299605252737247 -0.6299605251690719
-0.6299605252737247 1.2599210496619084 1.6000578639818648e-10
-0.6299605251690719 1.6000578639818648e-10 1.2599210497563302

# Matrix 2006
1.2599210498954505 -0.6299605249477228 0.6299605249477068
-0.6299605249477228 1.259921049894584 -8.713585408770493e-13
0.6299605249477068 -8.713585408770493e-13 1.259921049894554

# Matrix 2007
1.2599210494585598 -0.6299605234997337 0.6299605235132614
-0.6299605234997337 1.2599210488347101 1.8397927625812696e-9
0.6299605235132614 1.8397927625812696e-9 1.2599210489208117

# Matrix 2008
1.2599210498940476 0.6299605249452841 -0.6299605249468665
0.6299605249452841 1.259921049893077 1.5127343822030115e-12
-0.6299605249468665 1.5127343822030115e-12 1.2599210498951485

# Matrix 2009
1.2599210486497625 -0.6299605241377381 -0.6299605243062488
-0.6299605241377381 1.2599210505479839 -2.6319914581129934e-9
-0.6299605243062488 -2.6319914581129934e-9 1.2599210507220562

# Matrix 2010
1.259921049894745 -7.05407954271207e-14 0.6299605249473174
-7.05407954271207e-14 1.259921049894749 0.6299605249473197
0.6299605249473174 0.6299605249473197 1.2599210498948614

# Matrix 2011
1.2599210505037217 0.6299605245705648 0.6299605249988038
0.6299605245705648 1.2599210491898323 2.017049305358378e-10
0.6299605249988038 2.017049305358378e-10 1.25992104921964

# Matrix 2012
1.2599210501395404 -0.6299605249184063 0.6299605250413416
-0.6299605249184063 1.259921049522947 -0.6299605250425784
0.6299605250413416 -0.6299605250425784 1.2599210501288098

# Matrix 2013
1.2599210498802913 6.401559837776463e-12 -0.6299605249369389
6.401559837776463e-12 1.2599210498836706 0.6299605249386142
-0.6299605249369389 0.6299605249386142 1.2599210498980922

# Matrix 2014
1.2599210506877923 -0.6299605238586837 -0.6299605245649824
-0.6299605238586837 1.259921048371218 -1.176091446453146e-10
-0.6299605245649824 -1.176091446453146e-10 1.2599210484780998

# Matrix 2015
1.2599210498550797 0.6299605247358958 -0.6299605247616186
0.6299605247358958 1.2599210497405549 2.4386531682907094e-10
-0.6299605247616186 2.4386531682907094e-10 1.2599210497350142

# Matrix 2016
1.2599210499035487 0.6299605249357879 0.6299605249374093
0.6299605249357879 1.259921049894482 -6.333500390809359e-11
0.6299605249374093 -6.333500390809359e-11 1.2599210498970195

# Matrix 2017
1.2599210499420137 0.629960524815407 0.6299605248010056
0.629960524815407 1.25992104969258 -1.1120504517236846e-10
0.6299605248010056 -1.1120504517236846e-10 1.2599210497371687

# Matrix 2018
1.2599210491827466 0.6299605243867069 0.6299605245093067
0.6299605243867069 1.2599210495951025 1.4024281735913454e-10
0.6299605245093067 1.4024281735913454e-10 1.2599210497188382

# Matrix 2019
1.2599210499244906 0.6299605248521554 -0.6299605248398829
0.6299605248521554 1.2599210497617284 7.167338944569198e-11
-0.6299605248398829 7.167338944569198e-11 1.2599210497658642

# Matrix 2020
1.25992104989368 0.6299605249436465 0.6299605249443241
0.6299605249436465 1.2599210498926536 -4.707734202469197e-12
0.6299605249443241 -4.707734202469197e-12 1.259921049892619

# Matrix 2021
1.2599210498809947 0.6299605249368391 0.6299605249338306
0.6299605249368391 1.259921049900074 -2.656863618000221e-11
0.6299605249338306 -2.656863618000221e-11 1.259921049893618

# Matrix 2022
1.2599210485371053 -0.6299605242535331 -0.629960524236097
-0.6299605242535331 1.2599210502433869 -1.1472889305252951e-9
-0.629960524236097 -1.1472889305252951e-9 1.2599210502479188

# Matrix 2023
1.2599210497865838 0.6299605246624584 0.6299605246373756
0.6299605246624584 1.2599210497499045 -3.873970588763625e-10
0.6299605246373756 -3.873970588763625e-10 1.2599210496491067

# Matrix 2024
1.259921054702065 0.6299605240397073 -0.629960524639197
0.6299605240397073 1.2599210439812856 -3.809105253438358e-9
-0.629960524639197 -3.809105253438358e-9 1.2599210452381766

# Matrix 2025
1.259921049670226 0.6299605245809982 0.6299605245264172
0.6299605245809982 1.2599210494586857 2.542975274799595e-10
0.6299605245264172 2.542975274799595e-10 1.2599210494111146

# Matrix 2026
1.2599210531133427 -0.6299605260573421 -0.6299605263072773
-0.6299605260573421 1.2599210479992955 0.6299605211954457
-0.6299605263072773 0.6299605211954457 1.2599210477171514

# Matrix 2027
1.2599210503730451 0.6299605250566357 -0.6299605250304753
0.6299605250566357 1.2599210492506414 -0.629960524349656
-0.6299605250304753 -0.629960524349656 1.2599210497905713

# Matrix 2028
1.2599210490236106 0.6299605244486802 0.6299605244427741
0.6299605244486802 1.2599210503337748 -1.550411188322438e-9
0.6299605244427741 -1.550411188322438e-9 1.2599210503133706

# Matrix 2029
1.25992104991224 -0.6299605249254943 -0.6299605249495289
-0.6299605249254943 1.2599210498401177 0.6299605249140495
-0.6299605249495289 0.6299605249140495 1.2599210498967708

# Matrix 2030
1.2599210498926647 0.6299605247768223 -0.6299605248651384
0.6299605247768223 1.2599210498086248 -0.6299605247572581
-0.6299605248651384 -0.6299605247572581 1.2599210496879358

# Matrix 2031
1.2599210498583466 -0.6299605248728789 -0.6299605248878359
-0.6299605248728789 1.2599210498556024 -1.1630812979390767e-10
-0.6299605248878359 -1.1630812979390767e-10 1.2599210498815068

# Matrix 2032
1.2599210516006554 0.629960525096719 0.6299605247625433
0.629960525096719 1.2599210490017418 1.393432536023181e-9
0.6299605247625433 1.393432536023181e-9 1.259921047537192

# Matrix 2033
1.2599210499024631 0.6299605249419604 -0.6299605249409341
0.6299605249419604 1.2599210498825608 -1.3474776849875462e-12
-0.6299605249409341 -1.3474776849875462e-12 1.2599210498801956

# Matrix 2034
1.1905507889777707 0.39685026839830284 -0.396850260293988
0.39685026839830284 1.1905507889777436 0.3968502602854702
-0.396850260293988 0.3968502602854702 1.1905507889745464

# Matrix 2035
1.2599210499179867 -0.6299605249560577 0.629960524956314
-0.6299605249560577 1.2599210498837057 -2.256456133054016e-11
0.629960524956314 -2.256456133054016e-11 1.2599210498835114

# Matrix 2036
1.2599210498945657 0.6299605249472812 -0.6299605249472734
0.6299605249472812 1.259921049895033 4.941602682606524e-13
-0.6299605249472734 4.941602682606524e-13 1.2599210498950282

# Matrix 2037
1.2599210498956717 -0.6299605249470958 0.6299605249469521
-0.6299605249470958 1.2599210498939524 -3.038680418399053e-13
0.6299605249469521 -3.038680418399053e-13 1.2599210498934263

# Matrix 2038
1.2599210498831233 -0.6299605249259874 -0.6299605249280031
-0.6299605249259874 1.2599210498862146 -3.2205182964872686e-11
-0.6299605249280031 -3.2205182964872686e-11 1.2599210498861584

# Matrix 2039
1.259921049895005 -0.6299605249472197 0.6299605249472416
-0.6299605249472197 1.259921049894562 2.1505019986989047e-13
0.6299605249472416 2.1505019986989047e-13 1.2599210498946023

# Matrix 2040
1.2599210498510651 -0.6299605249118635 0.6299605247840413
-0.6299605249118635 1.2599210498485012 8.12425682283904e-11
0.6299605247840413 8.12425682283904e-11 1.2599210497885265

# Matrix 2041
1.2599210492322053 -0.6299605245233483 -0.629960524408941
-0.6299605245233483 1.2599210501421922 -9.983485149689407e-10
-0.629960524408941 -9.983485149689407e-10 1.2599210499132316

# Matrix 2042
1.2599210498955884 0.6299605249450707 -0.6299605249469501
0.6299605249450707 1.2599210498911786 1.7019718967503574e-13
-0.6299605249469501 1.7019718967503574e-13 1.2599210498939248

# Matrix 2043
1.2599210502552511 -0.6299605244567092 0.6299605241279644
-0.6299605244567092 1.2599210490197688 -0.6299605240296207
0.6299605241279644 -0.6299605240296207 1.2599210489242563

# Matrix 2044
1.2599210498907956 -0.6299605249452886 0.629960524945167
-0.6299605249452886 1.2599210498950433 9.369727216323896e-13
0.629960524945167 9.369727216323896e-13 1.2599210498948743

# Matrix 2045
1.25992104989691 0.6299605249465405 -0.6299605249473262
0.6299605249465405 1.2599210498917028 -1.1372014441235493e-12
-0.6299605249473262 -1.1372014441235493e-12 1.2599210498932278

# Matrix 2046
1.259921049977173 -0.6299605248970688 0.6299605249470175
-0.6299605248970688 1.2599210497522226 -1.7257983930818362e-10
0.6299605249470175 -1.7257983930818362e-10 1.2599210497450215

# Matrix 2047
1.2599210506720344 0.6299605242339226 -0.629960524302725
0.6299605242339226 1.2599210486868366 4.696489863675905e-10
-0.629960524302725 4.696489863675905e-10 1.2599210485688268

# Matrix 2048
1.2599210513681676 -0.6299605245863381 0.6299605250685935
-0.6299605245863381 1.2599210484212133 -1.1276067302112798e-9
0.6299605250685935 -1.1276067302112798e-9 1.2599210483324805

# Matrix 2049
1.2599210499037352 0.6299605249360619 0.6299605249193587
0.6299605249360619 1.2599210498822722 -1.1893708240506922e-11
0.6299605249193587 -1.1893708240506922e-11 1.2599210498509839

# Matrix 2050
1.2599210499453726 -0.6299605247860637 -0.6299605248702483
-0.6299605247860637 1.2599210496271087 -7.438660798442227e-11
-0.6299605248702483 -7.438660798442227e-11 1.2599210498268147

# Matrix 2051
1.2599210493373802 0.6299605241545281 -0.6299605241550643
0.6299605241545281 1.2599210497250422 1.54860413381639e-9
-0.6299605241550643 1.54860413381639e-9 1.259921049726723

# Matrix 2052
1.2599210497378666 -0.6299605247978698 0.629960524650361
-0.6299605247978698 1.2599210498469318 3.326180442186917e-10
0.629960524650361 3.326180442186917e-10 1.2599210497783788

# Matrix 2053
1.2599210490338155 -0.629960524498354 -0.6299605242632552
-0.629960524498354 1.2599210502850502 -8.592751510327929e-10
-0.6299605242632552 -8.592751510327929e-10 1.2599210497146045

# Matrix 2054
1.259921049911248 -0.6299605249241029 -0.6299605249300422
-0.6299605249241029 1.2599210498511404 -2.8306801347354843e-12
-0.6299605249300422 -2.8306801347354843e-12 1.2599210498643554

# Matrix 2055
1.2599210498941982 0.6299605249462215 -0.6299605249469488
0.6299605249462215 1.2599210498950673 -0.6299605249470164
-0.6299605249469488 -0.6299605249470164 1.2599210498939384

# Matrix 2056
1.2599210498977662 0.6299605249474577 -0.6299605249480206
0.6299605249474577 1.2599210498919071 -2.5448532170457584e-12
-0.6299605249480206 -2.5448532170457584e-12 1.2599210498930922

# Matrix 2057
1.2599210497913487 -0.6299605248850189 0.6299605248777121
-0.6299605248850189 1.2599210499172613 1.5814510812006523e-10
0.6299605248777121 1.5814510812006523e-10 1.2599210499397586

# Matrix 2058
1.2599210487631995 0.6299605237130952 -0.6299605236863907
0.6299605237130952 1.2599210497102198 2.2442310787518354e-9
-0.6299605236863907 2.2442310787518354e-9 1.2599210497573958

# Matrix 2059
1.259921049910063 0.6299605249456491 0.6299605249463074
0.6299605249456491 1.2599210498757103 1.3387069230930155e-11
0.6299605249463074 1.3387069230930155e-11 1.2599210498809696

# Matrix 2060
1.2599210498969362 0.6299605249461697 0.6299605249481883
0.6299605249461697 1.2599210498919666 1.673050586958874e-12
0.6299605249481883 1.673050586958874e-12 1.2599210498932265

# Matrix 2061
1.2599210500786873 0.6299605245460551 -0.6299605248026254
0.6299605245460551 1.2599210495984678 -0.629960524834202
-0.6299605248026254 -0.629960524834202 1.2599210495678461

# Matrix 2062
1.2599210498970372 -0.6299605249444125 0.629960524945439
-0.6299605249444125 1.259921049889193 6.534217611431311e-13
0.629960524945439 6.534217611431311e-13 1.2599210498914075

# Matrix 2063
1.2599210498462268 0.6299605249174671 -0.6299605249174491
0.6299605249174671 1.2599210498953195 2.325706294215026e-11
-0.6299605249174491 2.325706294215026e-11 1.2599210498948508

# Matrix 2064
1.2599210498952906 0.6299605249475876 0.6299605249468725
0.6299605249475876 1.2599210498943327 -1.1823875212257841e-14
0.6299605249468725 -1.1823875212257841e-14 1.2599210498943136

# Matrix 2065
1.259921049898335 -0.6299605249431494 0.6299605249468213
-0.6299605249431494 1.25992104988521 -8.605893775381824e-13
0.6299605249468213 -8.605893775381824e-13 1.2599210498928102

# Matrix 2066
1.2599210494377482 -0.6299605246092526 0.6299605241889347
-0.6299605246092526 1.2599210492128226 -0.6299605240559284
0.6299605241889347 -0.6299605240559284 1.2599210497085862

# Matrix 2067
1.259921049898262 0.6299605249448291 -0.6299605249380028
0.6299605249448291 1.2599210498843834 -0.6299605249299072
-0.6299605249380028 -0.6299605249299072 1.2599210498822604

# Matrix 2068
1.2599210498998925 0.6299605249474373 -0.6299605249479988
0.6299605249474373 1.2599210498910842 -0.6299605249412288
-0.6299605249479988 -0.6299605249412288 1.2599210498898796

# Matrix 2069
1.2599210498820512 -0.6299605249345663 -0.6299605249354413
-0.6299605249345663 1.2599210498995337 -3.6594005603518806e-11
-0.6299605249354413 -3.6594005603518806e-11 1.2599210498985507

# Matrix 2070
1.2599210498123612 -0.6299605248971643 -0.629960524897045
-0.6299605248971643 1.2599210499241476 -1.2386675019016115e-10
-0.629960524897045 -1.2386675019016115e-10 1.259921049923974

# Matrix 2071
1.2599210494792015 -0.6299605245343186 -0.6299605243421169
-0.6299605245343186 1.2599210499634002 -1.047683273469596e-9
-0.6299605243421169 -1.047683273469596e-9 1.259921049721114

# Matrix 2072
1.2599210498362106 5.716482842643693e-12 0.6299605249145465
5.716482842643693e-12 1.2599210498266913 0.6299605249157729
0.6299605249145465 0.6299605249157729 1.2599210499225946

# Matrix 2073
1.2599210497479474 -0.6299605246540432 -0.6299605246638844
-0.6299605246540432 1.259921049733482 -4.1263559236170786e-10
-0.6299605246638844 -4.1263559236170786e-10 1.2599210497579953

# Matrix 2074
1.2599210503274318 0.629960524892379 0.6299605249095774
0.629960524892379 1.259921049279353 8.032552401005031e-10
0.6299605249095774 8.032552401005031e-10 1.259921049274256

# Matrix 2075
1.2599210497135234 0.6299605248514774 0.6299605248536386
0.6299605248514774 1.2599210499749882 -2.88625956468279e-10
0.6299605248536386 -2.88625956468279e-10 1.2599210499959659

# Matrix 2076
1.2599210509304088 -0.6299605243001107 -0.6299605237736526
-0.6299605243001107 1.2599210483799796 1.305465180401198e-10
-0.6299605237736526 1.305465180401198e-10 1.2599210475138753

# Matrix 2077
1.2599210498923414 0.629960524943649 -0.6299605249420034
0.629960524943649 1.2599210498934281 6.9484973330702295e-12
-0.6299605249420034 6.9484973330702295e-12 1.2599210498920317

# Matrix 2078
1.2599210494268736 0.6299605246813129 0.6299605246743877
0.6299605246813129 1.259921050157652 -7.461298245914411e-10
0.6299605246743877 -7.461298245914411e-10 1.259921050034617

# Matrix 2079
1.259921049758794 0.6299605246008778 -0.6299605245434476
0.6299605246008778 1.2599210495676083 -0.6299605244530241
-0.6299605245434476 -0.6299605244530241 1.2599210495282438

# Matrix 2080
1.2599210489380983 0.6299605243133347 0.6299605243085064
0.6299605243133347 1.2599210504539526 -1.6393112978185597e-9
0.6299605243085064 -1.6393112978185597e-9 1.259921050006992

# Matrix 2081
1.2599210497549553 -0.6299605247762848 -0.6299605247819149
-0.6299605247762848 1.2599210498451474 0.6299605250330668
-0.6299605247819149 0.6299605250330668 1.2599210499171545

# Matrix 2082
1.2599210513463064 -0.6299605241113625 -0.6299605245898603
-0.6299605241113625 1.2599210482335135 8.150431995978792e-10
-0.6299605245898603 8.150431995978792e-10 1.2599210474860927

# Matrix 2083
1.2599210493389814 0.6299605246568671 -0.6299605246585543
0.6299605246568671 1.259921050247178 1.163465823683645e-9
-0.6299605246585543 1.163465823683645e-9 1.2599210502867992

# Matrix 2084
1.259921050200693 0.6299605250815257 0.6299605246958505
0.6299605250815257 1.259921049943639 0.6299605244312196
0.6299605246958505 0.6299605244312196 1.2599210491178114

# Matrix 2085
1.2599210498998352 0.6299605249458876 0.629960524940929
0.6299605249458876 1.2599210498914069 9.437450820826075e-13
0.629960524940929 9.437450820826075e-13 1.2599210498803517

# Matrix 2086
1.2599210498903628 0.6299605249397289 -0.6299605249395333
0.6299605249397289 1.2599210498922062 1.4158396677288346e-11
-0.6299605249395333 1.4158396677288346e-11 1.2599210498921778

# Matrix 2087
1.2599210479860963 -0.6299605231533542 0.6299605228990887
-0.6299605231533542 1.2599210493632418 -0.6299605246987735
0.6299605228990887 -0.6299605246987735 1.2599210496078859

# Matrix 2088
1.259921049923127 0.6299605249299981 0.6299605249530105
0.6299605249299981 1.2599210498512505 2.3438306850920292e-11
0.6299605249530105 2.3438306850920292e-11 1.2599210498693791

# Matrix 2089
1.2599210498347122 -0.6299605249173136 0.6299605249165577
-0.6299605249173136 1.2599210499272742 9.793982291839117e-11
0.6299605249165577 9.793982291839117e-11 1.259921049926644

# Matrix 2090
1.259921049470762 -0.6299605245112632 -0.6299605244791039
-0.6299605245112632 1.2599210500241689 -5.757894161462254e-10
-0.6299605244791039 -5.757894161462254e-10 1.2599210495089104

# Matrix 2091
1.2599210499094462 0.6299605244032533 0.6299605242968328
0.6299605244032533 1.2599210492799564 -6.136353092322978e-10
0.6299605242968328 -6.136353092322978e-10 1.2599210493064

# Matrix 2092
1.2599210477527623 0.6299605237190599 -0.6299605237724033
0.6299605237190599 1.2599210505144072 2.481789773689509e-9
-0.6299605237724033 2.481789773689509e-9 1.259921050581467

# Matrix 2093
1.2599210504332412 -0.6299605251900191 0.6299605248827386
-0.6299605251900191 1.2599210501130444 1.1095763197132907e-10
0.6299605248827386 1.1095763197132907e-10 1.259921049270029

# Matrix 2094
1.2599210492226425 -0.6299605246108547 -0.6299605246060214
-0.6299605246108547 1.25992105025799 0.6299605257164347
-0.6299605246060214 0.6299605257164347 1.259921050264654

# Matrix 2095
1.2599210511688868 -0.6299605246921569 0.6299605255138908
-0.6299605246921569 1.2599210495261988 -1.0800305094704454e-11
0.6299605255138908 -1.0800305094704454e-11 1.2599210489725625

# Matrix 2096
1.25992104989082 -0.6299605249383682 -0.6299605249237742
-0.6299605249383682 1.2599210499019422 -5.084821452783245e-14
-0.6299605249237742 -5.084821452783245e-14 1.2599210498496014

# Matrix 2097
1.2599210499750593 0.6299605249821207 -0.6299605249700589
0.6299605249821207 1.2599210498816047 -9.747014306782412e-11
-0.6299605249700589 -9.747014306782412e-11 1.2599210498126552

# Matrix 2098
1.2599210498946607 -0.6299605249455907 0.6299605249446718
-0.6299605249455907 1.2599210498931674 2.3425705819590726e-12
0.6299605249446718 2.3425705819590726e-12 1.2599210498922766

# Matrix 2099
1.259921049772249 0.6299605248845771 0.6299605248514683
0.6299605248845771 1.2599210499587654 -2.0556439883634526e-10
0.6299605248514683 -2.0556439883634526e-10 1.2599210499197522

# Matrix 2100
1.2599210498271647 0.6299605248786052 -0.6299605237743767
0.6299605248786052 1.2599210493119302 -0.6299605248074461
-0.6299605237743767 -0.6299605248074461 1.2599210496242703

# Matrix 2101
1.2599210509644638 -0.6299605252241013 0.6299605248464838
-0.6299605252241013 1.2599210491239727 -1.165936625024957e-9
0.6299605248464838 -1.165936625024957e-9 1.2599210486966446

# Matrix 2102
1.259921052043739 -0.6299605231373384 0.629960522714408
-0.6299605231373384 1.259921045697495 -4.5592685182782397e-10
0.629960522714408 -4.5592685182782397e-10 1.2599210455323104

# Matrix 2103
1.2599210498985154 -0.6299605249488056 0.6299605249491157
-0.6299605249488056 1.2599210498973639 -0.6299605249538806
0.6299605249491157 -0.6299605249538806 1.2599210498950684

# Matrix 2104
1.259921049894998 0.6299605249474847 -0.6299605249474859
0.6299605249474847 1.2599210498948243 -8.454348332520462e-14
-0.6299605249474859 -8.454348332520462e-14 1.2599210498948286

# Matrix 2105
1.2599210539741184 -0.6299605252550045 -0.6299605259322331
-0.6299605252550045 1.2599210470643751 2.5596904040803347e-9
-0.6299605259322331 2.5596904040803347e-9 1.2599210473030698

# Matrix 2106
1.2599210510259242 -0.62996052227907 0.6299605244576267
-0.62996052227907 1.2599210471232674 7.005510616053826e-10
0.6299605244576267 7.005510616053826e-10 1.259921047414543

# Matrix 2107
1.2599210498705602 -0.6299605249277649 -0.6299605249266726
-0.6299605249277649 1.259921049915515 -3.0837610243139786e-11
-0.6299605249266726 -3.0837610243139786e-11 1.2599210498732931

# Matrix 2108
1.259921049897836 -0.629960524946826 0.6299605249479353
-0.629960524946826 1.2599210498899631 -0.6299605249414443
0.6299605249479353 -0.6299605249414443 1.2599210498927513

# Matrix 2109
1.2599210499539437 0.6299605248954248 0.6299605248405614
0.6299605248954248 1.2599210497562974 -2.0526136346177362e-11
0.6299605248405614 -2.0526136346177362e-11 1.2599210497565227

# Matrix 2110
1.2599210499617377 -0.6299605216302946 0.6299605238998413
-0.6299605216302946 1.2599210455379484 2.5857886387647155e-9
0.6299605238998413 2.5857886387647155e-9 1.2599210500668543

# Matrix 2111
1.2599210503931928 0.629960525187206 0.6299605243595788
0.629960525187206 1.2599210501745128 -5.086687182575992e-10
0.6299605243595788 -5.086687182575992e-10 1.259921048825802

# Matrix 2112
1.259921050730863 0.6299605242811614 0.6299605234324462
0.6299605242811614 1.2599210485438934 1.575051200575204e-11
0.6299605234324462 1.575051200575204e-11 1.2599210472123452

# Matrix 2113
1.259921049750569 -0.6299605247717633 0.6299605248353346
-0.6299605247717633 1.2599210496362008 7.770339927048915e-11
0.6299605248353346 7.770339927048915e-11 1.259921050014053

# Matrix 2114
1.2599210499266011 0.6299605249424567 -0.6299605249452783
0.6299605249424567 1.2599210498633102 -2.0628110330988963e-11
-0.6299605249452783 -2.0628110330988963e-11 1.2599210498608624

# Matrix 2115
1.2599210498778453 0.6299605249367259 0.6299605249387272
0.6299605249367259 1.2599210499022648 0.6299605249629193
0.6299605249387272 0.6299605249629193 1.2599210499018845

# Matrix 2116
1.2599210499327338 0.6299605249610938 0.6299605249030672
0.6299605249610938 1.2599210499363704 0.6299605249188215
0.6299605249030672 0.6299605249188215 1.259921049775964

# Matrix 2117
1.2599210484978323 3.954063534927778e-10 0.6299605240026905
3.954063534927778e-10 1.2599210488395058 0.6299605244972055
0.6299605240026905 0.6299605244972055 1.259921050141499

# Matrix 2118
1.2599210498915083 0.6299605249398831 -0.6299605249454926
0.6299605249398831 1.2599210498933813 -0.6299605249434364
-0.6299605249454926 -0.6299605249434364 1.2599210498907314

# Matrix 2119
1.259921049897796 0.6299605249477845 -0.6299605249455951
0.6299605249477845 1.2599210498905327 -0.6299605249423142
-0.6299605249455951 -0.6299605249423142 1.2599210498918807

# Matrix 2120
1.2599210498927536 -0.6299605248808521 -0.6299605249122344
-0.6299605248808521 1.25992104984204 -1.0523848459342902e-10
-0.6299605249122344 -1.0523848459342902e-10 1.2599210498849758

# Matrix 2121
1.2599210499594053 -0.6299605248409574 0.6299605248899205
-0.6299605248409574 1.2599210497031395 8.657186079119533e-12
0.6299605248899205 8.657186079119533e-12 1.259921049787675

# Matrix 2122
1.2599210445500815 -0.6299605196334048 -0.6299605206191461
-0.6299605196334048 1.2599210485211725 -7.312086991450921e-9
-0.6299605206191461 -7.312086991450921e-9 1.2599210504132576

# Matrix 2123
1.2599210497269169 -0.6299605232843096 -0.6299605243069715
-0.6299605232843096 1.259921048118208 -2.1201872479892222e-9
-0.6299605243069715 -2.1201872479892222e-9 1.2599210502374822

# Matrix 2124
1.2599210502258174 0.6299605249938501 0.6299605249415436
0.6299605249938501 1.2599210496453788 1.9604573520126463e-10
0.6299605249415436 1.9604573520126463e-10 1.259921049626439

# Matrix 2125
1.2599210492775426 -0.6299605238178879 -0.6299605245234539
-0.6299605238178879 1.2599210490868202 0.6299605238205117
-0.6299605245234539 0.6299605238205117 1.2599210495332858

# Matrix 2126
1.2599210498966014 -0.6299605249473408 -0.6299605249447239
-0.6299605249473408 1.259921049893998 1.4001022563547589e-12
-0.6299605249447239 1.4001022563547589e-12 1.2599210498887663

# Matrix 2127
1.259921049471011 -0.6299605237636553 -0.6299605240658571
-0.6299605237636553 1.259921049190333 -1.2307064811700803e-9
-0.6299605240658571 -1.2307064811700803e-9 1.2599210492312196

# Matrix 2128
1.2599210498945699 0.62996052494715 0.6299605249471191
0.62996052494715 1.259921049894873 -6.042388811522398e-13
0.6299605249471191 -6.042388811522398e-13 1.2599210498948754

# Matrix 2129
1.259921050127457 0.6299605249915252 0.6299605249943023
0.6299605249915252 1.2599210497395312 1.8246998356729986e-10
0.6299605249943023 1.8246998356729986e-10 1.2599210497397295

# Matrix 2130
1.2599210498779778 -1.0043861575770298e-11 0.62996052493331
-1.0043861575770298e-11 1.2599210498811257 0.6299605249347825
0.62996052493331 0.6299605249347825 1.2599210498960967

# Matrix 2131
1.2599210498978226 -0.6299605249435692 -0.629960524943345
-0.6299605249435692 1.2599210498877087 -3.460176589697991e-12
-0.629960524943345 -3.460176589697991e-12 1.2599210498898001

# Matrix 2132
1.259921048738847 -0.6299605238960256 -0.6299605238237359
-0.6299605238960256 1.2599210506014642 -3.367508938367785e-9
-0.6299605238237359 -3.367508938367785e-9 1.2599210500745077

# Matrix 2133
1.259921049800169 -0.6299605247851102 -0.6299605247486298
-0.6299605247851102 1.2599210496075346 0.6299605248613395
-0.6299605247486298 0.6299605248613395 1.259921049978763

# Matrix 2134
1.2599210498949083 -0.6299605249474446 -0.6299605249473852
-0.6299605249474446 1.2599210498948048 3.824718319833642e-14
-0.6299605249473852 3.824718319833642e-14 1.259921049894811

# Matrix 2135
1.259921050056357 -0.6299605247031232 0.6299605248698442
-0.6299605247031232 1.259921049641079 2.5671692549522804e-10
0.6299605248698442 2.5671692549522804e-10 1.2599210496752928

# Matrix 2136
1.259921050121254 0.6299605249187137 0.629960525019004
0.6299605249187137 1.2599210495642357 2.1939305927531985e-10
0.629960525019004 2.1939305927531985e-10 1.2599210498345335

# Matrix 2137
1.259921049867293 0.629960524834869 0.6299605248670367
0.629960524834869 1.2599210498472706 -1.141551297934025e-10
0.6299605248670367 -1.141551297934025e-10 1.2599210497980626

# Matrix 2138
1.2599210498949904 -0.6299605249474544 0.6299605249473224
-0.6299605249474544 1.2599210498947377 4.790612351257526e-14
0.6299605249473224 4.790612351257526e-14 1.2599210498947555

# Matrix 2139
1.2599210491839379 -0.6299605232898322 -0.6299605243482254
-0.6299605232898322 1.2599210499330535 0.6299605243734212
-0.6299605243482254 0.6299605243734212 1.2599210486804076

# Matrix 2140
1.2599210500309164 -0.629960524744871 -0.6299605247313763
-0.629960524744871 1.2599210495502353 -6.873124291928223e-11
-0.6299605247313763 -6.873124291928223e-11 1.2599210495457733

# Matrix 2141
1.25992104984628 0.629960524918394 -0.6299605249185879
0.629960524918394 1.259921049917023 8.879857960053488e-11
-0.6299605249185879 8.879857960053488e-11 1.259921049919525

# Matrix 2142
1.2599210498796547 -0.6299605249395414 0.6299605249395311
-0.6299605249395414 1.259921049902322 2.346550731502338e-11
0.6299605249395311 2.346550731502338e-11 1.259921049902292

# Matrix 2143
1.25992104994024 0.6299605249223681 0.6299605249034446
0.6299605249223681 1.25992104983521 1.0883016710039278e-11
0.6299605249034446 1.0883016710039278e-11 1.259921049794711

# Matrix 2144
1.2599210493236455 -0.6299605237316739 0.6299605238256526
-0.6299605237316739 1.2599210492047779 1.8194387663150162e-9
0.6299605238256526 1.8194387663150162e-9 1.2599210494428352

# Matrix 2145
1.2599210477798584 0.6299605225453131 0.629960522530865
0.6299605225453131 1.2599210496720628 -4.724140856282586e-9
0.629960522530865 -4.724140856282586e-9 1.2599210496622035

# Matrix 2146
1.2599210498371594 -1.2033349316986643e-10 0.6299605248723823
-1.2033349316986643e-10 1.2599210498348326 0.6299605248444919
0.6299605248723823 0.6299605248444919 1.259921049865357

# Matrix 2147
1.2599210499030524 -0.6299605249376452 -0.6299605249350335
-0.6299605249376452 1.2599210498782656 -3.042455176682778e-12
-0.6299605249350335 -3.042455176682778e-12 1.259921049873011

# Matrix 2148
1.2599210514543793 -0.6299605253617068 -0.6299605254850161
-0.6299605253617068 1.2599210488383958 2.1162999686019613e-9
-0.6299605254850161 2.1162999686019613e-9 1.259921048730275

# Matrix 2149
1.259921048841241 -0.6299605213339989 -0.6299605222328303
-0.6299605213339989 1.259921048771238 -5.481594067546794e-9
-0.6299605222328303 -5.481594067546794e-9 1.259921047640355

# Matrix 2150
1.25992104989507 0.6299605249474204 -0.629960524947378
0.6299605249474204 1.2599210498946585 -1.6220358389773471e-13
-0.629960524947378 -1.6220358389773471e-13 1.2599210498946174

# Matrix 2151
1.2599210499014184 0.629960524934917 0.6299605249479536
0.629960524934917 1.2599210498697029 1.5689671784002745e-12
0.6299605249479536 1.5689671784002745e-12 1.2599210498942672

# Matrix 2152
1.259921049920134 -0.629960522711929 0.6299605236489755
-0.629960522711929 1.2599210467673074 9.723444271969466e-10
0.6299605236489755 9.723444271969466e-10 1.2599210489250292

# Matrix 2153
1.2599210494203563 -5.487174811746865e-10 0.629960524573867
-5.487174811746865e-10 1.2599210494150905 0.6299605243581065
0.629960524573867 0.6299605243581065 1.2599210499220566

# Matrix 2154
1.2599210496078097 0.6299605236097711 0.6299605229610408
0.6299605236097711 1.2599210485105723 -1.92576643520682e-9
0.6299605229610408 -1.92576643520682e-9 1.259921048513688

# Matrix 2155
1.2599210497310305 -0.6299605229211648 0.6299605244710678
-0.6299605229211648 1.2599210470297157 -0.6299605236754675
0.6299605244710678 -0.6299605236754675 1.2599210504074665

# Matrix 2156
1.259921049813021 -0.6299605247889676 0.629960524728032
-0.6299605247889676 1.2599210497895783 2.7085672593685305e-10
0.629960524728032 2.7085672593685305e-10 1.2599210497860438

# Matrix 2157
1.25992105193088 -0.6299605251747394 0.6299605245448594
-0.6299605251747394 1.2599210476174891 -2.1850211084917132e-9
0.6299605245448594 -2.1850211084917132e-9 1.2599210477672016

# Matrix 2158
1.2599210498638536 0.6299605248406787 -0.6299605248705569
0.6299605248406787 1.2599210497995532 1.1318879167276863e-10
-0.6299605248705569 1.1318879167276863e-10 1.2599210498621616

# Matrix 2159
1.2599210507783185 -0.6299605242989679 -0.6299605249142779
-0.6299605242989679 1.2599210482315442 6.479799474767844e-10
-0.6299605249142779 6.479799474767844e-10 1.259921049039452

# Matrix 2160
1.2599210498969664 0.629960524943537 0.6299605249426528
0.629960524943537 1.2599210498891968 -2.4287238886700034e-12
0.6299605249426528 -2.4287238886700034e-12 1.2599210498878

# Matrix 2161
1.2599210501936762 -0.6299605238873852 0.629960524316562
-0.6299605238873852 1.2599210480966467 7.851393424296324e-10
0.629960524316562 7.851393424296324e-10 1.2599210495635538

# Matrix 2162
1.2599210488233368 -3.6864704691663614e-9 0.6299605227099286
-3.6864704691663614e-9 1.259921048741298 0.6299605224465629
0.6299605227099286 0.6299605224465629 1.2599210486685601

# Matrix 2163
1.2599210498980693 -0.6299605249488411 0.6299605249488216
-0.6299605249488411 1.2599210498971998 -0.629960524952823
0.6299605249488216 -0.629960524952823 1.259921049894801

# Matrix 2164
1.2599210498938431 0.629960524946681 -0.6299605249467881
0.629960524946681 1.2599210498946103 2.45969911105701e-13
-0.6299605249467881 2.45969911105701e-13 1.2599210498948012

# Matrix 2165
1.2599210513863135 -0.629960522641291 -0.6299605236397997
-0.629960522641291 1.2599210457124335 -3.6353176025016875e-10
-0.6299605236397997 -3.6353176025016875e-10 1.2599210475127036

# Matrix 2166
1.2599210490998627 0.6299605235870683 -0.6299605237299807
0.6299605235870683 1.2599210476515832 -0.6299605229253327
-0.6299605237299807 -0.6299605229253327 1.259921049866555

# Matrix 2167
1.2599210500018319 -0.6299605248983449 0.6299605247962521
-0.6299605248983449 1.259921049689524 -1.7841672583784965e-11
0.6299605247962521 -1.7841672583784965e-11 1.2599210496786815

# Matrix 2168
1.2599210508535845 -0.6299605249487077 -0.6299605240729921
-0.6299605249487077 1.2599210496264355 1.182241526898057e-10
-0.6299605240729921 1.182241526898057e-10 1.2599210476419818

# Matrix 2169
1.2599210498949949 -0.6299605249469176 -0.6299605249472084
-0.6299605249469176 1.2599210498944633 -1.1907141939104713e-13
-0.6299605249472084 -1.1907141939104713e-13 1.2599210498942037

# Matrix 2170
1.2599210478153486 0.6299605232077582 -0.6299605220958315
0.6299605232077582 1.2599210500607279 4.442694434558781e-9
-0.6299605220958315 4.442694434558781e-9 1.2599210493418025

# Matrix 2171
1.2599210516437274 -0.6299605250234648 0.6299605257554061
-0.6299605250234648 1.2599210499085167 -0.6299605250262903
0.6299605257554061 -0.6299605250262903 1.2599210487742765

# Matrix 2172
1.2599210499422544 0.6299605247120682 -0.6299605244359205
0.6299605247120682 1.2599210499211666 7.802036239290456e-10
-0.6299605244359205 7.802036239290456e-10 1.2599210493296946

# Matrix 2173
1.2599210495752688 0.629960524363514 -0.6299605242225994
0.629960524363514 1.259921049547657 9.396217137691505e-10
-0.6299605242225994 9.396217137691505e-10 1.2599210495496298

# Matrix 2174
1.2599210498968807 0.6299605249474507 -0.629960524946772
0.6299605249474507 1.2599210498924431 -1.8259282974497694e-12
-0.629960524946772 -1.8259282974497694e-12 1.2599210498925422

# Matrix 2175
1.259921050842908 -0.6299605249801855 0.6299605243893249
-0.6299605249801855 1.2599210495402284 -2.4737151216314177e-10
0.6299605243893249 -2.4737151216314177e-10 1.2599210481200738

# Matrix 2176
1.2599210510402092 -0.6299605218642617 0.6299605210088269
-0.6299605218642617 1.2599210461255397 2.4045009316964113e-9
0.6299605210088269 2.4045009316964113e-9 1.2599210443777134

# Matrix 2177
1.2599210498945863 0.6299605249470099 0.6299605249471444
0.6299605249470099 1.2599210498946536 -6.813438702124554e-13
0.6299605249471444 -6.813438702124554e-13 1.2599210498949716

# Matrix 2178
1.2599210497275486 0.6299605247579996 0.6299605247922764
0.6299605247579996 1.2599210497249773 -1.626908607832447e-10
0.6299605247922764 -1.626908607832447e-10 1.2599210499368658

# Matrix 2179
1.2599210498948732 -0.629960524947423 0.6299605249473966
-0.629960524947423 1.259921049894835 -0.6299605249474057
0.6299605249473966 -0.6299605249474057 1.259921049894855

# Matrix 2180
1.2599210498961193 -0.6299605249467345 0.6299605249459455
-0.6299605249467345 1.259921049893281 -9.758860386455083e-14
0.6299605249459455 -9.758860386455083e-14 1.2599210498918145

# Matrix 2181
1.2599210498840803 -0.6299605249378691 0.6299605249367449
-0.6299605249378691 1.25992104989826 3.0966451625147426e-11
0.6299605249367449 3.0966451625147426e-11 1.2599210498995088

# Matrix 2182
1.2599210498919073 -5.386177615029897e-13 0.6299605249457405
-5.386177615029897e-13 1.2599210498935338 -0.6299605249466785
0.6299605249457405 -0.6299605249466785 1.2599210498953788

# Matrix 2183
1.2599210493754172 0.629960523033926 0.6299605237508613
0.629960523033926 1.2599210482605756 -3.026668637939838e-9
0.6299605237508613 -3.026668637939838e-9 1.2599210500927769

# Matrix 2184
1.2599210523218538 0.6299605240862458 0.6299605240170035
0.6299605240862458 1.2599210462332915 -8.793362704650818e-10
0.6299605240170035 -8.793362704650818e-10 1.2599210485178731

# Matrix 2185
1.2599210532630392 -0.6299605232852058 0.6299605232853169
-0.6299605232852058 1.2599210450362937 -1.0938989714048621e-9
0.6299605232853169 -1.0938989714048621e-9 1.2599210451008316

# Matrix 2186
1.2599210491957238 -0.6299605245833985 -0.6299605245816775
-0.6299605245833985 1.2599210502111897 -1.0063024302730806e-9
-0.6299605245816775 -1.0063024302730806e-9 1.259921050208561

# Matrix 2187
1.259921050826848 0.6299605241680455 0.6299605248500552
0.6299605241680455 1.2599210479214844 2.673943844122569e-10
0.6299605248500552 2.673943844122569e-10 1.259921049278336

# Matrix 2188
1.259921049864817 -0.6299605249310386 0.6299605249290432
-0.6299605249310386 1.2599210498992433 -0.6299605249728927
0.6299605249290432 -0.6299605249728927 1.2599210499143358

# Matrix 2189
1.259921049877541 0.6299605227740551 0.629960523560681
0.6299605227740551 1.259921047382991 -2.464533299662024e-9
0.629960523560681 -2.464533299662024e-9 1.259921049326038

# Matrix 2190
1.259921049062012 0.6299605245108314 -0.6299605245065473
0.6299605245108314 1.2599210502016756 -0.6299605254920142
-0.6299605245065473 -0.6299605254920142 1.259921050198987

# Matrix 2191
1.2599210531340075 -0.6299605256480466 -0.6299605255461226
-0.6299605256480466 1.2599210473487477 3.888990685041479e-9
-0.6299605255461226 3.888990685041479e-9 1.259921047261887

# Matrix 2192
1.2599210499006335 -0.6299605249296206 0.6299605248237808
-0.6299605249296206 1.2599210499336815 -0.6299605249632891
0.6299605248237808 -0.6299605249632891 1.2599210497665585

# Matrix 2193
1.259921043966867 -0.6299605201911421 -0.629960520172791
-0.6299605201911421 1.2599210508482706 -1.0031700248269657e-8
-0.629960520172791 -1.0031700248269657e-8 1.2599210508253638

# Matrix 2194
1.2599210498948776 2.845501612114279e-13 -0.6299605249473428
2.845501612114279e-13 1.2599210498947375 0.6299605249471434
-0.6299605249473428 0.6299605249471434 1.2599210498947269

# Matrix 2195
1.2599210498921223 0.6299605249458758 -0.6299605249456262
0.6299605249458758 1.2599210498958895 -0.6299605249498575
-0.6299605249456262 -0.6299605249498575 1.2599210498959745

# Matrix 2196
1.2599210504127016 -0.6299605229981468 -0.6299605234272597
-0.6299605229981468 1.259921047298076 -1.1500718155588077e-9
-0.6299605234272597 -1.1500718155588077e-9 1.2599210479419916

# Matrix 2197
1.259921049927947 -0.6299605248548799 -0.6299605248412354
-0.6299605248548799 1.2599210496823545 -2.3178403640855478e-11
-0.6299605248412354 -2.3178403640855478e-11 1.2599210498137348

# Matrix 2198
1.2599210498928295 0.6299605249406852 -0.6299605249415384
0.6299605249406852 1.2599210498907398 8.528955319775403e-12
-0.6299605249415384 8.528955319775403e-12 1.2599210498905515

# Matrix 2199
1.2599210495294915 0.6299605244597026 0.6299605245486729
0.6299605244597026 1.2599210498281421 -8.029368281370308e-10
0.6299605245486729 -8.029368281370308e-10 1.259921049802074

# Matrix 2200
1.259921050345241 -0.6299605237264586 0.629960523901934
-0.6299605237264586 1.2599210480246215 2.892255879238737e-10
0.629960523901934 2.892255879238737e-10 1.2599210483354772

# Matrix 2201
1.2599210498759463 0.6299605249303147 0.6299605249304281
0.6299605249303147 1.2599210498726352 3.606276388623552e-11
0.6299605249304281 3.606276388623552e-11 1.2599210498727977

# Matrix 2202
1.2599210498914062 0.6299605249431648 -0.6299605249444312
0.6299605249431648 1.259921049893411 7.70944419414829e-12
-0.6299605249444312 7.70944419414829e-12 1.2599210498963949

# Matrix 2203
1.2599210502387617 0.6299605248938218 -0.6299605248883713
0.6299605248938218 1.2599210498087658 -2.7843505279179394e-11
-0.6299605248883713 -2.7843505279179394e-11 1.2599210493536601

# Matrix 2204
1.2599210484902166 0.6299605237454817 -0.6299605237118533
0.6299605237454817 1.2599210500855993 2.45840836576859e-9
-0.6299605237118533 2.45840836576859e-9 1.2599210499659106

# Matrix 2205
1.2599210503538039 -0.6299605225222226 0.629960524519678
-0.6299605225222226 1.2599210466895505 2.277076471823824e-9
0.629960524519678 2.277076471823824e-9 1.2599210502023757

# Matrix 2206
1.2599210499252047 0.6299605249003315 0.6299605249153043
0.6299605249003315 1.2599210498065367 -6.9390604373608745e-12
0.6299605249153043 -6.9390604373608745e-12 1.2599210498417441

# Matrix 2207
1.2599210509859873 -0.6299605247815472 -0.6299605247955125
-0.6299605247815472 1.2599210486785322 7.929077949775387e-10
-0.6299605247955125 7.929077949775387e-10 1.2599210487040386

# Matrix 2208
1.2599210492912274 2.988595121378182e-9 0.6299605231396905
2.988595121378182e-9 1.2599210493255173 -0.6299605231670532
0.6299605231396905 -0.6299605231670532 1.2599210486807924

# Matrix 2209
1.2599210489847215 -0.6299605229002138 0.6299605234647844
-0.6299605229002138 1.2599210495399085 -0.6299605266515085
0.6299605234647844 -0.6299605266515085 1.2599210499427873

# Matrix 2210
1.259921049895657 -0.629960524946845 -0.6299605249469447
-0.629960524946845 1.2599210498937967 -5.218603327250571e-13
-0.6299605249469447 -5.218603327250571e-13 1.2599210498938078

# Matrix 2211
1.2599210498880045 -0.6299605249245287 0.6299605249386465
-0.6299605249245287 1.2599210498791242 -0.6299605249169873
0.6299605249386465 -0.6299605249169873 1.2599210498760594

# Matrix 2212
1.2599210497186366 0.62996052485705 -0.6299605248582453
0.62996052485705 1.2599210499784887 2.521418074330478e-10
-0.6299605248582453 2.521418074330478e-10 1.259921049974897

# Matrix 2213
1.259921049895136 0.6299605249408404 -0.6299605249408373
0.6299605249408404 1.2599210498880982 6.603606550470432e-12
-0.6299605249408373 6.603606550470432e-12 1.2599210498881062

# Matrix 2214
1.2599210499059017 -0.6299605247552089 -0.6299605247430367
-0.6299605247552089 1.2599210497946385 -3.5184455349224395e-10
-0.6299605247430367 -3.5184455349224395e-10 1.2599210496861293

# Matrix 2215
1.2599210498444116 -0.6299605249110003 0.6299605249110338
-0.6299605249110003 1.2599210499172144 1.1178513670273517e-10
0.6299605249110338 1.1178513670273517e-10 1.2599210499172189

# Matrix 2216
1.2599210497072315 0.6299605241992154 -0.6299605241264685
0.6299605241992154 1.259921049302015 9.098583553246331e-10
-0.6299605241264685 9.098583553246331e-10 1.2599210492522401

# Matrix 2217
1.259921049894969 -0.6299605249469548 0.6299605249470241
-0.6299605249469548 1.259921049894259 3.4672265059043376e-13
0.6299605249470241 3.4672265059043376e-13 1.2599210498943985

# Matrix 2218
1.2599210500344846 -0.629960524735556 0.6299605248617793
-0.629960524735556 1.2599210495129902 -2.4916624319359887e-11
0.6299605248617793 -2.4916624319359887e-11 1.2599210496772795

# Matrix 2219
1.2599210491382005 -0.6299605241912231 0.6299605236273851
-0.6299605241912231 1.2599210495950306 1.7435475840876857e-9
0.6299605236273851 1.7435475840876857e-9 1.259921049597624

# Matrix 2220
1.259921049633899 -0.6299605224766153 0.6299605226657634
-0.6299605224766153 1.2599210482898293 5.753281240306011e-9
0.6299605226657634 5.753281240306011e-9 1.2599210493467443

# Matrix 2221
1.259921054810825 0.6299605269135633 -0.6299605262012831
0.6299605269135633 1.259921046988378 -6.556083342879014e-9
-0.6299605262012831 -6.556083342879014e-9 1.2599210461693415

# Matrix 2222
1.2599210497902698 -1.9023430053444178e-10 -0.629960524803928
-1.9023430053444178e-10 1.2599210497849904 -0.629960524792621
-0.629960524803928 -0.629960524792621 1.2599210498525306

# Matrix 2223
1.2599210493105675 -0.6299605243702198 0.6299605245511971
-0.6299605243702198 1.2599210499778182 -0.62996052557274
0.6299605245511971 -0.62996052557274 1.2599210501641323

# Matrix 2224
1.2599210500279692 0.629960524946828 -0.6299605248531835
0.629960524946828 1.2599210497026438 -5.062078534123785e-11
-0.6299605248531835 -5.062078534123785e-11 1.259921049749412

# Matrix 2225
1.2599210498951041 0.6299605249409149 0.6299605249375022
0.6299605249409149 1.2599210498870146 -1.0235867708985281e-11
0.6299605249375022 -1.0235867708985281e-11 1.2599210498873066

# Matrix 2226
1.2599210498757907 -0.629960524932963 -0.629960524933218
-0.629960524932963 1.2599210499026172 -4.176564649682733e-11
-0.629960524933218 -4.176564649682733e-11 1.2599210499021598

# Matrix 2227
1.2599210499268736 -0.6299605248786261 0.6299605248786917
-0.6299605248786261 1.2599210497860576 1.3453127500895131e-11
0.6299605248786917 1.3453127500895131e-11 1.2599210497865831

# Matrix 2228
1.2599210499765028 0.6299605248294019 -0.629960524902249
0.6299605248294019 1.259921049623431 7.785994071696199e-13
-0.629960524902249 7.785994071696199e-13 1.2599210498403648

# Matrix 2229
1.2599210490452815 0.629960524246179 0.6299605245021771
0.629960524246179 1.2599210497558029 -9.771128350877286e-10
0.6299605245021771 -9.771128350877286e-10 1.2599210502894516

# Matrix 2230
1.2599210493197006 -0.6299605246587692 0.6299605246571092
-0.6299605246587692 1.2599210501730085 -0.6299605254956914
0.6299605246571092 -0.6299605254956914 1.2599210501714173

# Matrix 2231
1.2599210478516136 0.6299605220082503 0.6299605220040053
0.6299605220082503 1.2599210489971358 -4.98591479214386e-9
0.6299605220040053 -4.98591479214386e-9 1.2599210489974095

# Matrix 2232
1.2599210482074177 0.6299605225941458 0.6299605218923828
0.6299605225941458 1.259921049241513 -4.176998191773838e-9
0.6299605218923828 -4.176998191773838e-9 1.2599210483717134

# Matrix 2233
1.2599210503566864 -0.6299605240630608 -0.6299605238280712
-0.6299605240630608 1.2599210483576848 -2.1348256495912195e-10
-0.6299605238280712 -2.1348256495912195e-10 1.2599210482869772

# Matrix 2234
1.2599210499074234 -0.6299605249303081 0.6299605249469079
-0.6299605249303081 1.259921049869543 5.068889752379838e-12
0.6299605249469079 5.068889752379838e-12 1.259921049883306

# Matrix 2235
1.259921049925832 -0.6299605249192191 -0.6299605249170853
-0.6299605249192191 1.2599210498366313 1.8174906024625802e-12
-0.6299605249170853 1.8174906024625802e-12 1.2599210498325333

# Matrix 2236
1.2599210498950186 -0.6299605249473605 0.6299605249473421
-0.6299605249473605 1.259921049894656 -1.8873791418627664e-14
0.6299605249473421 -1.8873791418627664e-14 1.2599210498946565

# Matrix 2237
1.2599210521714121 -0.6299605225848262 0.6299605222349927
-0.6299605225848262 1.2599210454120786 2.4076557414431844e-10
0.6299605222349927 2.4076557414431844e-10 1.2599210447360536

# Matrix 2238
1.2599210494619444 0.6299605243013587 -0.6299605246678478
0.6299605243013587 1.2599210498669267 9.410653367680708e-10
-0.6299605246678478 9.410653367680708e-10 1.2599210498932132

# Matrix 2239
1.2599210499725813 -0.6299605249442529 -0.6299605245564651
-0.6299605249442529 1.259921049783772 0.6299605244931952
-0.6299605245564651 0.6299605244931952 1.2599210493626685

# Matrix 2240
1.259921049892389 -0.6299605249093272 0.6299605249093022
-0.6299605249093272 1.2599210498592213 4.066036396466188e-11
0.6299605249093022 4.066036396466188e-11 1.259921049859286

# Matrix 2241
1.259921049870636 -0.629960524934143 -0.6299605249340358
-0.629960524934143 1.2599210498966724 -2.623901096399102e-11
-0.6299605249340358 -2.623901096399102e-11 1.2599210499072904

# Matrix 2242
1.259921049348729 -0.6299605239055297 0.62996052427104
-0.6299605239055297 1.2599210489954165 -0.6299605243187765
0.62996052427104 -0.6299605243187765 1.2599210497758313

# Matrix 2243
1.2599210498948243 -0.6299605249474032 -0.6299605249473977
-0.6299605249474032 1.2599210498949007 -8.021361352916743e-14
-0.6299605249473977 -8.021361352916743e-14 1.2599210498948679

# Matrix 2244
1.2599210498948308 0.6299605249471512 -0.6299605249471417
0.6299605249471512 1.2599210498946092 2.8010926911292674e-13
-0.6299605249471417 2.8010926911292674e-13 1.259921049894607

# Matrix 2245
1.2599210498965165 0.6299605249473011 0.6299605249474428
0.6299605249473011 1.2599210498915905 1.6682211168017632e-12
0.6299605249474428 1.6682211168017632e-12 1.2599210498946802

# Matrix 2246
1.2599210499019318 -0.6299605249353941 -0.6299605249475295
-0.6299605249353941 1.2599210498699183 1.9232393455581498e-12
-0.6299605249475295 1.9232393455581498e-12 1.2599210498932019

# Matrix 2247
1.2599210498948785 -0.6299605249474035 -0.6299605249474304
-0.6299605249474035 1.2599210498948115 0.6299605249474053
-0.6299605249474304 0.6299605249474053 1.2599210498948825

# Matrix 2248
1.2599210478876905 -0.6299605231809295 -0.6299605232992634
-0.6299605231809295 1.2599210496837125 -2.6143971432190636e-9
-0.6299605232992634 -2.6143971432190636e-9 1.2599210499723015

# Matrix 2249
1.2599210522601583 -0.6299605259576563 0.6299605253164063
-0.6299605259576563 1.2599210490582877 -0.6299605217133808
0.6299605253164063 -0.6299605217133808 1.2599210471295959

# Matrix 2250
1.2599210495184987 0.629960522983545 0.6299605232171542
0.629960522983545 1.25992104825509 -1.8590916583960095e-9
0.6299605232171542 -1.8590916583960095e-9 1.259921048350318

# Matrix 2251
1.259921050069481 -0.6299605238691051 0.6299605239833614
-0.6299605238691051 1.259921048249356 1.7136856378385565e-9
0.6299605239833614 1.7136856378385565e-9 1.2599210497268283

# Matrix 2252
1.259921048463426 0.629960523561716 0.6299605235605185
0.629960523561716 1.2599210499079467 -2.5990850582857313e-9
0.6299605235605185 -2.5990850582857313e-9 1.2599210498262676

# Matrix 2253
1.2599210518028967 0.629960523439442 0.6299605234779264
0.629960523439442 1.2599210464068435 -4.29656310529937e-11
0.6299605234779264 -4.29656310529937e-11 1.2599210468975088

# Matrix 2254
1.2599210492573354 0.6299605242722903 -0.6299605242850645
0.6299605242722903 1.2599210486690735 -0.6299605216885638
-0.6299605242850645 -0.6299605216885638 1.2599210486939494

# Matrix 2255
1.2599210490568358 -0.6299605227734355 -0.6299605229968026
-0.6299605227734355 1.2599210481604357 -2.8558242437526583e-9
-0.6299605229968026 -2.8558242437526583e-9 1.2599210491510633

# Matrix 2256
1.2599210498464937 -0.6299605249191241 -0.6299605249187917
-0.6299605249191241 1.2599210499119435 -6.780764838509821e-11
-0.6299605249187917 -6.780764838509821e-11 1.259921049911571

# Matrix 2257
1.2599210498942253 -3.3487865258585754e-12 -0.6299605249453565
-3.3487865258585754e-12 1.2599210498945168 -0.6299605249454907
-0.6299605249453565 -0.6299605249454907 1.2599210498932747

# Matrix 2258
1.2599210498855786 0.6299605248663164 0.629960524906063
0.6299605248663164 1.2599210498694786 0.6299605248792923
0.629960524906063 0.6299605248792923 1.2599210498024704

# Matrix 2259
1.2599210498988018 -0.6299605249316459 -0.6299605249432394
-0.6299605249316459 1.2599210498704618 -2.6179058920661046e-12
-0.6299605249432394 -2.6179058920661046e-12 1.2599210498891413

# Matrix 2260
1.2599210493273272 -0.6299605241284093 -0.6299605241657593
-0.6299605241284093 1.2599210497795166 -1.1727459559018791e-9
-0.6299605241657593 -1.1727459559018791e-9 1.2599210494145159

# Matrix 2261
1.2599210494839315 0.6299605240096096 0.629960524386055
0.6299605240096096 1.2599210497153535 0.6299605245773456
0.629960524386055 0.6299605245773456 1.2599210492391348

# Matrix 2262
1.2599210498928157 -0.6299605249448607 -0.6299605249441991
-0.6299605249448607 1.259921049892734 -3.938460668706526e-12
-0.6299605249441991 -3.938460668706526e-12 1.2599210498946296

# Matrix 2263
1.2599210497781035 0.6299605246644211 -0.6299605248701351
0.6299605246644211 1.2599210498907742 -0.6299605249956256
-0.6299605248701351 -0.6299605249956256 1.2599210498076563

# Matrix 2264
1.2599210533582588 0.629960525510007 -0.6299605256425128
0.629960525510007 1.2599210468785669 -4.386051632998571e-9
-0.6299605256425128 -4.386051632998571e-9 1.25992104704616

# Matrix 2265
1.259921049713373 -0.6299605248494418 0.6299605243672475
-0.6299605248494418 1.2599210501907103 -0.6299605260471501
0.6299605243672475 -0.6299605260471501 1.2599210500615559

# Matrix 2266
1.259921045146855 -0.6299605222936265 -0.6299605222657175
-0.6299605222936265 1.2599210519514066 -7.322725870118085e-9
-0.6299605222657175 -7.322725870118085e-9 1.259921051936809

# Matrix 2267
1.2599210501342861 0.6299605247668519 -0.6299605249311776
0.6299605247668519 1.259921049618349 6.069916791418017e-11
-0.6299605249311776 6.069916791418017e-11 1.259921049630188

# Matrix 2268
1.2599210497658115 -0.6299605248459105 0.629960524744083
-0.6299605248459105 1.2599210502635767 9.52251666408442e-10
0.629960524744083 9.52251666408442e-10 1.25992104992658

# Matrix 2269
1.259921052326913 -0.6299605247901251 0.6299605251606154
-0.6299605247901251 1.2599210463463804 -3.678834681330972e-9
0.6299605251606154 -3.678834681330972e-9 1.2599210478225797

# Matrix 2270
1.2599210499134832 -0.6299605249448985 0.6299605249456207
-0.6299605249448985 1.2599210498768754 -8.747447211021581e-12
0.6299605249456207 -8.747447211021581e-12 1.2599210498764206

# Matrix 2271
1.2599210499122302 0.6299605249368974 0.6299605249339439
0.6299605249368974 1.259921049868693 5.115852186321454e-12
0.6299605249339439 5.115852186321454e-12 1.259921049862458

# Matrix 2272
1.2599210504279383 0.6299605232515499 -0.6299605229323433
0.6299605232515499 1.2599210478313525 1.5314480794614726e-9
-0.6299605229323433 1.5314480794614726e-9 1.2599210473206321

# Matrix 2273
1.2599210498867783 0.6299605249232398 0.6299605249230521
0.6299605249232398 1.2599210498793667 -2.786776365226718e-11
0.6299605249230521 -2.786776365226718e-11 1.2599210498749767

# Matrix 2274
1.2599210498439837 0.629960524921936 0.6299605248991097
0.629960524921936 1.2599210499197195 -4.114225626850061e-11
0.6299605248991097 -4.114225626850061e-11 1.2599210498668711

# Matrix 2275
1.2599210493614437 0.6299605235071689 0.6299605246050142
0.6299605235071689 1.259921048014023 9.630007902217159e-11
0.6299605246050142 9.630007902217159e-11 1.2599210500458424

# Matrix 2276
1.2599210498158282 0.629960524887118 0.6299605248853472
0.629960524887118 1.2599210499183013 0.6299605250478048
0.6299605248853472 0.6299605250478048 1.2599210499357965

# Matrix 2277
1.2599210492114543 2.0003550899039188e-10 -0.6299605245063048
2.0003550899039188e-10 1.2599210495235325 0.6299605246418318
-0.6299605245063048 0.6299605246418318 1.259921050039224

# Matrix 2278
1.2599210498919164 -0.6299605249459242 0.6299605249444572
-0.6299605249459242 1.2599210498979967 -0.629960524949606
0.6299605249444572 -0.629960524949606 1.2599210498931581

# Matrix 2279
1.2599210502226312 -0.6299605243922569 -0.6299605246306039
-0.6299605243922569 1.259921048916122 2.2832069568323473e-11
-0.6299605246306039 2.2832069568323473e-11 1.2599210492587092

# Matrix 2280
1.2599210488471237 -0.6299605244184 0.6299605244177195
-0.6299605244184 1.2599210505651577 2.014319544496586e-9
0.6299605244177195 2.014319544496586e-9 1.2599210505527962

# Matrix 2281
1.2599210499016738 0.6299605249473257 -0.6299605249464149
0.6299605249473257 1.2599210498870042 -7.274458813100111e-12
-0.6299605249464149 -7.274458813100111e-12 1.259921049887315

# Matrix 2282
1.2599210500917581 0.6299605239733452 -0.6299605243622773
0.6299605239733452 1.2599210489427703 6.657371875995426e-10
-0.6299605243622773 6.657371875995426e-10 1.2599210489492867

# Matrix 2283
1.2599210498660949 1.0094662605819592e-10 -0.6299605248868977
1.0094662605819592e-10 1.2599210498693674 0.6299605248783466
-0.6299605248868977 0.6299605248783466 1.2599210498564306

# Matrix 2284
1.2599210498458235 0.629960524902383 -0.6299605248252144
0.629960524902383 1.259921049865502 -0.6299605248347948
-0.6299605248252144 -0.6299605248347948 1.2599210497866822

# Matrix 2285
1.2599210499555937 -0.6299605248781202 -0.629960524969761
-0.6299605248781202 1.2599210497573927 0.6299605248743134
-0.629960524969761 0.6299605248743134 1.2599210498915563

# Matrix 2286
1.2599210498948765 -0.6299605249474343 0.6299605249474344
-0.6299605249474343 1.2599210498948672 -1.4988010832439544e-15
0.6299605249474344 -1.4988010832439544e-15 1.259921049894868

# Matrix 2287
1.2599210496531104 -0.6299605246596863 0.629960524689186
-0.6299605246596863 1.2599210498920281 -0.6299605250182683
0.629960524689186 -0.6299605250182683 1.2599210498227016

# Matrix 2288
1.2599210507438179 0.629960523802247 -0.6299605240309609
0.629960523802247 1.2599210477889404 1.5889267679369794e-10
-0.6299605240309609 1.5889267679369794e-10 1.2599210482259209

# Matrix 2289
1.2599210498568871 0.6299605249212462 0.62996052487394
0.6299605249212462 1.259921049929763 0.6299605249384753
0.62996052487394 0.6299605249384753 1.2599210498255373

# Matrix 2290
1.25992104989532 0.6299605249453191 -0.6299605249463821
0.6299605249453191 1.2599210498907674 -0.6299605249451355
-0.6299605249463821 -0.6299605249451355 1.2599210498948834

# Matrix 2291
1.2599210489578827 0.6299605238181611 -0.6299605243265513
0.6299605238181611 1.2599210488053758 1.2805191351716838e-9
-0.6299605243265513 1.2805191351716838e-9 1.259921050753823

# Matrix 2292
1.2599210499218605 -0.6299605249556193 -0.6299605249570124
-0.6299605249556193 1.2599210498798976 2.5966229166840536e-11
-0.6299605249570124 2.5966229166840536e-11 1.2599210498802325

# Matrix 2293
1.2599210498935858 -0.6299605249466778 0.6299605249466779
-0.6299605249466778 1.2599210498953233 1.8210988272926204e-12
0.6299605249466779 1.8210988272926204e-12 1.2599210498953302

# Matrix 2294
1.2599210498033016 -0.6299605243450133 -0.6299605242136662
-0.6299605243450133 1.259921049294483 -5.090478039093717e-10
-0.6299605242136662 -5.090478039093717e-10 1.2599210491751327

# Matrix 2295
1.2599210498881377 -0.6299605249415927 0.6299605249412275
-0.6299605249415927 1.2599210498926854 -0.6299605249509546
0.6299605249412275 -0.6299605249509546 1.2599210498981064

# Matrix 2296
1.2599210498932971 0.62996052494634 -0.6299605249464446
0.62996052494634 1.2599210498957427 -0.6299605249477315
-0.6299605249464446 -0.6299605249477315 1.259921049894384

# Matrix 2297
1.259921049860031 0.6299605248215413 -0.6299605248362944
0.6299605248215413 1.2599210495807038 -0.6299605243232762
-0.6299605248362944 -0.6299605243232762 1.2599210496697528

# Matrix 2298
1.2599210498893638 -0.6299605249445882 -0.6299605249444591
-0.6299605249445882 1.259921049896974 -7.802591905914253e-12
-0.6299605249444591 -7.802591905914253e-12 1.2599210498975522

# Matrix 2299
1.2599210498950562 5.260375468552054e-13 -0.6299605249472336
5.260375468552054e-13 1.2599210498943998 0.6299605249469357
-0.6299605249472336 0.6299605249469357 1.2599210498946498

# Matrix 2300
1.2599210498951947 -0.6299605249467366 0.6299605249471656
-0.6299605249467366 1.2599210498935522 7.954747971439199e-14
0.6299605249471656 7.954747971439199e-14 1.2599210498945235

# Matrix 2301
1.2599210488226276 -0.629960523616604 0.6299605222608321
-0.629960523616604 1.2599210485754362 -2.2233787033698116e-10
0.6299605222608321 -2.2233787033698116e-10 1.2599210471391629

# Matrix 2302
1.259921049878396 -0.6299605248033512 0.62996052493015
-0.6299605248033512 1.2599210497005975 7.991329820100673e-11
0.62996052493015 7.991329820100673e-11 1.2599210499492313

# Matrix 2303
1.2599210497800022 0.629960524843814 -0.6299605248539544
0.629960524843814 1.2599210499375866 2.7328173057838936e-10
-0.6299605248539544 2.7328173057838936e-10 1.2599210499247024

# Matrix 2304
1.25992104780823 -0.629960522871152 -0.6299605227833572
-0.629960522871152 1.2599210497058049 -4.202801606734155e-9
-0.6299605227833572 -4.202801606734155e-9 1.2599210500141815

# Matrix 2305
1.2599210498954996 0.6299605249338315 0.6299605249342631
0.6299605249338315 1.2599210498804563 -1.2876921751114891e-11
0.6299605249342631 -1.2876921751114891e-11 1.259921049881335

# Matrix 2306
1.2599210498952516 -0.6299605249474958 -0.6299605249475225
-0.6299605249474958 1.2599210498945803 4.574118861455618e-13
-0.6299605249475225 4.574118861455618e-13 1.2599210498945501

# Matrix 2307
1.2599210504623077 -0.6299605250909835 0.6299605249997399
-0.6299605250909835 1.259921049983348 -0.6299605244087709
0.6299605249997399 -0.6299605244087709 1.25992104901042

# Matrix 2308
1.2599210502770282 -0.6299605246695303 -0.6299605246016117
-0.6299605246695303 1.2599210492270423 4.038891443514047e-11
-0.6299605246016117 4.038891443514047e-11 1.259921049194597

# Matrix 2309
1.259921050242187 -0.6299605245310707 0.6299605245910747
-0.6299605245310707 1.2599210491053494 2.763256290450028e-11
0.6299605245910747 2.763256290450028e-11 1.25992104920943

# Matrix 2310
1.2599210499073663 -0.6299605249394259 0.6299605249390274
-0.6299605249394259 1.2599210498796933 3.288258554334791e-12
0.6299605249390274 3.288258554334791e-12 1.2599210498736944

# Matrix 2311
1.2599210501014868 0.6299605250220954 -0.6299605249901051
0.6299605250220954 1.2599210495696707 -0.6299605248124368
-0.6299605249901051 -0.6299605248124368 1.2599210500016804

# Matrix 2312
1.259921050035442 0.629960524907156 0.6299605248689711
0.629960524907156 1.2599210497618956 6.124850626676423e-11
0.6299605248689711 6.124850626676423e-11 1.2599210496412654

# Matrix 2313
1.2599210497002755 0.6299605244088686 0.6299605242932693
0.6299605244088686 1.2599210496115807 -8.134035667239739e-10
0.6299605242932693 -8.134035667239739e-10 1.2599210493895847

# Matrix 2314
1.2599210498946969 0.6299605249469415 0.6299605249457694
0.6299605249469415 1.2599210498956714 -1.2820855488371217e-12
0.6299605249457694 -1.2820855488371217e-12 1.2599210498922817

# Matrix 2315
1.2599210499565379 -0.6299605249181037 -0.6299605249198496
-0.6299605249181037 1.2599210497202264 2.4052648761596505e-10
-0.6299605249198496 2.4052648761596505e-10 1.2599210497510562

# Matrix 2316
1.2599210501191278 -0.6299605248264335 -0.6299605248120266
-0.6299605248264335 1.2599210495691167 7.291944825737947e-13
-0.6299605248120266 7.291944825737947e-13 1.2599210495792532

# Matrix 2317
1.2599210498974274 0.6299605249326309 -0.6299605249336641
0.6299605249326309 1.2599210498658853 -0.6299605249251972
-0.6299605249336641 -0.6299605249251972 1.2599210498874283

# Matrix 2318
1.259921050041852 0.6299605245937994 0.6299605245268678
0.6299605245937994 1.2599210490550277 -2.629153561528612e-10
0.6299605245268678 -2.629153561528612e-10 1.2599210496817488

# Matrix 2319
1.2599210498916162 0.6299605249447194 0.6299605249425847
0.6299605249447194 1.2599210498956777 -7.124745238229537e-12
0.6299605249425847 -7.124745238229537e-12 1.2599210498930689

# Matrix 2320
1.2599210498624762 -0.6299605249306266 0.6299605249293392
-0.6299605249306266 1.259921049920234 -0.629960525008449
0.6299605249293392 -0.629960525008449 1.259921049919313

# Matrix 2321
1.2599210498951239 -7.404285518042275e-13 0.6299605249470275
-7.404285518042275e-13 1.2599210498935554 0.6299605249462181
0.6299605249470275 0.6299605249462181 1.2599210498944162

# Matrix 2322
1.2599210499286835 0.6299605249601501 -0.6299605249476566
0.6299605249601501 1.2599210499088498 4.476724546620418e-11
-0.6299605249476566 4.476724546620418e-11 1.2599210498829059

# Matrix 2323
1.2599210499457325 -0.62996052470914 -0.6299605248441386
-0.62996052470914 1.2599210495590605 -7.53423434751706e-11
-0.6299605248441386 -7.53423434751706e-11 1.2599210497576423

# Matrix 2324
1.2599210475182117 -0.6299605234774986 0.629960523422493
-0.6299605234774986 1.2599210511611156 -0.6299605280741019
0.629960523422493 -0.6299605280741019 1.2599210510931478

# Matrix 2325
1.2599210502764622 0.6299605240490692 0.6299605250370336
0.6299605240490692 1.2599210488162784 -1.9922489769008434e-9
0.6299605250370336 -1.9922489769008434e-9 1.2599210507144885

# Matrix 2326
1.2599210502013938 0.6299605249375594 0.629960524938768
0.6299605249375594 1.2599210496604643 0.6299605249387189
0.629960524938768 0.6299605249387189 1.2599210498045859

# Matrix 2327
1.259921046375137 0.6299605206840521 -0.6299605207654398
0.6299605206840521 1.2599210491929325 7.749451913507972e-9
-0.6299605207654398 7.749451913507972e-9 1.2599210491955883

# Matrix 2328
1.2599210495759177 -0.6299605243750039 0.6299605244221174
-0.6299605243750039 1.2599210493970774 -0.6299605245274109
0.6299605244221174 -0.6299605245274109 1.2599210496997728

# Matrix 2329
1.2599210499463238 -0.6299605249391707 -0.6299605249399791
-0.6299605249391707 1.2599210498331193 4.3221037859808265e-11
-0.6299605249399791 4.3221037859808265e-11 1.2599210498382478

# Matrix 2330
1.259921050306564 0.6299605249899591 0.6299605250765992
0.6299605249899591 1.2599210498989883 0.6299605248260848
0.6299605250765992 0.6299605248260848 1.2599210495126225

# Matrix 2331
1.2599210519543231 -0.6299605248916967 -0.6299605247044937
-0.6299605248916967 1.2599210493884774 0.6299605252660407
-0.6299605247044937 0.6299605252660407 1.2599210483551

# Matrix 2332
1.2599210494415585 0.6299605239425068 0.6299605238108932
0.6299605239425068 1.2599210485632468 8.606109158648714e-10
0.6299605238108932 8.606109158648714e-10 1.2599210484018808

# Matrix 2333
1.2599210499219449 0.6299605243785023 -0.6299605244344197
0.6299605243785023 1.2599210494281214 6.462433366216586e-10
-0.6299605244344197 6.462433366216586e-10 1.2599210493137563

# Matrix 2334
1.2599210512659889 -0.6299605246431677 -0.6299605247853233
-0.6299605246431677 1.2599210496595419 0.6299605241590363
-0.6299605247853233 0.6299605241590363 1.2599210479225673

# Matrix 2335
1.2599210514364887 0.6299605254124694 0.6299605255893853
0.6299605254124694 1.2599210498727393 0.6299605252261827
0.6299605255893853 0.6299605252261827 1.2599210492992097

# Matrix 2336
1.2599210498176958 0.6299605249043174 -0.629960524858645
0.6299605249043174 1.259921049933867 1.309504171764771e-10
-0.629960524858645 1.309504171764771e-10 1.2599210498702016

# Matrix 2337
1.2599210499285733 -0.6299605249498273 0.6299605249516633
-0.6299605249498273 1.2599210498726174 -1.7969514765070384e-11
0.6299605249516633 -1.7969514765070384e-11 1.2599210498690387

# Matrix 2338
1.2599210491008874 0.629960518724772 0.6299605205072594
0.629960518724772 1.2599210429662986 -5.604647634882349e-9
0.6299605205072594 -5.604647634882349e-9 1.2599210474014046

# Matrix 2339
1.2599210498905042 -0.6299605249449973 -0.6299605249442682
-0.6299605249449973 1.2599210498934055 0.6299605249446375
-0.6299605249442682 0.6299605249446375 1.2599210498951054

# Matrix 2340
1.2599210498363413 0.6299605247266972 -0.6299605247821202
0.6299605247266972 1.2599210496241875 1.2646750313649673e-10
-0.6299605247821202 1.2646750313649673e-10 1.2599210498131719

# Matrix 2341
1.2599210499948819 0.6299605249566498 0.6299605249563831
0.6299605249566498 1.2599210498039755 1.0921286097698124e-10
0.6299605249563831 1.0921286097698124e-10 1.2599210498038302

# Matrix 2342
1.259921049918593 -0.6299605249053893 -0.6299605249142075
-0.6299605249053893 1.2599210498479008 -3.3608393845696137e-11
-0.6299605249142075 -3.3608393845696137e-11 1.2599210498322557

# Matrix 2343
1.2599210500662366 -0.6299605247237611 0.6299605248595643
-0.6299605247237611 1.2599210496664996 -0.6299605249242647
0.6299605248595643 -0.6299605249242647 1.2599210497287368

# Matrix 2344
1.259921049895705 0.6299605249470991 0.629960524947144
0.6299605249470991 1.2599210498938134 1.7884027592174338e-12
0.629960524947144 1.7884027592174338e-12 1.2599210498927915

# Matrix 2345
1.2599210470584707 0.629960522067863 -0.6299605214775035
0.629960522067863 1.2599210500586437 6.168168975584317e-9
-0.6299605214775035 6.168168975584317e-9 1.2599210491590762

# Matrix 2346
1.2599210518363002 -0.6299605248854614 -0.6299605252274216
-0.6299605248854614 1.2599210481534264 1.689373529956138e-9
-0.6299605252274216 1.689373529956138e-9 1.2599210482121814

# Matrix 2347
1.2599210509511591 0.6299605250524957 -0.6299605241136663
0.6299605250524957 1.2599210497973536 -0.6299605223762268
-0.6299605241136663 -0.6299605223762268 1.2599210467361592

# Matrix 2348
1.2599210530467373 -0.6299605253134736 0.6299605253025842
-0.6299605253134736 1.2599210482115162 -5.663354230023095e-10
0.6299605253025842 -5.663354230023095e-10 1.259921047959767

# Matrix 2349
1.2599210498911453 0.6299605249428721 -0.6299605249448514
0.6299605249428721 1.2599210498959637 6.439015987069686e-12
-0.6299605249448514 6.439015987069686e-12 1.259921049893513

# Matrix 2350
1.25992105054087 0.629960523508832 0.6299605237160505
0.629960523508832 1.2599210475811198 -2.2595575410733235e-10
0.6299605237160505 -2.2595575410733235e-10 1.2599210479379472

# Matrix 2351
1.2599210499433384 -0.6299605248872062 -0.6299605246064194
-0.6299605248872062 1.2599210497252435 -2.4902957473926733e-10
-0.6299605246064194 -2.4902957473926733e-10 1.2599210496309057

# Matrix 2352
1.2599210490861386 -0.6299605232029903 0.629960524132934
-0.6299605232029903 1.259921049572348 2.2285105427677212e-9
0.629960524132934 2.2285105427677212e-9 1.259921049369453

# Matrix 2353
1.2599210511334644 0.6299605243849028 0.6299605249420575
0.6299605243849028 1.2599210495757218 -1.5753733872969e-9
0.6299605249420575 -1.5753733872969e-9 1.259921048855601

# Matrix 2354
1.2599210500815408 -0.6299605249040613 -0.6299605249561648
-0.6299605249040613 1.2599210497215503 1.2353507106155429e-11
-0.6299605249561648 1.2353507106155429e-11 1.259921049764874

# Matrix 2355
1.2599210536081178 -0.6299605244983723 0.629960525402507
-0.6299605244983723 1.2599210480256493 -3.793548808417187e-10
0.629960525402507 -3.793548808417187e-10 1.259921046568209

# Matrix 2356
1.2599210498968538 -0.6299605249396041 0.6299605249478049
-0.6299605249396041 1.2599210498841065 5.3574367164799015e-12
0.6299605249478049 5.3574367164799015e-12 1.2599210498966182

# Matrix 2357
1.2599210499107945 -0.6299605249310516 0.6299605249341411
-0.6299605249310516 1.2599210498822706 -0.629960524910635
0.6299605249341411 -0.629960524910635 1.259921049847233

# Matrix 2358
1.2599210522419906 0.6299605229710563 -0.629960524026554
0.6299605229710563 1.2599210450481566 -8.875010726327995e-10
-0.629960524026554 -8.875010726327995e-10 1.2599210471574152

# Matrix 2359
1.2599210498861084 -0.6299605248194293 -0.6299605248353696
-0.6299605248194293 1.2599210497111482 8.486883418257236e-11
-0.6299605248353696 8.486883418257236e-11 1.2599210497136062

# Matrix 2360
1.2599210499188778 0.6299605249126535 -0.6299605249356075
0.6299605249126535 1.2599210498421234 -5.935474334251029e-12
-0.6299605249356075 -5.935474334251029e-12 1.2599210498495101

# Matrix 2361
1.2599210501050784 -0.6299605247382273 -0.6299605247271558
-0.6299605247382273 1.2599210494932593 -1.921296455265062e-12
-0.6299605247271558 -1.921296455265062e-12 1.2599210494448405

# Matrix 2362
1.2599210496834679 0.6299605247385452 0.6299605246657349
0.6299605247385452 1.259921049542972 0.6299605246612195
0.6299605246657349 0.6299605246612195 1.2599210499403066

# Matrix 2363
1.2599210498626356 -0.629960524930067 -0.6299605249267004
-0.629960524930067 1.259921049909088 -5.102701594594761e-11
-0.6299605249267004 -5.102701594594761e-11 1.259921049906852

# Matrix 2364
1.259921049901729 0.6299605249492246 -0.6299605249497032
0.6299605249492246 1.2599210498929878 -1.0841882946976853e-12
-0.6299605249497032 -1.0841882946976853e-12 1.259921049892301

# Matrix 2365
1.2599210499632325 -0.629960524077153 -0.6299605239026272
-0.629960524077153 1.2599210487699026 -5.499874999870286e-10
-0.6299605239026272 -5.499874999870286e-10 1.2599210487418988

# Matrix 2366
1.2599210480768221 -0.6299605232841067 -0.6299605233791766
-0.6299605232841067 1.2599210482999694 0.6299605232057449
-0.6299605233791766 0.6299605232057449 1.2599210499923068

# Matrix 2367
1.2599210498294728 -0.6299605247726998 -0.6299605248126964
-0.6299605247726998 1.2599210497391473 -1.894457368756278e-10
-0.6299605248126964 -1.894457368756278e-10 1.2599210498514606

# Matrix 2368
1.2599210499023703 -0.6299605249411396 -0.6299605249447504
-0.6299605249411396 1.2599210498776794 9.547196366810258e-12
-0.6299605249447504 9.547196366810258e-12 1.2599210498837283

# Matrix 2369
1.2599210488326134 0.6299605224039205 0.6299605212153156
0.6299605224039205 1.2599210493566244 -5.5634272744241574e-9
0.6299605212153156 -5.5634272744241574e-9 1.259921047190904

# Matrix 2370
1.2599210498955453 -0.6299605249464324 0.6299605249464321
-0.6299605249464324 1.2599210498932016 3.460565167756604e-13
0.6299605249464321 3.460565167756604e-13 1.2599210498932012

# Matrix 2371
1.2599210519784456 -0.6299605242926436 0.6299605251836033
-0.6299605242926436 1.259921048563644 6.593670054399933e-12
0.6299605251836033 6.593670054399933e-12 1.2599210478942329

# Matrix 2372
1.2599210498950117 0.62996052494499 -0.6299605249460196
0.62996052494499 1.259921049892776 1.7366663662698947e-12
-0.6299605249460196 1.7366663662698947e-12 1.2599210498927922

# Matrix 2373
1.2599210498602271 -0.6299605247672979 0.6299605249269429
-0.6299605247672979 1.259921049664299 1.178686037661695e-10
0.6299605249269429 1.178686037661695e-10 1.2599210499827114

# Matrix 2374
1.2599210502509615 -0.6299605248083672 0.6299605247985693
-0.6299605248083672 1.2599210495292648 -8.458861389115673e-11
0.6299605247985693 -8.458861389115673e-11 1.2599210493453892

# Matrix 2375
1.2599210498638236 -1.0460442581572374e-9 0.6299605244073869
-1.0460442581572374e-9 1.259921049844384 0.6299605243920023
0.6299605244073869 0.6299605243920023 1.2599210493835655

# Matrix 2376
1.259921049905406 -0.6299605249334611 -0.6299605249495244
-0.6299605249334611 1.2599210499024833 -5.726391583138444e-11
-0.6299605249495244 -5.726391583138444e-11 1.259921049895545

# Matrix 2377
1.2599210514372194 0.6299605249863036 -0.6299605253361664
0.6299605249863036 1.2599210483355643 -1.538137339718303e-9
-0.6299605253361664 -1.538137339718303e-9 1.2599210489424246

# Matrix 2378
1.259921047805419 -0.6299605227136624 -0.6299605226755729
-0.6299605227136624 1.2599210484215564 -3.2971858021646615e-9
-0.6299605226755729 -3.2971858021646615e-9 1.2599210503447356

# Matrix 2379
1.2599210498971825 0.6299605249478397 0.6299605249456454
0.6299605249478397 1.259921049894848 0.6299605249432694
0.6299605249456454 0.6299605249432694 1.2599210498888853

# Matrix 2380
1.2599210498903333 0.6299605249375364 0.6299605249420906
0.6299605249375364 1.25992104987637 0.6299605249276921
0.6299605249420906 0.6299605249276921 1.259921049894589

# Matrix 2381
1.259921053991454 -0.6299605242690128 0.6299605246067999
-0.6299605242690128 1.2599210443261115 -4.1815905182929015e-9
0.6299605246067999 -4.1815905182929015e-9 1.259921045855053

# Matrix 2382
1.2599210500708657 -0.6299605249678892 -0.6299605249562062
-0.6299605249678892 1.2599210497261848 1.910866465060215e-10
-0.6299605249562062 1.910866465060215e-10 1.2599210497404767

# Matrix 2383
1.259921050061115 -0.6299605221299635 -0.629960523988573
-0.6299605221299635 1.2599210477427552 -2.259981035646045e-9
-0.629960523988573 -2.259981035646045e-9 1.2599210482968735

# Matrix 2384
1.259921050597175 -0.6299605248795386 -0.6299605251146558
-0.6299605248795386 1.2599210492259645 6.26833585037896e-10
-0.6299605251146558 6.26833585037896e-10 1.2599210493419186

# Matrix 2385
1.2599210476146225 -0.629960523516833 -0.6299605235168886
-0.629960523516833 1.2599210511152834 -4.822342192234407e-9
-0.6299605235168886 -4.822342192234407e-9 1.2599210511148233

# Matrix 2386
1.2599210498956646 0.6299605249455549 0.6299605249443988
0.6299605249455549 1.2599210498953595 0.6299605249439345
0.6299605249443988 0.6299605249439345 1.2599210498879814

# Matrix 2387
1.2599210500227553 -0.629960525004027 -0.6299605247056285
-0.629960525004027 1.259921049979076 9.366007969191574e-12
-0.6299605247056285 9.366007969191574e-12 1.25992104938696

# Matrix 2388
1.2599210496366129 0.629960524776178 0.6299605246013184
0.629960524776178 1.2599210499465652 -3.4370667423289206e-10
0.6299605246013184 -3.4370667423289206e-10 1.2599210497268303

# Matrix 2389
1.2599210498865767 0.6299605249411773 0.6299605249404598
0.6299605249411773 1.2599210498962254 -1.5005052755867687e-11
0.6299605249404598 -1.5005052755867687e-11 1.259921049896938

# Matrix 2390
1.2599210499015614 -0.6299605249261601 0.629960524934221
-0.6299605249261601 1.2599210498652713 1.383992920267473e-11
0.629960524934221 1.383992920267473e-11 1.2599210498787943

# Matrix 2391
1.2599210498959446 0.6299605249474374 0.6299605249469337
0.6299605249474374 1.2599210498935165 6.686873277317294e-13
0.6299605249469337 6.686873277317294e-13 1.2599210498936861

# Matrix 2392
1.2599210499336946 0.6299605249640825 0.6299605249642996
0.6299605249640825 1.259921049873061 5.448691497988964e-11
0.6299605249642996 5.448691497988964e-11 1.2599210498732776

# Matrix 2393
1.259921049895898 -2.982065983037067e-12 0.6299605249462601
-2.982065983037067e-12 1.2599210498938758 0.6299605249452225
0.6299605249462601 0.6299605249452225 1.2599210498929532

# Matrix 2394
1.25992104913438 -0.6299605233410764 0.629960524101896
-0.6299605233410764 1.2599210495761546 1.9274726814622114e-9
0.629960524101896 1.9274726814622114e-9 1.2599210492433637

# Matrix 2395
1.2599210498953948 -0.6299605249458116 -0.629960524945963
-0.6299605249458116 1.259921049892676 -9.84712311691278e-13
-0.629960524945963 -9.84712311691278e-13 1.2599210498928999

# Matrix 2396
1.2599210510264014 -0.6299605254604447 0.6299605254621136
-0.6299605254604447 1.2599210498437499 -0.6299605254408996
0.6299605254621136 -0.6299605254408996 1.2599210498285671

# Matrix 2397
1.2599210498911693 -0.6299605245545916 -0.6299605247315941
-0.6299605245545916 1.2599210495973427 1.820464889945561e-10
-0.6299605247315941 1.820464889945561e-10 1.2599210492643949

# Matrix 2398
1.2599210511709638 -0.6299605250374042 0.6299605243792402
-0.6299605250374042 1.2599210489003105 -4.3656717130245774e-10
0.6299605243792402 -4.3656717130245774e-10 1.2599210482592986

# Matrix 2399
1.2599210498886122 0.6299605249377758 -0.6299605249386537
0.6299605249377758 1.2599210498916695 1.501765378719716e-11
-0.6299605249386537 1.501765378719716e-11 1.259921049891845

# Matrix 2400
1.2599210497215736 0.6299605247588227 -0.6299605247585167
0.6299605247588227 1.2599210501487241 -0.6299605247261771
-0.6299605247585167 -0.6299605247261771 1.2599210494151267

# Matrix 2401
1.2599210504508667 0.6299605243754275 -0.6299605245880167
0.6299605243754275 1.2599210486703334 1.5630274852185357e-12
-0.6299605245880167 1.5630274852185357e-12 1.259921049137225

# Matrix 2402
1.2599210494572375 -0.6299605235406581 -0.6299605204400895
-0.6299605235406581 1.259921050351929 -3.7640661143534334e-9
-0.6299605204400895 -3.7640661143534334e-9 1.2599210446452085

# Matrix 2403
1.2599210474406541 -0.6299605226978183 -0.6299605226766465
-0.6299605226978183 1.2599210499521603 -4.2158438406936384e-9
-0.6299605226766465 -4.2158438406936384e-9 1.2599210498932294

# Matrix 2404
1.2599210495053468 0.6299605210794696 0.6299605225902899
0.6299605210794696 1.2599210472014573 -3.074274279590809e-9
0.6299605225902899 -3.074274279590809e-9 1.2599210468570223

# Matrix 2405
1.2599210500293017 -0.6299605250059744 0.6299605245441603
-0.6299605250059744 1.2599210503207565 6.294130772133048e-10
0.6299605245441603 6.294130772133048e-10 1.2599210492497093

# Matrix 2406
1.2599210487531998 0.629960524244274 0.6299605242305434
0.629960524244274 1.2599210503042744 -1.7978076249924984e-9
0.6299605242305434 -1.7978076249924984e-9 1.259921050312834

# Matrix 2407
1.2599210498941167 0.6299605249468381 0.629960524946944
0.6299605249468381 1.2599210498951783 0.6299605249485336
0.629960524946944 0.6299605249485336 1.2599210498953284

# Matrix 2408
1.2599210498177567 -0.6299605249069223 0.6299605248696605
-0.6299605249069223 1.2599210499292752 1.185772036116356e-10
0.6299605248696605 1.185772036116356e-10 1.2599210498846245

# Matrix 2409
1.2599210499783315 0.6299605249653623 0.629960524964253
0.6299605249653623 1.2599210498416409 3.841704732110398e-11
0.629960524964253 3.841704732110398e-11 1.2599210498575393

# Matrix 2410
1.2599210519947106 -0.6299605257710879 0.6299605257161984
-0.6299605257710879 1.2599210478418987 -2.555704758933063e-9
0.6299605257161984 -2.555704758933063e-9 1.2599210495674789

# Matrix 2411
1.259921051166546 0.6299605248869125 -0.6299605248837418
0.6299605248869125 1.259921049529194 -0.6299605248819038
-0.6299605248837418 -0.6299605248819038 1.2599210488623787

# Matrix 2412
1.2599210498954427 0.6299605249453034 0.6299605249459613
0.6299605249453034 1.2599210498918167 -8.357203817865808e-13
0.6299605249459613 -8.357203817865808e-13 1.259921049892916

# Matrix 2413
1.2599210480519731 -0.6299605215428324 -0.6299605226007413
-0.6299605215428324 1.2599210490687958 -3.918161628480029e-9
-0.6299605226007413 -3.918161628480029e-9 1.259921048121859

# Matrix 2414
1.2599210497656796 0.6299605248605382 0.6299605248389238
0.6299605248605382 1.2599210498517819 0.629960524770321
0.6299605248389238 0.629960524770321 1.2599210498188067

# Matrix 2415
1.2599210498970896 1.711107644464246e-11 0.6299605249408659
1.711107644464246e-11 1.2599210498875275 -0.629960524933842
0.6299605249408659 -0.629960524933842 1.2599210498871103

# Matrix 2416
1.2599210498738844 0.6299605247947758 0.6299605247972456
0.6299605247947758 1.2599210497645144 -1.725996567891723e-10
0.6299605247972456 -1.725996567891723e-10 1.259921049764481

# Matrix 2417
1.2599210454536174 0.6299605213835199 -0.6299605213890986
0.6299605213835199 1.2599210503176983 6.833990928711772e-9
-0.6299605213890986 6.833990928711772e-9 1.2599210504533769

# Matrix 2418
1.2599210498949278 -0.629960524947423 -0.6299605249474095
-0.629960524947423 1.2599210498948128 0.6299605249473305
-0.6299605249474095 0.6299605249473305 1.2599210498947813

# Matrix 2419
1.2599210495322748 -0.6299605243200558 -0.6299605237990364
-0.6299605243200558 1.2599210491750528 0.6299605240468786
-0.6299605237990364 0.6299605240468786 1.2599210491930664

# Matrix 2420
1.2599210499858506 -0.6299605249402713 0.6299605249524096
-0.6299605249402713 1.259921049842813 -3.9640235538484677e-11
0.6299605249524096 -3.9640235538484677e-11 1.2599210497962803

# Matrix 2421
1.2599210522988957 -0.6299605233707833 -0.6299605207264043
-0.6299605233707833 1.2599210470099238 -2.7786403733463435e-9
-0.6299605207264043 -2.7786403733463435e-9 1.2599210436966386

# Matrix 2422
1.2599210483101513 0.6299605240210082 -0.629960523861841
0.6299605240210082 1.2599210506812966 -0.6299605234897533
-0.629960523861841 -0.6299605234897533 1.2599210483800336

# Matrix 2423
1.2599210478446 0.6299605225628817 0.6299605205347318
0.6299605225628817 1.2599210484024617 -4.948729259712822e-9
0.6299605205347318 -4.948729259712822e-9 1.2599210483571224

# Matrix 2424
1.2599210498747961 -0.6299605241453232 -0.6299605246945329
-0.6299605241453232 1.2599210494093689 0.6299605245478057
-0.6299605246945329 0.6299605245478057 1.2599210494306894

# Matrix 2425
1.259921049903796 -0.6299605249405952 0.6299605249383554
-0.6299605249405952 1.25992104988031 -8.668621376273172e-13
0.6299605249383554 -8.668621376273172e-13 1.2599210498757314

# Matrix 2426
1.2599210475744644 0.6299605211077249 -0.6299605210588003
0.6299605211077249 1.2599210482141197 5.587939500006731e-9
-0.6299605210588003 5.587939500006731e-9 1.259921048090334

# Matrix 2427
1.2599210495374404 0.6299605234165742 0.629960524140275
0.6299605234165742 1.2599210488906534 -1.2782224723117984e-9
0.629960524140275 -1.2782224723117984e-9 1.259921049110453

# Matrix 2428
1.2599210496228133 -0.629960523361871 0.6299605247101713
-0.629960523361871 1.2599210494229607 -0.6299605244479516
0.6299605247101713 -0.6299605244479516 1.259921049090635

# Matrix 2429
1.2599210498948656 -1.883909694910807e-14 -0.6299605249474284
-1.883909694910807e-14 1.2599210498948656 -0.6299605249474186
-0.6299605249474284 -0.6299605249474186 1.2599210498948679

# Matrix 2430
1.25992104995698 -0.6299605248586992 0.629960524861397
-0.6299605248586992 1.259921049742716 2.5305313400281132e-11
0.629960524861397 2.5305313400281132e-11 1.2599210497480555

# Matrix 2431
1.2599210523933113 -0.6299605240628824 -0.6299605260783983
-0.6299605240628824 1.2599210459741472 2.662242204465301e-9
-0.6299605260783983 2.662242204465301e-9 1.2599210490380632

# Matrix 2432
1.2599210498952114 -0.6299605249468508 0.629960524946852
-0.6299605249468508 1.2599210498939595 2.8471669466512e-13
0.629960524946852 2.8471669466512e-13 1.259921049893965

# Matrix 2433
1.259921053443201 -0.6299605264758347 0.6299605248355056
-0.6299605264758347 1.259921046871791 -0.6299605205340895
0.6299605248355056 -0.6299605205340895 1.2599210473717075

# Matrix 2434
1.259921049007737 -0.6299605231344461 -0.6299605230178805
-0.6299605231344461 1.259921048900937 -2.4787904506773505e-9
-0.6299605230178805 -2.4787904506773505e-9 1.2599210487341224

# Matrix 2435
1.2599210500146163 0.6299605247098548 -0.6299605237810697
0.6299605247098548 1.2599210497067175 -0.6299605229956862
-0.6299605237810697 -0.6299605229956862 1.2599210477261527

# Matrix 2436
1.259921049355878 0.6299605246474179 -0.6299605246448031
0.6299605246474179 1.2599210498257705 -0.6299605246340969
-0.6299605246448031 -0.6299605246340969 1.2599210498923101

# Matrix 2437
1.2599210498929907 1.1360206145095274e-11 -0.6299605249438209
1.1360206145095274e-11 1.2599210498894664 0.6299605249377108
-0.6299605249438209 0.6299605249377108 1.259921049892679

# Matrix 2438
1.2599210497933164 2.4457937758404157e-10 0.6299605247866159
2.4457937758404157e-10 1.2599210497480406 -0.629960524751717
0.6299605247866159 -0.629960524751717 1.2599210498469147

# Matrix 2439
1.2599210499627604 0.6299605249395767 -0.6299605249264567
0.6299605249395767 1.259921049954604 9.248424248653336e-11
-0.6299605249264567 9.248424248653336e-11 1.2599210497678293

# Matrix 2440
1.2599210498943547 0.6299605249465051 0.6299605249470436
0.6299605249465051 1.2599210498946296 0.629960524947452
0.6299605249470436 0.629960524947452 1.2599210498947624

# Matrix 2441
1.2599210498843267 -0.6299605249299483 0.6299605249401967
-0.6299605249299483 1.259921049882081 2.2238155761300553e-11
0.6299605249401967 2.2238155761300553e-11 1.2599210499035818

# Matrix 2442
1.2599210498955755 0.6299605249434339 -0.6299605249457153
0.6299605249434339 1.2599210498900124 -1.0432210650890306e-12
-0.6299605249457153 -1.0432210650890306e-12 1.25992104989047

# Matrix 2443
1.2599210498566427 -7.742166630020359e-11 -0.6299605248925928
-7.742166630020359e-11 1.2599210498543796 -0.629960524886192
-0.6299605248925928 -0.629960524886192 1.259921049876539

# Matrix 2444
1.2599210495619306 -0.6299605246522074 -0.6299605246904685
-0.6299605246522074 1.259921049977599 -7.585259087505804e-10
-0.6299605246904685 -7.585259087505804e-10 1.2599210500254914

# Matrix 2445
1.25992104989496 0.6299605249472006 0.6299605249474176
0.6299605249472006 1.2599210498943931 0.6299605249471474
0.6299605249474176 0.6299605249471474 1.2599210498949036

# Matrix 2446
1.2599210498893492 0.6299605249431658 0.629960524942344
0.6299605249431658 1.259921049894927 -7.682021685440095e-12
0.629960524942344 -7.682021685440095e-12 1.2599210498948217

# Matrix 2447
1.2599210501246385 0.6299605246682789 0.6299605246643792
0.6299605246682789 1.259921049368529 -2.780087271503339e-11
0.6299605246643792 -2.780087271503339e-11 1.2599210493837774

# Matrix 2448
1.2599210498990911 -0.6299605249311315 0.6299605249476764
-0.6299605249311315 1.259921049863789 9.852674232035913e-13
0.6299605249476764 9.852674232035913e-13 1.2599210498995699

# Matrix 2449
1.2599210498970579 -0.6299605249106888 -0.6299605248902371
-0.6299605249106888 1.2599210498329059 -4.841693712620517e-11
-0.6299605248902371 -4.841693712620517e-11 1.259921049860942

# Matrix 2450
1.2599210498701623 -0.6299605239257294 -0.6299605224124603
-0.6299605239257294 1.2599210481409504 -1.8346209551545074e-9
-0.6299605224124603 -1.8346209551545074e-9 1.2599210481625798

# Matrix 2451
1.2599210498247957 -0.6299605249060826 0.6299605248923074
-0.6299605249060826 1.2599210499334457 -0.6299605250205739
0.6299605248923074 -0.6299605250205739 1.2599210499108142

# Matrix 2452
1.2599210498936932 -0.6299605249466493 -0.6299605249466641
-0.6299605249466493 1.2599210498954474 -2.5635604750107112e-12
-0.6299605249466641 -2.5635604750107112e-12 1.2599210498955014

# Matrix 2453
1.2599210500072169 -0.6299605250030854 0.6299605249563255
-0.6299605250030854 1.2599210498206836 -1.1821488232754934e-10
0.6299605249563255 -1.1821488232754934e-10 1.2599210498265114

# Matrix 2454
1.259921048040714 -0.6299605231552526 0.629960523347622
-0.6299605231552526 1.2599210487782677 -0.6299605241608608
0.629960523347622 -0.6299605241608608 1.2599210500799216

# Matrix 2455
1.2599210497416593 -0.6299605248233393 0.6299605248026852
-0.6299605248233393 1.2599210500193176 -0.629960525330752
0.6299605248026852 -0.629960525330752 1.2599210499999538

# Matrix 2456
1.2599210498018474 0.6299605248213729 -0.6299605247858459
0.6299605248213729 1.2599210497730982 -0.6299605249410724
-0.6299605247858459 -0.6299605249410724 1.2599210499136615

# Matrix 2457
1.2599210499137445 -0.6299605249517937 0.6299605249332206
-0.6299605249517937 1.2599210498834181 -0.6299605249287191
0.6299605249332206 -0.6299605249287191 1.259921049868406

# Matrix 2458
1.259921051194561 0.6299605243283851 0.6299605225092286
0.6299605243283851 1.259921048447442 -1.2042896679886747e-9
0.6299605225092286 -1.2042896679886747e-9 1.2599210463359014

# Matrix 2459
1.2599210498961066 0.6299605249468754 0.6299605249469644
0.6299605249468754 1.2599210498933615 -2.2148949341271868e-13
0.6299605249469644 -2.2148949341271868e-13 1.2599210498935103

# Matrix 2460
1.2599210500685096 -0.6299605249575123 0.6299605249711697
-0.6299605249575123 1.2599210498437812 -1.9376023008277338e-10
0.6299605249711697 -1.9376023008277338e-10 1.259921049630355

# Matrix 2461
1.2599210498931857 0.6299605249354395 0.6299605249398877
0.6299605249354395 1.2599210498855526 -1.2531919946212519e-11
0.6299605249398877 -1.2531919946212519e-11 1.259921049888737

# Matrix 2462
1.2599210500657003 0.6299605249038166 -0.6299605248806686
0.6299605249038166 1.2599210495669755 -0.6299605242196257
-0.6299605248806686 -0.6299605242196257 1.2599210494931443

# Matrix 2463
1.25992104991755 -0.6299605244983686 -0.629960524689552
-0.6299605244983686 1.2599210495347308 1.0282097395730642e-10
-0.629960524689552 1.0282097395730642e-10 1.2599210492136295

# Matrix 2464
1.2599210492306308 -0.629960523156136 -0.6299605244625408
-0.629960523156136 1.259921048221619 0.6299605230807025
-0.6299605244625408 0.6299605230807025 1.2599210494704163

# Matrix 2465
1.2599210494429918 0.6299605233717099 -0.6299605221683127
0.6299605233717099 1.259921047791176 1.8579748850555635e-9
-0.6299605221683127 1.8579748850555635e-9 1.2599210480332614

# Matrix 2466
1.2599210500713522 0.6299605247451868 0.6299605247675775
0.6299605247451868 1.2599210494992406 -1.5519696638932656e-11
0.6299605247675775 -1.5519696638932656e-11 1.2599210495560682

# Matrix 2467
1.2599210498949016 -0.6299605249472865 0.629960524947435
-0.6299605249472865 1.2599210498946116 -0.6299605249472842
0.629960524947435 -0.6299605249472842 1.2599210498949032

# Matrix 2468
1.259921046725654 0.6299605212115915 -0.6299605224872551
0.6299605212115915 1.2599210490083257 5.1647887633343e-9
-0.6299605224872551 5.1647887633343e-9 1.2599210501888698

# Matrix 2469
1.259921050052021 -0.6299605248548925 -0.6299605248773094
-0.6299605248548925 1.2599210497583473 0.6299605248373322
-0.6299605248773094 0.6299605248373322 1.2599210496924007

# Matrix 2470
1.2599210498610187 0.6299605244991194 0.6299605245007416
0.6299605244991194 1.2599210494969073 -4.924340379908204e-10
0.6299605245007416 -4.924340379908204e-10 1.2599210494729183

# Matrix 2471
1.2599210498658526 0.629960522809138 0.6299605218902182
0.629960522809138 1.2599210474628701 -2.5542785664356205e-9
0.6299605218902182 -2.5542785664356205e-9 1.2599210471410662

# Matrix 2472
1.2599210500687386 0.6299605248027418 -0.629960524806746
0.6299605248027418 1.2599210496403357 1.719119291365681e-11
-0.629960524806746 1.719119291365681e-11 1.2599210495485371

# Matrix 2473
1.259921050610897 -0.6299605228229314 0.6299605252893216
-0.6299605228229314 1.2599210455139274 -0.6299605236124829
0.6299605252893216 -0.6299605236124829 1.2599210514814128

# Matrix 2474
1.2599210492293569 2.805260690408167e-9 0.6299605232848482
2.805260690408167e-9 1.2599210493117872 -0.6299605232403277
0.6299605232848482 -0.6299605232403277 1.259921048864258

# Matrix 2475
1.2599210478368097 0.6299605237530355 -0.6299605235159014
0.6299605237530355 1.2599210510296943 4.2614964890219504e-9
-0.6299605235159014 4.2614964890219504e-9 1.2599210508438858

# Matrix 2476
1.2599210491049402 -0.629960524447654 0.6299605243882038
-0.629960524447654 1.2599210502201252 1.3160468825823464e-9
0.6299605243882038 1.3160468825823464e-9 1.2599210500882092

# Matrix 2477
1.2599210472518305 0.6299605230126684 -0.6299605230025418
0.6299605230126684 1.259921050709895 4.980432288803604e-9
-0.6299605230025418 4.980432288803604e-9 1.2599210507513123

# Matrix 2478
1.2599210499207878 -0.6299605249270238 0.6299605249342907
-0.6299605249270238 1.2599210499895397 -0.6299605249259155
0.6299605249342907 -0.6299605249259155 1.2599210497375726

# Matrix 2479
1.2599210498796463 -0.6299605249338026 0.6299605249347947
-0.6299605249338026 1.2599210498993112 3.7464142899068294e-11
0.6299605249347947 3.7464142899068294e-11 1.2599210499006792

# Matrix 2480
1.2599210499509248 0.6299605249742032 0.6299605249714137
0.6299605249742032 1.2599210499036542 -3.919031765775572e-11
0.6299605249714137 -3.919031765775572e-11 1.2599210499051416

# Matrix 2481
1.2599210498540998 -9.406966872127511e-11 0.629960524883126
-9.406966872127511e-11 1.2599210498541369 0.6299605248769081
0.629960524883126 0.6299605248769081 1.2599210498682012

# Matrix 2482
1.259921048807962 0.6299605243902232 0.6299605236462686
0.6299605243902232 1.2599210498915774 -9.314428117690305e-10
0.6299605236462686 -9.314428117690305e-10 1.2599210494905038

# Matrix 2483
1.2599210498947138 -0.6299605249465067 -0.629960524946427
-0.6299605249465067 1.259921049894058 -1.0878520306789548e-12
-0.629960524946427 -1.0878520306789548e-12 1.25992104989404

# Matrix 2484
1.2599210498949192 0.6299605249473021 -0.629960524947314
0.6299605249473021 1.2599210498942084 -0.6299605249469152
-0.629960524947314 -0.6299605249469152 1.259921049894973

# Matrix 2485
1.259921050530521 -0.6299605250944807 0.6299605251291076
-0.6299605250944807 1.2599210495500062 -3.885667898551007e-10
0.6299605251291076 -3.885667898551007e-10 1.2599210495714526

# Matrix 2486
1.259921049892723 -1.5471096626029602e-12 0.6299605249455857
-1.5471096626029602e-12 1.2599210498927325 0.6299605249455845
0.6299605249455857 0.6299605249455845 1.2599210498951618

# Matrix 2487
1.25992104930366 0.6299605246438067 0.6299605245321743
0.6299605246438067 1.2599210501255642 -9.510129350687258e-10
0.6299605245321743 -9.510129350687258e-10 1.2599210501279523

# Matrix 2488
1.2599210498942492 -0.6299605249463677 0.6299605249465925
-0.6299605249463677 1.2599210498943167 1.5870638137016675e-12
0.6299605249465925 1.5870638137016675e-12 1.259921049894769

# Matrix 2489
1.2599210523114892 -0.6299605216667092 0.629960523077479
-0.6299605216667092 1.2599210435020813 1.5119866469959065e-10
0.629960523077479 1.5119866469959065e-10 1.2599210462987294

# Matrix 2490
1.259921049185951 -0.629960523478304 -0.6299605232671353
-0.629960523478304 1.2599210487348171 -2.888705441517212e-9
-0.6299605232671353 -2.888705441517212e-9 1.2599210497267173

# Matrix 2491
1.2599210498789712 6.788686279790569e-11 -0.6299605249094888
6.788686279790569e-11 1.2599210498820452 0.6299605249017314
-0.6299605249094888 0.6299605249017314 1.259921049866711

# Matrix 2492
1.2599210498923021 -0.6299605249436466 -0.6299605249440859
-0.6299605249436466 1.259921049893387 -5.854206008848356e-12
-0.6299605249440859 -5.854206008848356e-12 1.259921049894169

# Matrix 2493
1.2599210499393307 0.6299605249589172 -0.6299605249597863
0.6299605249589172 1.2599210498856637 -0.6299605249042244
-0.6299605249597863 -0.6299605249042244 1.259921049846704

# Matrix 2494
1.2599210471073223 -0.6299605206823182 0.629960519563339
-0.6299605206823182 1.2599210482679002 7.542252822290177e-9
0.629960519563339 7.542252822290177e-9 1.2599210474011278

# Matrix 2495
1.259921049872722 0.6299605249340066 0.6299605249204691
0.6299605249340066 1.2599210499168845 0.6299605249606685
0.6299605249204691 0.6299605249606685 1.2599210498769027

# Matrix 2496
1.2599210499103481 -0.6299605248854808 -0.6299605249259008
-0.6299605248854808 1.259921049812563 -3.711247975601854e-11
-0.6299605249259008 -3.711247975601854e-11 1.2599210498699696

# Matrix 2497
1.2599210499200055 0.6299605249486345 0.6299605249082975
0.6299605249486345 1.2599210498981048 -7.510603250438001e-12
0.6299605249082975 -7.510603250438001e-12 1.2599210498125506

# Matrix 2498
1.259921050041181 0.6299605244033375 -0.6299605244918388
0.6299605244033375 1.2599210491518755 3.6148062321217263e-10
-0.6299605244918388 3.6148062321217263e-10 1.2599210493508515

# Matrix 2499
1.2599210498797675 -0.6299605249313612 -0.6299605249306023
-0.6299605249313612 1.259921049893962 -3.1344482565032356e-11
-0.6299605249306023 -3.1344482565032356e-11 1.259921049892942

# Matrix 2500
1.2599210498942692 0.6299605249462038 0.6299605249463778
0.6299605249462038 1.2599210498941598 -1.7565393584106924e-12
0.6299605249463778 -1.7565393584106924e-12 1.2599210498945073

# Matrix 2501
1.259921049576543 -0.6299605246469052 0.629960523747418
-0.6299605246469052 1.2599210495356659 -0.6299605237118108
0.629960523747418 -0.6299605237118108 1.2599210487482935

# Matrix 2502
1.2599210462201025 -0.6299605211329073 -0.6299605218170877
-0.6299605211329073 1.259921050315939 -9.345245299829876e-9
-0.6299605218170877 -9.345245299829876e-9 1.2599210513438275

# Matrix 2503
1.2599210498953533 0.6299605249444546 -0.6299605249441161
0.6299605249444546 1.2599210498913451 2.575106794466797e-12
-0.6299605249441161 2.575106794466797e-12 1.259921049891075

# Matrix 2504
1.2599210495540885 -0.6299605238910135 0.6299605234414344
-0.6299605238910135 1.2599210478015044 -0.6299605234533077
0.6299605234414344 -0.6299605234533077 1.2599210496246576

# Matrix 2505
1.2599210493477317 -0.6299605223981692 -0.6299605222654048
-0.6299605223981692 1.2599210476312401 -2.654921726907856e-9
-0.6299605222654048 -2.654921726907856e-9 1.2599210476829104

# Matrix 2506
1.2599210494741637 -0.6299605247251632 0.6299605246181051
-0.6299605247251632 1.2599210500942688 7.940518798044183e-10
0.6299605246181051 7.940518798044183e-10 1.2599210500503182

# Matrix 2507
1.2599210504533704 0.6299605250291961 0.6299605251843031
0.6299605250291961 1.2599210494967616 1.3645584662213921e-11
0.6299605251843031 1.3645584662213921e-11 1.2599210499640594

# Matrix 2508
1.259921048949302 0.6299605240476245 0.6299605241804909
0.6299605240476245 1.2599210499331763 -1.7779062111422578e-9
0.6299605241804909 -1.7779062111422578e-9 1.2599210500802585

# Matrix 2509
1.2599210498398046 -0.6299605249072093 0.6299605249117307
-0.6299605249072093 1.2599210498710618 -0.629960525099553
0.6299605249117307 -0.629960525099553 1.2599210500245421

# Matrix 2510
1.259921052655525 -0.6299605226539954 0.6299605224434687
-0.6299605226539954 1.2599210448482043 -8.933742634553763e-11
0.6299605224434687 -8.933742634553763e-11 1.259921044804569

# Matrix 2511
1.2599210498904068 0.6299605249449636 0.6299605249441856
0.6299605249449636 1.2599210498880227 -3.435585149702492e-13
0.6299605249441856 -3.435585149702492e-13 1.259921049900276

# Matrix 2512
1.2599210498300568 0.6299605247369908 -0.629960524752029
0.6299605247369908 1.2599210497892694 2.8472973978565867e-10
-0.629960524752029 2.8472973978565867e-10 1.2599210497355804

# Matrix 2513
1.2599210498933007 0.6299605249452049 0.6299605249446311
0.6299605249452049 1.2599210498957083 0.6299605249474525
0.6299605249446311 0.6299605249474525 1.2599210498922635

# Matrix 2514
1.2599210498956717 0.629960524947746 -0.6299605249474022
0.629960524947746 1.259921049894165 -9.274248036206265e-13
-0.6299605249474022 -9.274248036206265e-13 1.259921049894265

# Matrix 2515
1.259921051866427 -0.6299605227829073 -0.6299605228307917
-0.6299605227829073 1.259921045604081 3.28683080752503e-10
-0.6299605228307917 3.28683080752503e-10 1.2599210456295726

# Matrix 2516
1.2599210498955484 -0.6299605249472509 -0.6299605249472483
-0.6299605249472509 1.2599210498940085 4.901634653720038e-13
-0.6299605249472483 4.901634653720038e-13 1.2599210498940117

# Matrix 2517
1.259921053850483 0.6299605259708402 0.6299605254181463
0.6299605259708402 1.2599210483982963 0.6299605196923446
0.6299605254181463 0.6299605196923446 1.2599210449285208

# Matrix 2518
1.2599210489541686 0.6299605244056303 -0.6299605244279084
0.6299605244056303 1.2599210494660957 -2.2519883180471975e-9
-0.6299605244279084 -2.2519883180471975e-9 1.2599210486614851

# Matrix 2519
1.2599210499094222 -0.6299605249329289 -0.6299605249332033
-0.6299605249329289 1.2599210498631686 1.5487611193520864e-14
-0.6299605249332033 1.5487611193520864e-14 1.2599210498688471

# Matrix 2520
1.2599210498872804 0.6299605249097321 -0.6299605248544754
0.6299605249097321 1.259921049829818 -0.6299605248481941
-0.6299605248544754 -0.6299605248481941 1.2599210498142492

# Matrix 2521
1.2599210498976032 -0.629960524948709 0.6299605249487338
-0.629960524948709 1.2599210498955422 -0.6299605249516133
0.6299605249487338 -0.6299605249516133 1.2599210498959716

# Matrix 2522
1.2599210496533242 -0.6299605248002446 -0.6299605247360346
-0.6299605248002446 1.2599210498429956 -3.378334834103152e-10
-0.6299605247360346 -3.378334834103152e-10 1.2599210500159133

# Matrix 2523
1.2599210500670641 0.6299605243974583 0.6299605241226058
0.6299605243974583 1.259921049469158 -3.208440735313903e-10
0.6299605241226058 -3.208440735313903e-10 1.259921048471818

# Matrix 2524
1.2599210499107107 -0.6299605249455755 -0.6299605249345701
-0.6299605249455755 1.2599210498801001 1.2530754212036716e-11
-0.6299605249345701 1.2530754212036716e-11 1.2599210498605384

# Matrix 2525
1.2599210498957998 0.6299605249446235 0.6299605249445932
0.6299605249446235 1.2599210498906883 -6.128431095930868e-13
0.6299605249445932 -6.128431095930868e-13 1.2599210498906892

# Matrix 2526
1.259921049055581 0.6299605243821103 0.6299605243343445
0.6299605243821103 1.2599210502584535 0.6299605256026964
0.6299605243343445 0.6299605256026964 1.2599210500218128

# Matrix 2527
1.2599210507872138 -0.6299605234230707 -0.6299605237703966
-0.6299605234230707 1.259921047453714 -3.95385557627746e-10
-0.6299605237703966 -3.95385557627746e-10 1.2599210478079605

# Matrix 2528
1.2599210498172482 0.6299605248109732 0.6299605248124257
0.6299605248109732 1.259921049858104 -2.8077429270467927e-10
0.6299605248124257 -2.8077429270467927e-10 1.2599210498603597

# Matrix 2529
1.2599210498713973 0.6299605248984358 0.6299605249138206
0.6299605248984358 1.2599210498642488 -8.353290281704003e-11
0.6299605249138206 -8.353290281704003e-11 1.2599210499023314

# Matrix 2530
1.2599210498988997 -0.6299605249457495 0.6299605249429238
-0.6299605249457495 1.2599210498897906 -2.3863133691293195e-12
0.6299605249429238 -2.3863133691293195e-12 1.2599210498847297

# Matrix 2531
1.2599210498950155 0.6299605248578309 -0.6299605249111103
0.6299605248578309 1.2599210497759208 -0.6299605249754847
-0.6299605249111103 -0.6299605249754847 1.259921049948427

# Matrix 2532
1.2599210499052986 -0.6299605249357434 -0.6299605249367322
-0.6299605249357434 1.2599210498736455 -4.4538817078887114e-12
-0.6299605249367322 -4.4538817078887114e-12 1.2599210498753057

# Matrix 2533
1.2599210483621817 0.6299605234850044 0.6299605231463871
0.6299605234850044 1.259921048856219 0.6299605232068046
0.6299605231463871 0.6299605232068046 1.259921049130143

# Matrix 2534
1.2599210497874567 0.6299605243135399 0.6299605243547203
0.6299605243135399 1.2599210492850534 -7.736676299607857e-10
0.6299605243547203 -7.736676299607857e-10 1.2599210495282092

# Matrix 2535
1.2599210498463504 -0.6299605248752039 0.6299605249059369
-0.6299605248752039 1.2599210498680062 -0.629960524820038
0.6299605249059369 -0.629960524820038 1.2599210498095088

# Matrix 2536
1.2599210508285357 0.6299605252148788 -0.6299605249021828
0.6299605252148788 1.2599210500417266 -8.193513090226542e-10
-0.6299605249021828 -8.193513090226542e-10 1.2599210482531533

# Matrix 2537
1.2599210498993836 0.6299605249490318 -0.6299605249458359
0.6299605249490318 1.2599210498904756 -0.6299605249413551
-0.6299605249458359 -0.6299605249413551 1.2599210498907025

# Matrix 2538
1.259921049888718 0.6299605249390998 -0.629960524942514
0.6299605249390998 1.2599210498909819 1.278066541487994e-11
-0.629960524942514 1.278066541487994e-11 1.2599210498978128

# Matrix 2539
1.259921049653877 0.629960524014534 -0.6299605239976327
0.629960524014534 1.2599210490478547 -0.6299605240158428
-0.6299605239976327 -0.6299605240158428 1.2599210491066875

# Matrix 2540
1.259921049896618 -0.6299605249483066 0.6299605249483062
-0.6299605249483066 1.2599210498940283 -2.5074387011159015e-12
0.6299605249483062 -2.5074387011159015e-12 1.2599210498940392

# Matrix 2541
1.2599210487026096 -0.6299605243324446 -0.6299605243163898
-0.6299605243324446 1.2599210503502458 0.6299605257441315
-0.6299605243163898 0.6299605257441315 1.2599210503322014

# Matrix 2542
1.2599210498950317 0.6299605249473359 -0.6299605249474945
0.6299605249473359 1.2599210498943685 -7.208678098891093e-13
-0.6299605249474945 -7.208678098891093e-13 1.2599210498946285

# Matrix 2543
1.2599210499227165 0.629960524879526 0.629960524864899
0.629960524879526 1.2599210498035074 -4.8030801558240664e-11
0.629960524864899 -4.8030801558240664e-11 1.2599210497805375

# Matrix 2544
1.2599210498842541 -8.71234334676172e-12 0.6299605249359148
-8.71234334676172e-12 1.2599210498952544 0.6299605249425095
0.6299605249359148 0.6299605249425095 1.2599210498904587

# Matrix 2545
1.2599210500063782 0.6299605247362138 -0.6299605242166362
0.6299605247362138 1.2599210500992393 -0.6299605243090641
-0.6299605242166362 -0.6299605243090641 1.2599210485254049

# Matrix 2546
1.2599210494820234 -0.6299605239056257 -0.6299605244734386
-0.6299605239056257 1.2599210488641897 -7.181516492593537e-11
-0.6299605244734386 -7.181516492593537e-11 1.2599210495028215

# Matrix 2547
1.2599210501108815 0.6299605210346944 0.6299605205290957
0.6299605210346944 1.2599210461039176 -4.55013299260896e-9
0.6299605205290957 -4.55013299260896e-9 1.2599210453231287

# Matrix 2548
1.2599210498917455 0.6299605249453051 0.6299605249452668
0.6299605249453051 1.2599210498962212 -5.293820937168918e-12
0.6299605249452668 -5.293820937168918e-12 1.2599210498954894

# Matrix 2549
1.2599210498649303 -0.629960524920698 0.6299605249167715
-0.629960524920698 1.2599210498970506 5.5268789544981884e-11
0.6299605249167715 5.5268789544981884e-11 1.259921049892927

# Matrix 2550
1.2599210506297027 -0.6299605249814443 0.6299605246781353
-0.6299605249814443 1.2599210491211663 -0.6299605246757622
0.6299605246781353 -0.6299605246757622 1.259921049595772

# Matrix 2551
1.259921049907265 -0.6299605249164949 0.6299605249110498
-0.6299605249164949 1.2599210498543048 2.1005253092453984e-11
0.6299605249110498 2.1005253092453984e-11 1.2599210498431515

# Matrix 2552
1.2599210499309275 0.6299605248762961 0.6299605249436693
0.6299605248762961 1.2599210498018774 -1.6579965178564854e-10
0.6299605249436693 -1.6579965178564854e-10 1.2599210499504527

# Matrix 2553
1.259921049932668 0.6299605249239049 0.6299605249282235
0.6299605249239049 1.2599210498326439 1.5770940109405238e-11
0.6299605249282235 1.5770940109405238e-11 1.2599210498392022

# Matrix 2554
1.259921049863659 0.6299605246876028 -0.6299605246731912
0.6299605246876028 1.259921049663054 2.509974450504148e-10
-0.6299605246731912 2.509974450504148e-10 1.2599210496235376

# Matrix 2555
1.2599210465413826 0.6299605220974446 0.6299605225195181
0.6299605220974446 1.2599210488279142 -2.695100698168931e-9
0.6299605225195181 -2.695100698168931e-9 1.2599210501926728

# Matrix 2556
1.259921049722835 0.6299605244970408 0.6299605242181205
0.6299605244970408 1.2599210494164017 0.6299605245631805
0.6299605242181205 0.6299605245631805 1.2599210495027375

# Matrix 2557
1.2599210496646904 0.6299605243086706 -0.6299605238431452
0.6299605243086706 1.259921049697131 1.4058245123571463e-9
-0.6299605238431452 1.4058245123571463e-9 1.2599210490126653

# Matrix 2558
1.2599210499024731 0.6299605249511707 0.6299605249502257
0.6299605249511707 1.2599210498919946 0.6299605249421832
0.6299605249502257 0.6299605249421832 1.2599210498909987

# Matrix 2559
1.2599210482477576 0.6299605239939972 -0.6299605234493819
0.6299605239939972 1.259921050999844 -0.6299605238060024
-0.6299605234493819 -0.6299605238060024 1.2599210480417322

# Matrix 2560
1.2599210498970843 -0.6299605249391229 0.6299605249427624
-0.6299605249391229 1.2599210498790296 -0.6299605249387443
0.6299605249427624 -0.6299605249387443 1.2599210498940523

# Matrix 2561
1.259921049894354 0.6299605249435902 -0.6299605249436742
0.6299605249435902 1.25992104989619 -0.6299605249562211
-0.6299605249436742 -0.6299605249562211 1.2599210498948594

# Matrix 2562
1.2599210490134116 -0.6299605237662055 -0.6299605239996826
-0.6299605237662055 1.259921049537251 -1.7960656295557024e-9
-0.6299605239996826 -1.7960656295557024e-9 1.2599210497865077

# Matrix 2563
1.259921050008663 0.6299605249717437 0.629960524973305
0.6299605249717437 1.2599210498078315 1.3172546386996872e-10
0.629960524973305 1.3172546386996872e-10 1.2599210498092788

# Matrix 2564
1.25992104979885 -0.6299605236554771 0.6299605236491276
-0.6299605236554771 1.2599210489043096 2.0173048786986417e-9
0.6299605236491276 2.0173048786986417e-9 1.2599210489046457

# Matrix 2565
1.2599210481214258 -0.629960523162722 -0.6299605231174742
-0.629960523162722 1.259921049712592 -3.2622033963036946e-9
-0.6299605231174742 -3.2622033963036946e-9 1.259921049796984

# Matrix 2566
1.259921049723364 -0.6299605245918899 -0.6299605247021665
-0.6299605245918899 1.2599210499043367 -9.924348010059576e-10
-0.6299605247021665 -9.924348010059576e-10 1.2599210499746225

# Matrix 2567
1.259921049895283 0.6299605249475897 0.6299605249455137
0.6299605249475897 1.2599210499005242 -6.3347105339062424e-12
0.6299605249455137 -6.3347105339062424e-12 1.2599210498905389

# Matrix 2568
1.259921049911681 0.6299605249393829 0.6299605249393735
0.6299605249393829 1.2599210498700537 8.62943050350387e-12
0.6299605249393735 8.62943050350387e-12 1.2599210498700402

# Matrix 2569
1.259921049898139 -0.6299605249458591 -0.6299605249444534
-0.6299605249458591 1.259921049890709 1.043554131996398e-12
-0.6299605249444534 1.043554131996398e-12 1.2599210498879065

# Matrix 2570
1.2599210498853657 -8.436730480898508e-12 -0.6299605249383495
-8.436730480898508e-12 1.2599210498874767 -0.6299605249394664
-0.6299605249383495 -0.6299605249394664 1.2599210498947127

# Matrix 2571
1.2599210499929014 0.6299605249364906 0.629960524962617
0.6299605249364906 1.2599210500427651 0.6299605250238708
0.629960524962617 0.6299605250238708 1.259921049702732

# Matrix 2572
1.2599210498947067 -0.6299605249471719 0.6299605249472899
-0.6299605249471719 1.2599210498947127 3.5843550350022765e-13
0.6299605249472899 3.5843550350022765e-13 1.2599210498949462

# Matrix 2573
1.2599210456248033 0.6299605207224614 -0.6299605219869958
0.6299605207224614 1.2599210505355818 7.876399421569173e-9
-0.6299605219869958 7.876399421569173e-9 1.2599210506179694

# Matrix 2574
1.2599210499476972 -0.629960524844364 0.6299605248039659
-0.629960524844364 1.2599210499468916 -0.6299605247922344
0.6299605248039659 -0.6299605247922344 1.2599210495222006

# Matrix 2575
1.2599210518741577 -0.6299605258319804 0.629960525901438
-0.6299605258319804 1.2599210498021134 -0.6299605258274261
0.629960525901438 -0.6299605258274261 1.259921049820705

# Matrix 2576
1.2599210498950193 -0.6299605249466957 -0.6299605249473045
-0.6299605249466957 1.2599210498933993 0.6299605249467731
-0.6299605249473045 0.6299605249467731 1.2599210498951767

# Matrix 2577
1.2599210498871436 -0.62996052494344 0.6299605249434522
-0.62996052494344 1.2599210498988545 1.2445044994535723e-11
0.6299605249434522 1.2445044994535723e-11 1.2599210498988536

# Matrix 2578
1.2599210525073907 -0.629960522290199 -0.6299605220336923
-0.629960522290199 1.259921044829484 -2.1245893933041628e-10
-0.6299605220336923 -2.1245893933041628e-10 1.2599210441905693

# Matrix 2579
1.259921050138411 0.6299605238850312 0.6299605243004793
0.6299605238850312 1.2599210483792003 -6.18930851015159e-10
0.6299605243004793 -6.18930851015159e-10 1.2599210492192991

# Matrix 2580
1.2599210502358382 -0.6299605250169014 -0.6299605249441296
-0.6299605250169014 1.2599210496267337 3.219342015192663e-10
-0.6299605249441296 3.219342015192663e-10 1.2599210495819804

# Matrix 2581
1.2599210499716935 -0.6299605249767898 -0.6299605249771894
-0.6299605249767898 1.2599210498520563 9.038425563545595e-11
-0.6299605249771894 9.038425563545595e-11 1.2599210498538147

# Matrix 2582
1.2599210511767325 0.6299605249197214 0.6299605252562783
0.6299605249197214 1.2599210489238566 0.6299605252504356
0.6299605252562783 0.6299605252504356 1.2599210499734474

# Matrix 2583
1.2599210478179288 0.629960523343436 -0.6299605221995839
0.629960523343436 1.2599210492123147 -0.6299605258676082
-0.6299605221995839 -0.6299605258676082 1.259921050366588

# Matrix 2584
1.259921049336212 -0.6299605242151085 -0.6299605238916806
-0.6299605242151085 1.2599210494825028 -1.381341041550869e-9
-0.6299605238916806 -1.381341041550869e-9 1.2599210495889066

# Matrix 2585
1.2599210502669749 0.6299605249381781 -0.629960524565238
0.6299605249381781 1.2599210498688143 -0.6299605251742632
-0.629960524565238 -0.6299605251742632 1.2599210494390765

# Matrix 2586
1.2599210531114369 0.6299605258077368 0.6299605258081653
0.6299605258077368 1.2599210482223022 2.0603123651596657e-9
0.6299605258081653 2.0603123651596657e-9 1.2599210481998564

# Matrix 2587
1.2599210498976348 2.276651089871957e-13 -0.6299605249486362
2.276651089871957e-13 1.259921049892042 0.6299605249458242
-0.6299605249486362 0.6299605249458242 1.2599210498946267

# Matrix 2588
1.2599210498924869 0.6299605249436521 0.6299605249429411
0.6299605249436521 1.2599210498966695 0.6299605249450528
0.6299605249429411 0.6299605249450528 1.2599210498883542

# Matrix 2589
1.2599210526836566 -0.6299605245326583 -0.629960524764167
-0.6299605245326583 1.25992104666576 2.5203993891942257e-9
-0.629960524764167 2.5203993891942257e-9 1.2599210469279454

# Matrix 2590
1.2599210469178825 -0.6299605233827851 -0.629960523078264
-0.6299605233827851 1.2599210496162745 2.073266003321819e-10
-0.629960523078264 2.073266003321819e-10 1.2599210494261428

# Matrix 2591
1.2599210498506 0.629960524806136 0.6299605247364886
0.629960524806136 1.2599210497258837 -2.6385005291729065e-10
0.6299605247364886 -2.6385005291729065e-10 1.2599210498291291

# Matrix 2592
1.259921049902643 -0.6299605249470527 0.6299605249473125
-0.6299605249470527 1.2599210498846387 -6.917966199892984e-12
0.6299605249473125 -6.917966199892984e-12 1.2599210498894584

# Matrix 2593
1.2599210498740105 0.6299605249139953 -0.6299605249282166
0.6299605249139953 1.259921049886131 4.190847668894558e-11
-0.6299605249282166 4.190847668894558e-11 1.259921049889156

# Matrix 2594
1.259921049894899 0.6299605249474232 0.6299605249466678
0.6299605249474232 1.2599210498950137 -3.9590553058133133e-13
0.6299605249466678 -3.9590553058133133e-13 1.2599210498939193

# Matrix 2595
1.2599210499099702 -0.6299605249216564 -0.6299605249272346
-0.6299605249216564 1.2599210498529823 -1.076455591331181e-11
-0.6299605249272346 -1.076455591331181e-11 1.2599210498625013

# Matrix 2596
1.259921049893715 0.6299605249446699 -0.6299605249457386
0.6299605249446699 1.259921049893717 3.2995828291859616e-12
-0.6299605249457386 3.2995828291859616e-12 1.2599210498938205

# Matrix 2597
1.2599210494906958 -0.629960524650859 0.6299605246721003
-0.629960524650859 1.2599210501343814 1.0981817677446828e-9
0.6299605246721003 1.0981817677446828e-9 1.2599210501638374

# Matrix 2598
1.259921049979445 0.6299605249262914 -0.6299605248640026
0.6299605249262914 1.259921049882757 -0.6299605247714094
-0.6299605248640026 -0.6299605247714094 1.2599210496353463

# Matrix 2599
1.2599210434033783 -0.629960520490039 -0.629960520947732
-0.629960520490039 1.259921051016727 0.6299605275661131
-0.629960520947732 0.6299605275661131 1.2599210513722308

# Matrix 2600
1.2599210498948896 -0.6299605249474276 -0.629960524947433
-0.6299605249474276 1.2599210498948532 -1.5654144647214496e-14
-0.629960524947433 -1.5654144647214496e-14 1.2599210498948648

# Matrix 2601
1.2599210498984257 -0.6299605249486322 0.629960524948611
-0.6299605249486322 1.2599210498922164 -5.8136828684496015e-12
0.629960524948611 -5.8136828684496015e-12 1.2599210498920776

# Matrix 2602
1.2599210499064364 -0.6299605249505098 0.629960524950293
-0.6299605249505098 1.2599210498863647 -1.4253487279347505e-11
0.629960524950293 -1.4253487279347505e-11 1.2599210498863678

# Matrix 2603
1.259921050297967 -0.6299605250992787 0.6299605248714161
-0.6299605250992787 1.2599210498614128 -3.871132303601123e-10
0.6299605248714161 -3.871132303601123e-10 1.2599210492338953

# Matrix 2604
1.2599210499629245 0.6299605248728096 0.6299605248246001
0.6299605248728096 1.2599210497697433 -3.0497160352638126e-11
0.6299605248246001 -3.0497160352638126e-11 1.259921049686315

# Matrix 2605
1.2599210498947224 3.376743329397409e-13 0.6299605249471789
3.376743329397409e-13 1.2599210498934599 -0.6299605249465162
0.6299605249471789 -0.6299605249465162 1.259921049895037

# Matrix 2606
1.259921049689732 0.6299605248050034 0.629960524784941
0.6299605248050034 1.2599210499146754 -2.1838453267974712e-10
0.629960524784941 -2.1838453267974712e-10 1.2599210498876103

# Matrix 2607
1.2599210496338513 0.6299605225484226 0.6299605224610705
0.6299605225484226 1.2599210478432412 -2.9091714037754354e-9
0.6299605224610705 -2.9091714037754354e-9 1.259921047720142

# Matrix 2608
1.2599210496760056 0.6299605247089146 0.6299605247895484
0.6299605247089146 1.2599210496231161 1.0553702356475065e-10
0.6299605247895484 1.0553702356475065e-10 1.2599210498595486

# Matrix 2609
1.25992104824774 0.6299605236429209 0.6299605228970995
0.6299605236429209 1.2599210506818637 -3.0152599306276833e-9
0.6299605228970995 -3.0152599306276833e-9 1.2599210488410961

# Matrix 2610
1.2599210486984347 0.6299605232380775 -0.6299605232725854
0.6299605232380775 1.2599210493298652 2.7374991162787356e-9
-0.6299605232725854 2.7374991162787356e-9 1.2599210493678517

# Matrix 2611
1.25992104980844 -0.6299605248861823 -0.6299605248837722
-0.6299605248861823 1.259921049925279 -1.623891021651503e-10
-0.6299605248837722 -1.623891021651503e-10 1.2599210499214124

# Matrix 2612
1.2599210496456212 0.6299605248043854 0.6299605248126637
0.6299605248043854 1.2599210499909093 -3.560901018495625e-10
0.6299605248126637 -3.560901018495625e-10 1.2599210499981341

# Matrix 2613
1.2599210498467697 0.6299605209399587 0.6299605228791212
0.6299605209399587 1.259921046984318 -3.0878930523669826e-9
0.6299605228791212 -3.0878930523669826e-9 1.2599210468271036

# Matrix 2614
1.2599210500637865 -0.6299605239896721 0.6299605247765678
-0.6299605239896721 1.2599210483921897 4.429073219292003e-10
0.6299605247765678 4.429073219292003e-10 1.259921049962766

# Matrix 2615
1.259921047082215 0.6299605208406015 -0.6299605208967275
0.6299605208406015 1.2599210479475484 5.104445643944089e-9
-0.6299605208967275 5.104445643944089e-9 1.259921048118647

# Matrix 2616
1.2599210507719176 -0.6299605237232206 0.6299605237126771
-0.6299605237232206 1.2599210476706095 2.439425328404322e-10
0.6299605237126771 2.439425328404322e-10 1.2599210478337386

# Matrix 2617
1.2599210499875646 -0.6299605247462909 -0.6299605249759112
-0.6299605247462909 1.2599210495659834 3.9073211333118397e-10
-0.6299605249759112 3.9073211333118397e-10 1.2599210496094584

# Matrix 2618
1.2599210498960927 0.6299605249476022 0.6299605249474315
0.6299605249476022 1.259921049893194 0.6299605249458323
0.6299605249474315 0.6299605249458323 1.2599210498943703

# Matrix 2619
1.2599210506643006 0.6299605240875421 -0.6299605245265898
0.6299605240875421 1.259921048050742 1.1309020386818162e-10
-0.6299605245265898 1.1309020386818162e-10 1.2599210490808397

# Matrix 2620
1.2599210498981421 -0.6299605249407219 -0.629960524946673
-0.6299605249407219 1.2599210498876734 -8.832934383917667e-13
-0.629960524946673 -8.832934383917667e-13 1.259921049888332

# Matrix 2621
1.2599210499204025 0.6299605248931066 -0.6299605249138548
0.6299605248931066 1.2599210498062112 2.0037305148434935e-11
-0.6299605249138548 2.0037305148434935e-11 1.2599210498456384

# Matrix 2622
1.259921049896372 0.6299605249259848 -0.6299605249170637
0.6299605249259848 1.259921049876894 2.6044055800866633e-11
-0.6299605249170637 2.6044055800866633e-11 1.2599210498591171

# Matrix 2623
1.2599210497399622 -0.6299605248037145 0.6299605248335934
-0.6299605248037145 1.2599210498925797 2.8541863317243807e-10
0.6299605248335934 2.8541863317243807e-10 1.2599210499505729

# Matrix 2624
1.2599210498900715 0.6299605249405908 0.629960524937948
0.6299605249405908 1.2599210498951507 -1.1522005571862366e-11
0.629960524937948 -1.1522005571862366e-11 1.2599210498868998

# Matrix 2625
1.2599210499123568 0.6299605249187064 0.6299605249231571
0.6299605249187064 1.259921049846949 -2.6057489499464817e-12
0.6299605249231571 -2.6057489499464817e-12 1.2599210498505435

# Matrix 2626
1.2599210498809177 -0.6299605249356641 0.6299605249382059
-0.6299605249356641 1.2599210498949056 -0.6299605249586748
0.6299605249382059 -0.6299605249586748 1.2599210499022861

# Matrix 2627
1.2599210505282197 0.6299605249959829 0.6299605247221451
0.6299605249959829 1.259921049257555 -4.182219570658611e-10
0.6299605247221451 -4.182219570658611e-10 1.2599210497308837

# Matrix 2628
1.2599210498787545 0.6299605248411523 0.6299605247081278
0.6299605248411523 1.2599210499242286 -2.5048557672491106e-10
0.6299605247081278 -2.5048557672491106e-10 1.259921049593209

# Matrix 2629
1.2599210491903645 0.6299605242283722 0.6299605240498883
0.6299605242283722 1.259921050131751 -2.2099128083041707e-9
0.6299605240498883 -2.2099128083041707e-9 1.259921049915132

# Matrix 2630
1.2599210498914895 -0.6299605249452248 0.6299605249452238
-0.6299605249452248 1.259921049895821 4.950817533710917e-12
0.6299605249452238 4.950817533710917e-12 1.2599210498958382

# Matrix 2631
1.2599210454445018 0.6299605219104665 0.6299605213607018
0.6299605219104665 1.2599210499182916 -3.1306243153394426e-9
0.6299605213607018 -3.1306243153394426e-9 1.2599210490607597

# Matrix 2632
1.2599210498963433 -0.629960524947664 0.6299605249463837
-0.629960524947664 1.259921049896745 -0.6299605249486153
0.6299605249463837 -0.6299605249486153 1.2599210498917663

# Matrix 2633
1.259921050978678 -0.6299605254192304 0.6299605250659441
-0.6299605254192304 1.259921048978547 -0.629960523660696
0.6299605250659441 -0.629960523660696 1.2599210492631014

# Matrix 2634
1.2599210498907336 -0.6299605249246774 -0.6299605249246268
-0.6299605249246774 1.259921049876247 -2.6894375615427215e-11
-0.6299605249246268 -2.6894375615427215e-11 1.25992104987619

# Matrix 2635
1.2599210518011448 0.62996052384109 0.6299605249902512
0.62996052384109 1.2599210468395323 -1.8624269904065247e-9
0.6299605249902512 -1.8624269904065247e-9 1.2599210502320937

# Matrix 2636
1.2599210500669156 0.6299605227426465 -0.6299605227747996
0.6299605227426465 1.259921047497822 1.9566179787488987e-9
-0.6299605227747996 1.9566179787488987e-9 1.2599210475303773

# Matrix 2637
1.2599210505663827 -0.629960525031904 0.6299605249023196
-0.629960525031904 1.259921050025164 6.506261085448104e-10
0.6299605249023196 6.506261085448104e-10 1.2599210493554545

# Matrix 2638
1.2599210498947553 -0.6299605249469707 0.6299605249472181
-0.6299605249469707 1.2599210498943847 4.316547119742582e-13
0.6299605249472181 4.316547119742582e-13 1.259921049894894

# Matrix 2639
1.2599210504558018 0.6299605249688323 -0.6299605248810564
0.6299605249688323 1.2599210507866907 -2.386683961574939e-9
-0.6299605248810564 -2.386683961574939e-9 1.2599210466040485

# Matrix 2640
1.2599210499131657 0.6299605249449495 0.6299605249537955
0.6299605249449495 1.259921049881209 0.6299605249216165
0.6299605249537955 0.6299605249216165 1.2599210498756126

# Matrix 2641
1.2599210498780837 0.6299605248774979 0.6299605249024662
0.6299605248774979 1.2599210498265985 -7.136702340204725e-11
0.6299605249024662 -7.136702340204725e-11 1.2599210498798998

# Matrix 2642
1.2599210499006626 -0.6299605249484705 0.629960524948341
-0.6299605249484705 1.2599210498891125 -7.04253322325595e-12
0.629960524948341 -7.04253322325595e-12 1.2599210498908038

# Matrix 2643
1.2599210487288153 -0.6299605242926517 0.6299605242996583
-0.6299605242926517 1.2599210503301175 -0.6299605256084073
0.6299605242996583 -0.6299605256084073 1.2599210501979587

# Matrix 2644
1.2599210499135955 0.6299605249468064 -0.6299605249518517
0.6299605249468064 1.259921049876808 -2.0865142946746583e-11
-0.6299605249518517 -2.0865142946746583e-11 1.2599210498791118

# Matrix 2645
1.259921049828019 -0.6299605243838963 -0.6299605240524041
-0.6299605243838963 1.2599210497611157 -7.654542555357572e-10
-0.6299605240524041 -7.654542555357572e-10 1.259921048683309

# Matrix 2646
1.2599210493864017 0.6299605243960921 0.6299605244678704
0.6299605243960921 1.2599210498412443 -1.0568533270749403e-9
0.6299605244678704 -1.0568533270749403e-9 1.2599210499564857

# Matrix 2647
1.2599210498947953 -0.6299605249473264 -0.6299605249473124
-0.6299605249473264 1.2599210498946674 3.8474778918384477e-13
-0.6299605249473124 3.8474778918384477e-13 1.2599210498946134

# Matrix 2648
1.2599210499781575 -0.6299605249684855 -0.6299605249524304
-0.6299605249684855 1.2599210499047608 0.6299605249679809
-0.6299605249524304 0.6299605249679809 1.2599210498327595

# Matrix 2649
1.259921050459132 -0.6299605246011172 -0.6299605246229066
-0.6299605246011172 1.2599210489925479 1.957803918983799e-10
-0.6299605246229066 1.957803918983799e-10 1.2599210490198673

# Matrix 2650
1.2599210498928115 0.6299605249436356 0.6299605249425767
0.6299605249436356 1.259921049893648 -6.402878227618235e-12
0.6299605249425767 -6.402878227618235e-12 1.2599210498915683

# Matrix 2651
1.259921049977353 0.6299605249010773 -0.6299605248070996
0.6299605249010773 1.2599210495911541 -0.6299605245531549
-0.6299605248070996 -0.6299605245531549 1.2599210497287936

# Matrix 2652
1.259921049682094 -0.6299605247949898 -0.6299605248147586
-0.6299605247949898 1.2599210498776667 -3.1829211488698826e-10
-0.6299605248147586 -3.1829211488698826e-10 1.2599210500278137

# Matrix 2653
1.2599210497746365 0.6299605248601339 0.6299605248739736
0.6299605248601339 1.2599210499143427 -1.6418755244274125e-10
0.6299605248739736 -1.6418755244274125e-10 1.259921049930823

# Matrix 2654
1.2599210494479083 -0.6299605242959666 -0.6299605244859542
-0.6299605242959666 1.2599210498138131 -6.982904809937868e-10
-0.6299605244859542 -6.982904809937868e-10 1.2599210495534772

# Matrix 2655
1.2599210498647244 -9.047651516880247e-12 -0.6299605249270713
-9.047651516880247e-12 1.259921049865838 -0.6299605249275524
-0.6299605249270713 -0.6299605249275524 1.2599210499035352

# Matrix 2656
1.2599210498959743 -0.6299605249472353 -0.6299605249474837
-0.6299605249472353 1.259921049893702 1.0483836021535252e-12
-0.6299605249474837 1.0483836021535252e-12 1.2599210498936715

# Matrix 2657
1.2599210499197266 -0.6299605248962495 -0.6299605249050592
-0.6299605248962495 1.259921049823481 -2.000971610627282e-11
-0.6299605249050592 -2.000971610627282e-11 1.2599210498217146

# Matrix 2658
1.2599210498943003 0.6299605249470007 -0.629960524946933
0.6299605249470007 1.2599210498950002 1.0416112417033152e-12
-0.629960524946933 1.0416112417033152e-12 1.2599210498949518

# Matrix 2659
1.2599210498954116 -0.6299605249465187 0.6299605249469058
-0.6299605249465187 1.2599210498931777 1.0447198661722757e-13
0.6299605249469058 1.0447198661722757e-13 1.2599210498939888

# Matrix 2660
1.2599210508307495 0.6299605243369517 0.6299605248760765
0.6299605243369517 1.2599210484231127 -7.338235574749818e-11
0.6299605248760765 -7.338235574749818e-11 1.2599210492585935

# Matrix 2661
1.2599210498909659 -0.629960524938127 -0.6299605249428935
-0.629960524938127 1.2599210498931293 -2.3828661266378478e-11
-0.6299605249428935 -2.3828661266378478e-11 1.2599210498992426

# Matrix 2662
1.2599210495296829 0.6299605246448828 -0.6299605247080494
0.6299605246448828 1.2599210499592461 6.470018409920844e-10
-0.6299605247080494 6.470018409920844e-10 1.2599210500261673

# Matrix 2663
1.259921049878563 0.6299605249218767 -0.6299605249152372
0.6299605249218767 1.2599210498948192 6.003836316992342e-11
-0.6299605249152372 6.003836316992342e-11 1.2599210498796873

# Matrix 2664
1.2599210496742477 0.6299605243904975 0.6299605244511467
0.6299605243904975 1.2599210495885762 -8.30141344554394e-10
0.6299605244511467 -8.30141344554394e-10 1.2599210496444597

# Matrix 2665
1.259921044786524 0.6299605188902253 0.6299605191892453
0.6299605188902253 1.2599210481112293 -8.804790452288175e-9
0.6299605191892453 -8.804790452288175e-9 1.2599210486056398

# Matrix 2666
1.2599210499526612 -0.6299605246218627 0.6299605248086781
-0.6299605246218627 1.2599210489340014 -0.6299605247866891
0.6299605248086781 -0.6299605247866891 1.259921050381237

# Matrix 2667
1.2599210498941888 -0.629960524945126 0.6299605249460823
-0.629960524945126 1.2599210498937 2.6577073874989193e-12
0.6299605249460823 2.6577073874989193e-12 1.2599210498938442

# Matrix 2668
1.2599210504779168 -0.6299605240463496 -0.6299605241877616
-0.6299605240463496 1.2599210486949568 -8.40566283244461e-10
-0.6299605241877616 -8.40566283244461e-10 1.2599210486634265

# Matrix 2669
1.259921048219129 0.6299605225559192 -0.6299605223622257
0.6299605225559192 1.2599210498556925 6.267619812039242e-9
-0.6299605223622257 6.267619812039242e-9 1.259921049711155

# Matrix 2670
1.2599210491245507 0.6299605198182239 -0.6299605223439709
0.6299605198182239 1.259921046254984 3.904554291000966e-9
-0.6299605223439709 3.904554291000966e-9 1.2599210468546571

# Matrix 2671
1.2599210498724407 -0.6299605249316806 -0.6299605248884634
-0.6299605249316806 1.2599210498822204 -5.962719207275303e-11
-0.6299605248884634 -5.962719207275303e-11 1.2599210498775484

# Matrix 2672
1.2599210511195618 -0.6299605235998513 0.6299605236876634
-0.6299605235998513 1.2599210472978903 9.373457565686716e-11
0.6299605236876634 9.373457565686716e-11 1.2599210474449496

# Matrix 2673
1.2599210498970883 -0.6299605249460482 -0.62996052494619
-0.6299605249460482 1.2599210498914426 2.109978858300109e-13
-0.62996052494619 2.109978858300109e-13 1.2599210498916964

# Matrix 2674
1.2599210501215694 -0.6299605246935017 0.6299605248000606
-0.6299605246935017 1.2599210491571244 -0.6299605243305053
0.6299605248000606 -0.6299605243305053 1.2599210497270976

# Matrix 2675
1.2599210512711463 0.6299605183656684 -0.6299605204670861
0.6299605183656684 1.259921040880648 3.9879347601967544e-9
-0.6299605204670861 3.9879347601967544e-9 1.259921044983199

# Matrix 2676
1.2599210506331033 0.6299605244957145 0.6299605244243166
0.6299605244957145 1.259921048895257 -2.8679852936974534e-10
0.6299605244243166 -2.8679852936974534e-10 1.2599210488015922

# Matrix 2677
1.2599210498810596 -0.629960524936539 -0.629960524936833
-0.629960524936539 1.2599210498972606 -2.42578734876986e-11
-0.629960524936833 -2.42578734876986e-11 1.2599210498984075

# Matrix 2678
1.2599210498874174 0.6299605249431561 -0.6299605249429664
0.6299605249431561 1.2599210498977185 1.0505984970876585e-11
-0.6299605249429664 1.0505984970876585e-11 1.259921049897306

# Matrix 2679
1.2599210498945315 -0.6299605249470015 0.629960524946999
-0.6299605249470015 1.2599210498948292 -0.6299605249475008
0.629960524946999 -0.6299605249475008 1.2599210498947195

# Matrix 2680
1.2599210517675825 -0.6299605218501294 0.6299605227112722
-0.6299605218501294 1.2599210449110978 1.342759348155199e-9
0.6299605227112722 1.342759348155199e-9 1.25992104616558

# Matrix 2681
1.2599210513340764 0.6299605220649369 0.6299605240793059
0.6299605220649369 1.2599210464856248 -4.2518877307883406e-11
0.6299605240793059 -4.2518877307883406e-11 1.2599210464126895

# Matrix 2682
1.259921050834762 -0.6299605242849748 -0.6299605250017666
-0.6299605242849748 1.2599210479389513 6.488484749489444e-10
-0.6299605250017666 6.488484749489444e-10 1.2599210493542017

# Matrix 2683
1.259921050160394 0.6299605245863756 -0.6299605246914077
0.6299605245863756 1.2599210496947955 9.367201458942922e-10
-0.6299605246914077 9.367201458942922e-10 1.2599210495426172

# Matrix 2684
1.2599210493331874 -0.6299605246343227 -0.6299605245036178
-0.6299605246343227 1.2599210500195546 0.6299605246380436
-0.6299605245036178 0.6299605246380436 1.2599210496209936

# Matrix 2685
1.259921049799974 0.629960524867017 -0.6299605248485871
0.629960524867017 1.2599210498469031 -0.6299605249609341
-0.6299605248485871 -0.6299605249609341 1.259921049927228

# Matrix 2686
1.25992104989711 0.6299605249484368 0.6299605249468988
0.6299605249484368 1.2599210498931719 0.629960524944622
0.6299605249468988 0.629960524944622 1.2599210498927695

# Matrix 2687
1.2599210498945195 0.629960524946407 -0.6299605249465587
0.629960524946407 1.2599210498938733 2.9504176879413363e-13
-0.6299605249465587 2.9504176879413363e-13 1.2599210498939977

# Matrix 2688
1.2599210491141613 -0.6299605236478647 -0.6299605234809416
-0.6299605236478647 1.259921049559493 -2.449129288262207e-9
-0.6299605234809416 -2.449129288262207e-9 1.259921049215866

# Matrix 2689
1.2599210502834637 0.6299605244847594 0.6299605248532297
0.6299605244847594 1.2599210492290727 2.566685752825043e-11
0.6299605248532297 2.566685752825043e-11 1.2599210492829296

# Matrix 2690
1.259921050603402 -0.6299605228117426 0.629960523857078
-0.6299605228117426 1.2599210490513437 2.3257868408954723e-9
0.629960523857078 2.3257868408954723e-9 1.2599210470428186

# Matrix 2691
1.2599210501093552 0.629960524592405 -0.6299605246002418
0.629960524592405 1.2599210493126105 1.2713613495307553e-10
-0.6299605246002418 1.2713613495307553e-10 1.2599210493396156

# Matrix 2692
1.2599210503268001 0.6299605250538487 0.6299605249093061
0.6299605250538487 1.2599210495668725 0.6299605249087685
0.6299605249093061 0.6299605249087685 1.259921049810689

# Matrix 2693
1.2599210498886078 -0.6299605249435728 -0.6299605249416489
-0.6299605249435728 1.259921049898019 -1.4431122963287701e-11
-0.6299605249416489 -1.4431122963287701e-11 1.2599210498968334

# Matrix 2694
1.2599210499024875 0.6299605249063839 -0.6299605249292779
0.6299605249063839 1.2599210498282996 7.953304681507229e-12
-0.6299605249292779 7.953304681507229e-12 1.259921049877648

# Matrix 2695
1.259921050607214 -0.6299605250547654 0.6299605243604601
-0.6299605250547654 1.259921048996982 -0.6299605245996914
0.6299605243604601 -0.6299605245996914 1.2599210495288282

# Matrix 2696
1.2599210498955096 0.6299605249476529 0.6299605249477365
0.6299605249476529 1.2599210498949691 0.6299605249481757
0.6299605249477365 0.6299605249481757 1.2599210498949776

# Matrix 2697
1.259921050188406 -0.6299605244836497 -0.6299605244611481
-0.6299605244836497 1.2599210491620425 -1.7436252441882444e-10
-0.6299605244611481 -1.7436252441882444e-10 1.2599210490858013

# Matrix 2698
1.259921051175082 0.6299605244404252 0.6299605253201777
0.6299605244404252 1.259921049451094 0.6299605244625204
0.6299605253201777 0.6299605244625204 1.2599210486456527

# Matrix 2699
1.2599210498998594 0.6299605249451888 0.6299605249459914
0.6299605249451888 1.2599210498871107 3.9281911057287176e-12
0.6299605249459914 3.9281911057287176e-12 1.2599210498884446

# Matrix 2700
1.2599210471554962 -0.6299605232925239 -0.6299605232131039
-0.6299605232925239 1.2599210510004082 -4.431652433911613e-9
-0.6299605232131039 -4.431652433911613e-9 1.259921050877282

# Matrix 2701
1.259921049873986 0.629960524935845 -0.6299605249358665
0.629960524935845 1.2599210499027955 2.8592517242742148e-11
-0.6299605249358665 2.8592517242742148e-11 1.25992104990298

# Matrix 2702
1.2599210501576463 1.6277557843280546e-9 0.6299605241997469
1.6277557843280546e-9 1.2599210492292423 -0.6299605237411714
0.6299605241997469 -0.6299605237411714 1.2599210490569395

# Matrix 2703
1.2599210500114812 0.6299605250015388 -0.6299605250006329
0.6299605250015388 1.2599210499077367 -0.6299605249585608
-0.6299605250006329 -0.6299605249585608 1.25992104984435

# Matrix 2704
1.2599210499214448 -0.6299605248667681 0.6299605249116536
-0.6299605248667681 1.2599210497750648 4.2016390366938585e-13
0.6299605249116536 4.2016390366938585e-13 1.2599210498242643

# Matrix 2705
1.2599210498934343 0.6299605249442176 0.6299605249448366
0.6299605249442176 1.2599210498925435 -3.5952352206436634e-12
0.6299605249448366 -3.5952352206436634e-12 1.2599210498937592

# Matrix 2706
1.259921049894773 0.6299605249473302 -0.6299605249473804
0.6299605249473302 1.2599210498949016 -0.6299605249474992
-0.6299605249473804 -0.6299605249474992 1.259921049894878

# Matrix 2707
1.25992104982607 0.6299605247246401 0.6299605246879585
0.6299605247246401 1.2599210496917748 -3.1519609144936665e-10
0.6299605246879585 -3.1519609144936665e-10 1.2599210497568074

# Matrix 2708
1.2599210499121969 -0.6299605248386274 -0.629960524942612
-0.6299605248386274 1.2599210497340843 9.107825604814742e-12
-0.629960524942612 9.107825604814742e-12 1.25992104987498

# Matrix 2709
1.2599210499053917 -8.683144481214094e-12 -0.6299605249353011
-8.683144481214094e-12 1.2599210498659839 -0.629960524926359
-0.6299605249353011 -0.629960524926359 1.2599210498797797

# Matrix 2710
1.2599210498950613 -0.6299605249466246 0.6299605249471149
-0.6299605249466246 1.2599210498935765 3.1619151741324186e-13
0.6299605249471149 3.1619151741324186e-13 1.2599210498946183

# Matrix 2711
1.2599210493938375 0.6299605244422728 -0.6299605245607807
0.6299605244422728 1.2599210499281186 -0.6299605247861062
-0.6299605245607807 -0.6299605247861062 1.2599210496605633

# Matrix 2712
1.25992104989489 -0.6299605249473649 -0.6299605249474326
-0.6299605249473649 1.2599210498947375 0.6299605249473723
-0.6299605249474326 0.6299605249473723 1.2599210498948987

# Matrix 2713
1.2599210498953033 0.6299605249466007 0.629960524947204
0.6299605249466007 1.2599210498936855 0.62996052494627
0.629960524947204 0.62996052494627 1.259921049894141

# Matrix 2714
1.2599210502717795 0.6299605242916366 0.6299605244022425
0.6299605242916366 1.2599210487852124 -8.173073329231793e-12
0.6299605244022425 -8.173073329231793e-12 1.2599210489061157

# Matrix 2715
1.2599210508212535 0.6299605237457351 -0.6299605223083156
0.6299605237457351 1.2599210465653066 2.6476709713563103e-10
-0.6299605223083156 2.6476709713563103e-10 1.2599210470446809

# Matrix 2716
1.2599210498851703 0.6299605248965654 -0.6299605249048694
0.6299605248965654 1.2599210498564202 5.4658333414891916e-11
-0.6299605249048694 5.4658333414891916e-11 1.2599210498581175

# Matrix 2717
1.259921049884547 0.6299605249399491 0.6299605249391429
0.6299605249399491 1.259921049887622 0.6299605249494256
0.6299605249391429 0.6299605249494256 1.2599210499032554

# Matrix 2718
1.2599210498806779 0.6299605249328785 0.6299605249290319
0.6299605249328785 1.2599210498933586 -2.948519206569224e-11
0.6299605249290319 -2.948519206569224e-11 1.2599210498910214

# Matrix 2719
1.2599210499859164 0.6299605248938888 0.6299605248753655
0.6299605248938888 1.2599210497572861 2.809441568274441e-11
0.6299605248753655 2.809441568274441e-11 1.2599210497248476

# Matrix 2720
1.2599210491043786 0.6299605237912947 0.6299605241990145
0.6299605237912947 1.2599210494329651 -1.6468308383643556e-9
0.6299605241990145 -1.6468308383643556e-9 1.2599210499692426

# Matrix 2721
1.2599210499422087 -0.6299605249173202 -0.6299605249136866
-0.6299605249173202 1.2599210497617799 1.9631557490740136e-10
-0.6299605249136866 1.9631557490740136e-10 1.2599210497488202

# Matrix 2722
1.259921049953254 -0.6299605248940463 0.6299605248984101
-0.6299605248940463 1.2599210497807536 -7.881695296418877e-12
0.6299605248984101 -7.881695296418877e-12 1.2599210497893414

# Matrix 2723
1.2599210499250317 -0.6299605248990425 -0.6299605249085354
-0.6299605248990425 1.2599210498111122 -1.2751855127390824e-11
-0.6299605249085354 -1.2751855127390824e-11 1.2599210498305302

# Matrix 2724
1.2599210498972475 0.6299605249425116 -0.6299605249341428
0.6299605249425116 1.2599210498770232 -0.6299605249342527
-0.6299605249341428 -0.6299605249342527 1.259921049889414

# Matrix 2725
1.2599210497362918 0.629960524193604 0.629960524686116
0.629960524193604 1.2599210497073599 -9.923555865931684e-10
0.629960524686116 -9.923555865931684e-10 1.2599210496018611

# Matrix 2726
1.2599210498946856 -0.6299605249473011 -0.6299605249472402
-0.6299605249473011 1.259921049894582 6.679656827657216e-13
-0.6299605249472402 6.679656827657216e-13 1.2599210498945264

# Matrix 2727
1.259921050659793 -0.6299605248099573 0.629960524678523
-0.6299605248099573 1.2599210487100558 -0.6299605246796101
0.629960524678523 -0.6299605246796101 1.2599210498652909

# Matrix 2728
1.2599210497997892 0.6299605248940807 0.6299605248926832
0.6299605248940807 1.259921049900553 0.6299605249200743
0.6299605248926832 0.6299605249200743 1.2599210498939628

# Matrix 2729
1.2599210498953028 -0.6299605249472782 -0.6299605249474268
-0.6299605249472782 1.2599210498943993 3.5704772471944787e-13
-0.6299605249474268 3.5704772471944787e-13 1.2599210498943116

# Matrix 2730
1.2599210498021989 -0.6299605247687442 -0.6299605247584122
-0.6299605247687442 1.2599210497877429 -2.2205504102146441e-10
-0.6299605247584122 -2.2205504102146441e-10 1.2599210497833169

# Matrix 2731
1.259921050012145 -0.6299605248750209 -0.6299605249150865
-0.6299605248750209 1.259921049709663 6.686246001308385e-11
-0.6299605249150865 6.686246001308385e-11 1.2599210497394586

# Matrix 2732
1.2599210500161895 0.6299605248518196 -0.6299605248254418
0.6299605248518196 1.2599210496917872 -1.7461032619791897e-11
-0.6299605248254418 -1.7461032619791897e-11 1.2599210496344144

# Matrix 2733
1.259921049894872 -0.6299605249474344 0.6299605249474346
-0.6299605249474344 1.2599210498948707 1.8873791418627724e-15
0.6299605249474346 1.8873791418627724e-15 1.259921049894873

# Matrix 2734
1.2599210499966187 0.6299605249800504 -0.6299605248582831
0.6299605249800504 1.2599210498504099 -0.6299605248422708
-0.6299605248582831 -0.6299605248422708 1.2599210497297872

# Matrix 2735
1.2599210498559337 5.33052874304873e-10 0.6299605246488069
5.33052874304873e-10 1.259921049874879 -0.6299605246613845
0.6299605246488069 -0.6299605246613845 1.2599210496209183

# Matrix 2736
1.259921049771739 -0.6299605229100879 -0.6299605245009536
-0.6299605229100879 1.2599210487240076 0.6299605231052419
-0.6299605245009536 0.6299605231052419 1.2599210483048555

# Matrix 2737
1.2599210501459135 -0.6299605242013808 0.6299605244330414
-0.6299605242013808 1.259921048625737 2.0249579790743246e-11
0.6299605244330414 2.0249579790743246e-11 1.259921049162187

# Matrix 2738
1.2599210491032746 -0.6299605243823846 -0.6299605243380512
-0.6299605243823846 1.2599210501259168 -1.3334580661883457e-9
-0.6299605243380512 -1.3334580661883457e-9 1.2599210500423497

# Matrix 2739
1.2599210499522595 0.6299605246369641 0.6299605246451135
0.6299605246369641 1.2599210495308706 -2.485393557627429e-10
0.6299605246451135 -2.485393557627429e-10 1.259921049530993

# Matrix 2740
1.259921049995375 0.6299605248868325 -0.6299605248667141
0.6299605248868325 1.2599210497439646 -3.120453895277802e-11
-0.6299605248667141 -3.120453895277802e-11 1.2599210497025413

# Matrix 2741
1.259921049937163 0.6299605246650736 0.6299605242342617
0.6299605246650736 1.2599210494636557 6.311395850389124e-12
0.6299605242342617 6.311395850389124e-12 1.2599210489381127

# Matrix 2742
1.2599210499055367 0.6299605249140984 0.6299605249286471
0.6299605249140984 1.259921049846101 -1.956745876441322e-11
0.6299605249286471 -1.956745876441322e-11 1.2599210498729685

# Matrix 2743
1.2599210499024354 -0.6299605249473349 0.629960524947321
-0.6299605249473349 1.2599210498872797 -7.200573470811288e-12
0.629960524947321 -7.200573470811288e-12 1.2599210498872933

# Matrix 2744
1.2599210498367115 0.6299605248898481 -0.6299605248909729
0.6299605248898481 1.259921049891654 1.0544842776738451e-10
-0.6299605248909729 1.0544842776738451e-10 1.2599210498938707

# Matrix 2745
1.2599210499353535 -0.6299605249112046 0.6299605248812702
-0.6299605249112046 1.259921049820846 7.98278110281099e-12
0.6299605248812702 7.98278110281099e-12 1.2599210497837174

# Matrix 2746
1.2599210499246005 -0.6299605248948208 -0.6299605249329268
-0.6299605248948208 1.2599210498371347 -3.337047305151891e-11
-0.6299605249329268 -3.337047305151891e-11 1.259921049845721

# Matrix 2747
1.259921049491823 -0.6299605245580785 0.6299605242482679
-0.6299605245580785 1.259921050077271 6.997377122175282e-10
0.6299605242482679 6.997377122175282e-10 1.2599210492649988

# Matrix 2748
1.25992104990743 -0.6299605248905659 -0.6299605249215052
-0.6299605248905659 1.259921049805532 0.6299605248879688
-0.6299605249215052 0.6299605248879688 1.2599210498768112

# Matrix 2749
1.2599210505523617 0.6299605209351034 -0.6299605240066649
0.6299605209351034 1.259921043685182 1.859201570475476e-9
-0.6299605240066649 1.859201570475476e-9 1.259921049863241

# Matrix 2750
1.2599210498119098 -0.6299605248993859 -0.6299605248991393
-0.6299605248993859 1.2599210499302662 -1.324667042723594e-10
-0.6299605248991393 -1.324667042723594e-10 1.2599210499299454

# Matrix 2751
1.259921050022312 0.6299605249038545 0.6299605249334114
0.6299605249038545 1.2599210497636406 -2.013117450516682e-11
0.6299605249334114 -2.013117450516682e-11 1.2599210497927982

# Matrix 2752
1.2599210498953834 -0.6299605249467718 -0.6299605249461612
-0.6299605249467718 1.2599210498950175 0.6299605249457457
-0.6299605249461612 0.6299605249457457 1.2599210498917979

# Matrix 2753
1.2599210498976676 0.6299605249484153 0.6299605249485285
0.6299605249484153 1.2599210498930415 3.885558541583109e-12
0.6299605249485285 3.885558541583109e-12 1.2599210498931492

# Matrix 2754
1.2599210498950746 0.6299605249467752 0.6299605249474672
0.6299605249467752 1.259921049893667 -8.548717289613691e-14
0.6299605249474672 -8.548717289613691e-14 1.2599210498950268

# Matrix 2755
1.2599210499250086 0.629960524954315 0.6299605249550922
0.629960524954315 1.259921049874478 2.86871637555919e-11
0.6299605249550922 2.86871637555919e-11 1.2599210498753417

# Matrix 2756
1.259921055864621 -0.6299605265210665 -0.629960526296648
-0.6299605265210665 1.259921045570375 7.446834426882871e-9
-0.629960526296648 7.446834426882871e-9 1.2599210451922733

# Matrix 2757
1.2599210474973703 0.6299605231736545 0.6299605219915321
0.6299605231736545 1.259921049613327 0.6299605226279982
0.6299605219915321 0.6299605226279982 1.259921047874505

# Matrix 2758
1.2599210512574828 0.6299605221044234 -0.6299605249683731
0.6299605221044234 1.2599210466368242 4.181615220755044e-9
-0.6299605249683731 4.181615220755044e-9 1.2599210503610838

# Matrix 2759
1.2599210495845485 0.6299605246986715 0.6299605247742507
0.6299605246986715 1.2599210497806996 -2.3503382573508836e-10
0.6299605247742507 -2.3503382573508836e-10 1.2599210500169007

# Matrix 2760
1.2599210498988536 0.6299605249433666 0.6299605249488172
0.6299605249433666 1.259921049887122 1.4521717162097048e-13
0.6299605249488172 1.4521717162097048e-13 1.2599210498936346

# Matrix 2761
1.2599210517524682 0.6299605258056048 -0.6299605236272597
0.6299605258056048 1.2599210501334934 -2.0190039640155425e-9
-0.6299605236272597 -2.0190039640155425e-9 1.2599210452174456

# Matrix 2762
1.2599210498950797 0.6299605249471877 0.629960524947425
0.6299605249471877 1.259921049894155 2.5329738306822613e-13
0.629960524947425 2.5329738306822613e-13 1.2599210498948

# Matrix 2763
1.2599210501263993 -0.6299605249906387 0.629960525037256
-0.6299605249906387 1.2599210496775592 -0.6299605246358623
0.629960525037256 -0.6299605246358623 1.2599210497616258

# Matrix 2764
1.259921049428787 -0.6299605221945068 0.6299605221521165
-0.6299605221945068 1.2599210495435373 5.6867768272184234e-9
0.6299605221521165 5.6867768272184234e-9 1.2599210472611755

# Matrix 2765
1.2599210498985318 -0.6299605249430424 0.6299605249450958
-0.6299605249430424 1.2599210498857576 -1.2451151221171035e-13
0.6299605249450958 -1.2451151221171035e-13 1.2599210498900475

# Matrix 2766
1.259921048727883 0.6299605238659666 -0.6299605213520355
0.6299605238659666 1.2599210501575118 1.90264543009631e-9
-0.6299605213520355 1.90264543009631e-9 1.259921046220824

# Matrix 2767
1.2599210496264976 -2.9016809788284755e-11 0.6299605244619577
-2.9016809788284755e-11 1.259921048613896 -0.6299605242435676
0.6299605244619577 -0.6299605242435676 1.2599210498530313

# Matrix 2768
1.2599210499185725 -0.629960524917106 -0.6299605249404131
-0.629960524917106 1.2599210498615225 -6.096495530627542e-11
-0.6299605249404131 -6.096495530627542e-11 1.2599210498874627

# Matrix 2769
1.259921049888823 -0.6299605249405615 0.6299605249403377
-0.6299605249405615 1.259921049890711 4.102329587141195e-12
0.6299605249403377 4.102329587141195e-12 1.2599210498912052

# Matrix 2770
1.2599210498948061 0.6299605249472138 0.6299605249473118
0.6299605249472138 1.2599210498947573 -2.479128013987972e-13
0.6299605249473118 -2.479128013987972e-13 1.2599210498947806

# Matrix 2771
1.2599210498982116 0.6299605249458261 -0.6299605249457418
0.6299605249458261 1.2599210498909315 1.3796186415504423e-12
-0.6299605249457418 1.3796186415504423e-12 1.2599210498908764

# Matrix 2772
1.2599210512028811 -0.6299605236377234 0.6299605237288927
-0.6299605236377234 1.259921047324099 -4.1298020558854443e-11
0.6299605237288927 -4.1298020558854443e-11 1.2599210473230953

# Matrix 2773
1.2599210487184924 -0.6299605242864804 0.6299605239973048
-0.6299605242864804 1.2599210501343379 -0.6299605252836284
0.6299605239973048 -0.6299605252836284 1.2599210499818583

# Matrix 2774
1.259921049892027 -0.6299605249456571 0.6299605249456564
-0.6299605249456571 1.2599210498957492 4.0785153032629185e-12
0.6299605249456564 4.0785153032629185e-12 1.2599210498957651

# Matrix 2775
1.2599210499306996 0.6299605248935963 0.629960524902614
0.6299605248935963 1.259921049730585 0.6299605248949874
0.629960524902614 0.6299605248949874 1.2599210499225932

# Matrix 2776
1.2599210497817543 -0.6299605247880264 0.6299605247732301
-0.6299605247880264 1.2599210498403595 2.8000052276766377e-10
0.6299605247732301 2.8000052276766377e-10 1.259921049842057

# Matrix 2777
1.2599210497377296 0.6299605245821236 0.6299605247940404
0.6299605245821236 1.2599210495209268 -1.4223028310667063e-10
0.6299605247940404 -1.4223028310667063e-10 1.2599210498815525

# Matrix 2778
1.2599210499555966 0.629960524923328 0.6299605248540837
0.629960524923328 1.2599210499114835 -3.3460678672270024e-11
0.6299605248540837 -3.3460678672270024e-11 1.2599210496629902

# Matrix 2779
1.259921049982188 -0.6299605249030589 -0.6299605248965967
-0.6299605249030589 1.2599210497677507 4.180017443289257e-11
-0.6299605248965967 4.180017443289257e-11 1.2599210497507518

# Matrix 2780
1.2599210498404574 -0.6299605249136689 0.6299605248359192
-0.6299605249136689 1.259921049845479 3.333422426976523e-11
0.6299605248359192 3.333422426976523e-11 1.259921049845331

# Matrix 2781
1.2599210498489264 -0.6299605248576853 0.6299605245976555
-0.6299605248576853 1.2599210497805673 5.811440217939786e-11
0.6299605245976555 5.811440217939786e-11 1.259921049523141

# Matrix 2782
1.2599210498957867 -0.6299605249464165 0.6299605249469258
-0.6299605249464165 1.2599210498926068 -2.2210011607625986e-13
0.6299605249469258 -2.2210011607625986e-13 1.2599210498937323

# Matrix 2783
1.2599210498959525 0.6299605249465282 -0.629960524946517
0.6299605249465282 1.2599210498928977 -2.420286193682843e-13
-0.629960524946517 -2.420286193682843e-13 1.2599210498928108

# Matrix 2784
1.2599210514470478 0.6299605247376617 0.629960524577725
0.6299605247376617 1.2599210482836087 1.2262923454464688e-9
0.629960524577725 1.2262923454464688e-9 1.2599210478463947

# Matrix 2785
1.2599210498980271 0.6299605249458564 -0.6299605249488458
0.6299605249458564 1.259921049890165 -0.6299605249434738
-0.6299605249488458 -0.6299605249434738 1.2599210498936713

# Matrix 2786
1.259921042886628 0.6299605200666457 -0.6299605209442558
0.6299605200666457 1.2599210529426155 1.1321111770268212e-8
-0.6299605209442558 1.1321111770268212e-8 1.2599210518935702

# Matrix 2787
1.2599210504151555 -0.6299605250367223 -0.629960525054143
-0.6299605250367223 1.2599210494198432 7.384699518553377e-10
-0.629960525054143 7.384699518553377e-10 1.2599210494452031

# Matrix 2788
1.2599210499002589 0.6299605249495548 -0.6299605249431596
0.6299605249495548 1.2599210498777642 -0.6299605249519398
-0.6299605249431596 -0.6299605249519398 1.259921049908159

# Matrix 2789
1.2599210499993485 -0.6299605248989909 0.6299605248759779
-0.6299605248989909 1.259921049785831 -2.173927704518504e-12
0.6299605248759779 -2.173927704518504e-12 1.259921049703293

# Matrix 2790
1.259921050336851 0.6299605246844813 -0.6299605248648867
0.6299605246844813 1.2599210491032935 -4.797789388000243e-10
-0.6299605248648867 -4.797789388000243e-10 1.259921049316623

# Matrix 2791
1.2599210504101148 -0.6299605239051094 -0.6299605239484507
-0.6299605239051094 1.2599210469759097 0.6299605228760763
-0.6299605239484507 0.6299605228760763 1.259921049556813

# Matrix 2792
1.2599210498949578 -0.629960524940647 -0.6299605249403671
-0.629960524940647 1.2599210498915074 -8.317679878189128e-12
-0.6299605249403671 -8.317679878189128e-12 1.2599210498851923

# Matrix 2793
1.2599210498924398 0.6299605249035986 0.6299605249166981
0.6299605249035986 1.2599210498441682 -4.043160251043766e-11
0.6299605249166981 -4.043160251043766e-11 1.259921049876342

# Matrix 2794
1.2599210506574352 0.6299605234742368 0.629960523335728
0.6299605234742368 1.2599210477033393 -9.14616216096668e-10
0.629960523335728 -9.14616216096668e-10 1.259921047566191

# Matrix 2795
1.2599210486522274 0.629960524161227 0.6299605241675283
0.629960524161227 1.2599210501441425 -9.521461952211002e-10
0.6299605241675283 -9.521461952211002e-10 1.2599210498490718

# Matrix 2796
1.2599210481563565 0.629960523354582 0.6299605239219764
0.629960523354582 1.2599210495145403 0.629960523992373
0.6299605239219764 0.629960523992373 1.2599210496314706

# Matrix 2797
1.2599210508032122 -0.6299605241607327 -0.6299605240764037
-0.6299605241607327 1.2599210482320886 8.535694373534795e-11
-0.6299605240764037 8.535694373534795e-11 1.2599210480793188

# Matrix 2798
1.2599210499005296 -0.6299605249486289 -0.6299605249437638
-0.6299605249486289 1.2599210498889015 3.223699085452836e-12
-0.6299605249437638 3.223699085452836e-12 1.2599210498878466

# Matrix 2799
1.2599210498062858 0.6299605248682192 -0.6299605248698612
0.6299605248682192 1.259921049972101 -0.6299605250373731
-0.6299605248698612 -0.6299605250373731 1.2599210498616618

# Matrix 2800
1.2599210490428803 0.6299605242524101 0.629960524244325
0.6299605242524101 1.2599210500980367 -1.786145509274919e-9
0.629960524244325 -1.786145509274919e-9 1.25992105015428

# Matrix 2801
1.2599210497519189 -0.6299605240925777 0.62996052431444
-0.6299605240925777 1.2599210501224172 -0.6299605242334003
0.62996052431444 -0.6299605242334003 1.2599210483423557

# Matrix 2802
1.2599210498994822 0.6299605249477737 0.6299605249476258
0.6299605249477737 1.2599210498907911 4.71794825429581e-12
0.6299605249476258 4.71794825429581e-12 1.2599210498903661

# Matrix 2803
1.2599210498463356 0.6299605249221875 0.6299605249215974
0.6299605249221875 1.2599210499212121 -8.319372968301673e-11
0.6299605249215974 -8.319372968301673e-11 1.259921049920596

# Matrix 2804
1.259921049486475 -0.6299605242586607 0.6299605243122137
-0.6299605242586607 1.2599210496516926 -4.404956399639583e-10
0.6299605243122137 -4.404956399639583e-10 1.2599210486235892

# Matrix 2805
1.2599210498952667 -0.6299605249475412 -0.6299605249470378
-0.6299605249475412 1.2599210498948008 2.370881269087007e-13
-0.6299605249470378 2.370881269087007e-13 1.2599210498938709

# Matrix 2806
1.2599210498615654 0.6299605248982525 -0.629960524923472
0.6299605248982525 1.2599210498455449 -0.6299605248771722
-0.629960524923472 -0.6299605248771722 1.2599210498819005

# Matrix 2807
1.2599210499040405 0.629960524899359 -0.6299605248434174
0.629960524899359 1.2599210498233318 -0.6299605248558068
-0.6299605248434174 -0.6299605248558068 1.2599210497947628

# Matrix 2808
1.2599210498951119 -0.629960524946828 -0.6299605249473563
-0.629960524946828 1.259921049894458 0.6299605249466529
-0.6299605249473563 0.6299605249466529 1.2599210498940678

# Matrix 2809
1.2599210498957125 -0.6299605249463557 0.6299605249477127
-0.6299605249463557 1.2599210498930393 4.904410211281649e-13
0.6299605249477127 4.904410211281649e-13 1.2599210498948419

# Matrix 2810
1.2599210499575217 -0.6299605249361665 -0.6299605249036575
-0.6299605249361665 1.2599210498229945 2.8775704041805852e-11
-0.6299605249036575 2.8775704041805852e-11 1.259921049790638

# Matrix 2811
1.2599210505524863 -0.6299605243481706 0.6299605242885278
-0.6299605243481706 1.2599210485795862 -1.07085340594893e-10
0.6299605242885278 -1.07085340594893e-10 1.2599210485843861

# Matrix 2812
1.2599210498908198 0.6299605249329233 -0.62996052492297
0.6299605249329233 1.2599210498888496 2.1934287719460473e-11
-0.62996052492297 2.1934287719460473e-11 1.2599210498689508

